1791519821 gw-search-role-w2 27206687 2487484416 421944546 11628209908
1791519826 gw-search-role-w2 27213611 2487640064 421944691 11628211766
1791519831 gw-search-role-w2 27265314 2220351488 421944859 11628213606
1791519836 gw-search-role-w2 27269707 2220355584 421945027 11628215441
1791519842 gw-search-role-w2 27270665 2220355584 421945182 11628217291
1791519847 gw-search-role-w2 27271661 2220355584 421945431 11628219041
1791519852 gw-search-role-w2 27276090 2220363776 421945688 11628220790
1791519857 gw-search-role-w2 27276993 2220363776 421945888 11628222599
1791519862 gw-search-role-w2 27278060 2220363776 421946023 11628224467
1791519867 gw-search-role-w2 27278514 2220363776 421946173 11628226320
1791519872 gw-search-role-w2 27279904 2220363776 421946322 11628228172
1791519877 gw-search-role-w2 27282050 2220355584 421946456 11628230035
1791519882 gw-search-role-w2 27288463 2220355584 421946629 11628231870
1791519887 gw-search-role-w2 27293325 2220355584 421946952 11628233549
1791519892 gw-search-role-w2 27294389 2220355584 421947198 11628235297
1791519898 gw-search-role-w2 27297765 2220355584 421947381 11628237125
1791519903 gw-search-role-w2 27300488 2220355584 421947665 11628238835
1791519908 gw-search-role-w2 27301651 2220355584 421947893 11628240615
1791519913 gw-search-role-w2 27302625 2220355584 421948084 11628242432
1791519918 gw-search-role-w2 28258217 2091728896 421948347 11628244178
1791519923 gw-search-role-w2 28258796 2091728896 421948526 11628246015
1791519928 gw-search-role-w2 29314927 2004426752 421948919 11628247633
1791519933 gw-search-role-w2 29318468 2004434944 421949142 11628249420
1791519938 gw-search-role-w2 29319614 2004434944 421949308 11628251256
1791519944 gw-search-role-w2 29326469 2004430848 421949466 11628253101
1791519949 gw-search-role-w2 29327396 2004430848 421949605 11628254969
1791519954 gw-search-role-w2 29328274 2004430848 421949787 11628256785
1791519959 gw-search-role-w2 29329490 2004430848 421949934 11628258639
1791519964 gw-search-role-w2 29330600 2004430848 421950164 11628260417
1791519969 gw-search-role-w2 29331469 2004430848 421950504 11628262074
1791519974 gw-search-role-w2 29332288 2004430848 421950802 11628263778
1791519979 gw-search-role-w2 29333143 2004430848 421951066 11628265514
1791519984 gw-search-role-w2 29334189 2004430848 421951237 11628267348
1791519989 gw-search-role-w2 29334789 2004430848 421951475 11628269113
1791519994 gw-search-role-w2 29337070 2004430848 421951650 11628270944
1791520000 gw-search-role-w2 29338069 2004430848 421951801 11628272799
1791520005 gw-search-role-w2 30007039 2020401152 421952071 11628274531
1791520010 gw-search-role-w2 36558928 2067603456 421953017 11628275600
1791520015 gw-search-role-w2 42763110 2109071360 421953910 11628276715
1791520020 gw-search-role-w2 48305974 2122510336 421954732 11628277896
1791520025 gw-search-role-w2 54753920 2157322240 421955660 11628278987
1791520030 gw-search-role-w2 60582084 2194071552 421956622 11628280032
1791520035 gw-search-role-w2 66015165 2205970432 421957448 11628281221
1791520040 gw-search-role-w2 71923304 2213908480 421958301 11628282374
1791520046 gw-search-role-w2 74055579 2223550464 421958838 11628283833
1791520051 gw-search-role-w2 74094530 2223542272 421959010 11628285667
1791520056 gw-search-role-w2 74099996 2223542272 421959262 11628287418
1791520061 gw-search-role-w2 74100525 2223542272 421959625 11628289056
1791520066 gw-search-role-w2 74101142 2223542272 421959895 11628290788
1791520071 gw-search-role-w2 74101882 2223542272 421960116 11628292569
1791520076 gw-search-role-w2 74102853 2223538176 421960445 11628294241
1791520081 gw-search-role-w2 74103760 2223538176 421960712 11628295982
1791520086 gw-search-role-w2 74105037 2223538176 421960956 11628297743
1791520091 gw-search-role-w2 74105694 2223534080 421961113 11628299593
1791520097 gw-search-role-w2 74107076 2223534080 421961262 11628301446
1791520102 gw-search-role-w2 74107547 2223534080 421961505 11628303199
1791520107 gw-search-role-w2 74108590 2223534080 421961663 11628305049
1791520112 gw-search-role-w2 74121506 2223534080 421961838 11628306888
1791520117 gw-search-role-w2 75392260 2035286016 421962112 11628308609
1791520122 gw-search-role-w2 75392535 2035286016 421962267 11628310458
1791520127 gw-search-role-w2 75393141 2035286016 421962439 11628312294
1791520132 gw-search-role-w2 75396955 2035376128 421962651 11628314083
1791520137 gw-search-role-w2 75398922 2035286016 421962999 11628315744
1791520142 gw-search-role-w2 75399679 2035286016 421963287 11628317455
1791520147 gw-search-role-w2 75400026 2035286016 421963482 11628319260
1791520153 gw-search-role-w2 75400739 2035286016 421963756 11628320988
1791520158 gw-search-role-w2 75401127 2035286016 421963922 11628322829
1791520163 gw-search-role-w2 75401756 2035286016 421964075 11628324677
1791520168 gw-search-role-w2 75402172 2035286016 421964226 11628326520
1791520173 gw-search-role-w2 75403123 2035286016 421964393 11628328359
1791520178 gw-search-role-w2 75405480 2035286016 421964723 11628330036
1791520183 gw-search-role-w2 75406014 2035286016 421964924 11628331838
1791520188 gw-search-role-w2 75406594 2035286016 421965076 11628333690
1791520193 gw-search-role-w2 75407000 2035286016 421965292 11628335476
1791520198 gw-search-role-w2 75407524 2035286016 421965688 11628337081
1791520204 gw-search-role-w2 75408238 2035286016 421965969 11628338807
1791520209 gw-search-role-w2 75408850 2035286016 421966217 11628340558
1791520214 gw-search-role-w2 75409330 2035286016 421966602 11628342178
1791520219 gw-search-role-w2 75409875 2035286016 421966856 11628343933
1791520224 gw-search-role-w2 75410265 2035286016 421967145 11628345652
1791520229 gw-search-role-w2 75410857 2035286016 421967297 11628347508
1791520234 gw-search-role-w2 75412459 2035286016 421967445 11628349372
1791520239 gw-search-role-w2 75413124 2035286016 421967614 11628351210
1791520244 gw-search-role-w2 75413719 2035286016 421967838 11628352995
1791520249 gw-search-role-w2 75414132 2035286016 421968094 11628354737
1791520255 gw-search-role-w2 75414701 2035286016 421968273 11628356561
1791520260 gw-search-role-w2 75415091 2035286016 421968534 11628358303
1791520265 gw-search-role-w2 75415927 2035286016 421968812 11628360029
1791520270 gw-search-role-w2 75416317 2035286016 421968980 11628361860
1791520275 gw-search-role-w2 75416913 2035286016 421969202 11628363641
1791520280 gw-search-role-w2 75417274 2035286016 421969380 11628365463
1791520285 gw-search-role-w2 75418046 2035286016 421969531 11628367316
1791520290 gw-search-role-w2 75418464 2035286016 421969677 11628369177
1791520295 gw-search-role-w2 75422958 2035286016 421969845 11628371010
1791520300 gw-search-role-w2 75423996 2035286016 421970019 11628372845
1791520305 gw-search-role-w2 80801278 2619211776 421970683 11628374178
1791520311 gw-search-role-w2 88450870 2744209408 421971678 11628375193
1791520316 gw-search-role-w2 88986829 2645385216 421971932 11628376944
1791520321 gw-search-role-w2 89034305 2400837632 421972175 11628378707
1791520326 gw-search-role-w2 89034920 2400837632 421972321 11628380567
1791520331 gw-search-role-w2 89035476 2400837632 421972483 11628382412
1791520336 gw-search-role-w2 89035779 2400837632 421972619 11628384282
1791520341 gw-search-role-w2 89036344 2400837632 421972862 11628386037
1791520346 gw-search-role-w2 89036818 2400837632 421973106 11628387816
1791520351 gw-search-role-w2 89037161 2400837632 421973253 11628389673
1791520356 gw-search-role-w2 89040091 2400837632 421973400 11628391525
1791520362 gw-search-role-w2 89040535 2400837632 421973833 11628393096
1791520367 gw-search-role-w2 89041011 2400837632 421974184 11628394753
1791520372 gw-search-role-w2 89041318 2400833536 421974536 11628396409
1791520377 gw-search-role-w2 89041974 2400833536 421974908 11628398043
1791520382 gw-search-role-w2 89042601 2400833536 421975253 11628399701
1791520387 gw-search-role-w2 89043178 2400833536 421975584 11628401370
1791520392 gw-search-role-w2 89043510 2400833536 421975725 11628403233
1791520397 gw-search-role-w2 89044010 2400833536 421975969 11628404985
1791520402 gw-search-role-w2 91075172 2402107392 421976423 11628406531
1791520407 gw-search-role-w2 96762578 2403999744 421977213 11628407753
1791520413 gw-search-role-w2 101559984 2405122048 421977838 11628409141
1791520418 gw-search-role-w2 106276569 2404212736 421978452 11628410528
1791520423 gw-search-role-w2 110962556 2405896192 421979088 11628411918
1791520428 gw-search-role-w2 115998860 2405167104 421979734 11628413274
1791520433 gw-search-role-w2 120728520 2417573888 421980382 11628414639
1791520438 gw-search-role-w2 126039517 2418225152 421981084 11628415952
1791520443 gw-search-role-w2 130590524 2417475584 421981716 11628417321
1791520448 gw-search-role-w2 136565531 2419220480 421982539 11628418505
1791520454 gw-search-role-w2 142695453 2419433472 421983475 11628419590
1791520459 gw-search-role-w2 146006010 2417971200 421984194 11628420873
1791520464 gw-search-role-w2 149207275 2418053120 421984747 11628422326
1791520469 gw-search-role-w2 149232978 2418020352 421985033 11628424048
1791520474 gw-search-role-w2 149235013 2418020352 421985207 11628425881
1791520479 gw-search-role-w2 149235658 2418020352 421985334 11628427754
1791520484 gw-search-role-w2 149236076 2418020352 421985524 11628429564
1791520489 gw-search-role-w2 149236683 2418020352 421985954 11628431136
1791520494 gw-search-role-w2 149236980 2418020352 421986224 11628432873
1791520499 gw-search-role-w2 149237466 2418020352 421986400 11628434703
1791520504 gw-search-role-w2 149238160 2418020352 421986662 11628436450
1791520510 gw-search-role-w2 149238637 2418020352 421986835 11628438275
1791520515 gw-search-role-w2 149239218 2418020352 421987092 11628440019
1791520520 gw-search-role-w2 149239646 2418020352 421987429 11628441686
1791520525 gw-search-role-w2 149240214 2418020352 421987644 11628443472
1791520530 gw-search-role-w2 149240581 2418016256 421987913 11628445203
1791520535 gw-search-role-w2 149242053 2418016256 421988200 11628446922
1791520540 gw-search-role-w2 149242385 2418016256 421988361 11628448757
1791520545 gw-search-role-w2 149242857 2418016256 421988487 11628450636
1791520550 gw-search-role-w2 149243272 2418016256 421988653 11628452474
1791520555 gw-search-role-w2 149243843 2418016256 421988803 11628454324
1791520561 gw-search-role-w2 149246368 2418016256 421988934 11628456195
1791520566 gw-search-role-w2 149248138 2418016256 421989094 11628458037
1791520571 gw-search-role-w2 149248689 2418016256 421989336 11628459791
1791520576 gw-search-role-w2 149249326 2418016256 421989566 11628461566
1791520581 gw-search-role-w2 149249923 2418016256 421989807 11628463324
1791520586 gw-search-role-w2 149250587 2418016256 421990053 11628465079
1791520591 gw-search-role-w2 149256955 2418016256 421990321 11628466810
1791520596 gw-search-role-w2 149261465 2418016256 421990524 11628468616
1791520601 gw-search-role-w2 149262158 2418016256 421990824 11628470323
1791520606 gw-search-role-w2 149262681 2418016256 421990970 11628472190
1791520612 gw-search-role-w2 149263545 2418016256 421991185 11628473980
1791520617 gw-search-role-w2 149263979 2418016256 421991342 11628475822
1791520622 gw-search-role-w2 149264650 2418016256 421991560 11628477607
1791520627 gw-search-role-w2 149265289 2418016256 421991909 11628479276
1791520632 gw-search-role-w2 149265810 2418016256 421992089 11628481100
1791520637 gw-search-role-w2 149269828 2418016256 421992256 11628482939
1791520642 gw-search-role-w2 149270245 2418016256 421992466 11628484731
1791520647 gw-search-role-w2 149270866 2418016256 421992725 11628486467
1791520652 gw-search-role-w2 149271443 2418016256 421992879 11628488315
1791520657 gw-search-role-w2 149273985 2418016256 421993017 11628490180
1791520662 gw-search-role-w2 149274347 2418016256 421993169 11628492028
1791520668 gw-search-role-w2 149274844 2418016256 421993516 11628493678
1791520673 gw-search-role-w2 149275471 2418016256 421993712 11628495489
1791520678 gw-search-role-w2 149275844 2418016256 421993948 11628497256
1791520683 gw-search-role-w2 149281051 2418016256 421994321 11628498880
1791520688 gw-search-role-w2 155448486 2417516544 421995127 11628500078
1791520693 gw-search-role-w2 160348758 2417311744 421995755 11628501460
1791520698 gw-search-role-w2 164927372 2417934336 421996372 11628502847
1791520703 gw-search-role-w2 169734952 2420252672 421997020 11628504211
1791520708 gw-search-role-w2 175181011 2418745344 421997683 11628505551
1791520713 gw-search-role-w2 178827742 2420359168 421998202 11628507036
1791520719 gw-search-role-w2 185206734 2423451648 421999010 11628508233
1791520724 gw-search-role-w2 190960996 2422185984 421999815 11628509434
1791520729 gw-search-role-w2 194632191 2422394880 422000425 11628510825
1791520734 gw-search-role-w2 199001471 2420457472 422001063 11628512194
1791520739 gw-search-role-w2 203310019 2424758272 422001792 11628513468
1791520744 gw-search-role-w2 208514341 2424836096 422002509 11628514748
1791520749 gw-search-role-w2 208547996 2424811520 422002646 11628516612
1791520754 gw-search-role-w2 208557076 2424807424 422002821 11628518436
1791520759 gw-search-role-w2 208558075 2424807424 422003014 11628520239
1791520764 gw-search-role-w2 208558532 2424807424 422003216 11628522041
1791520770 gw-search-role-w2 208560529 2424807424 422003385 11628523872
1791520775 gw-search-role-w2 208565525 2424807424 422003647 11628525605
1791520780 gw-search-role-w2 208566115 2424807424 422003799 11628527456
1791520785 gw-search-role-w2 208566499 2424807424 422004086 11628529177
1791520790 gw-search-role-w2 208567043 2424807424 422004355 11628530908
1791520795 gw-search-role-w2 208567524 2424807424 422004571 11628532710
1791520800 gw-search-role-w2 208567877 2424807424 422004797 11628534492
1791520805 gw-search-role-w2 208568713 2424803328 422004972 11628536325
1791520810 gw-search-role-w2 208569075 2424803328 422005185 11628538111
1791520815 gw-search-role-w2 208569622 2424803328 422005338 11628539962
1791520821 gw-search-role-w2 208569976 2424803328 422005705 11628541593
1791520826 gw-search-role-w2 208570485 2424803328 422005963 11628543336
1791520831 gw-search-role-w2 208570876 2424803328 422006283 11628545027
1791520836 gw-search-role-w2 208576780 2424807424 422006413 11628546893
1791520841 gw-search-role-w2 208577121 2424807424 422006822 11628548487
1791520846 gw-search-role-w2 208577582 2424807424 422007116 11628550195
1791520851 gw-search-role-w2 208578157 2424807424 422007426 11628551886
1791520856 gw-search-role-w2 208578492 2424807424 422007598 11628553714
1791520861 gw-search-role-w2 208578998 2424807424 422007738 11628555580
1791520866 gw-search-role-w2 208579613 2424807424 422008007 11628557317
1791520871 gw-search-role-w2 208580109 2424807424 422008181 11628559149
1791520877 gw-search-role-w2 208580488 2424807424 422008404 11628560925
1791520882 gw-search-role-w2 208581102 2424807424 422008563 11628562778
1791520887 gw-search-role-w2 208581395 2424807424 422008839 11628564501
1791520892 gw-search-role-w2 208582103 2424807424 422009003 11628566344
1791520897 gw-search-role-w2 208583502 2424807424 422009264 11628568081
1791520902 gw-search-role-w2 208584001 2424807424 422009418 11628569932
1791520907 gw-search-role-w2 208584502 2424807424 422009700 11628571651
1791520912 gw-search-role-w2 208584884 2424807424 422009849 11628573495
1791520917 gw-search-role-w2 208585386 2424807424 422010005 11628575347
1791520922 gw-search-role-w2 208585894 2424807424 422010155 11628577198
1791520928 gw-search-role-w2 208586446 2424807424 422010296 11628579054
1791520933 gw-search-role-w2 208586782 2424807424 422010630 11628580722
1791520938 gw-search-role-w2 208587286 2424807424 422010780 11628582578
1791520943 gw-search-role-w2 208587675 2424807424 422010932 11628584432
1791520948 gw-search-role-w2 208588335 2424807424 422011175 11628586189
1791520953 gw-search-role-w2 208588911 2424807424 422011325 11628588043
1791520958 gw-search-role-w2 208590669 2424807424 422011588 11628589781
1791520963 gw-search-role-w2 208591208 2424807424 422011832 11628591535
1791520968 gw-search-role-w2 211586755 2419740672 422012266 11628593104
1791520973 gw-search-role-w2 217877148 2419908608 422013067 11628594311
1791520978 gw-search-role-w2 222940413 2422095872 422013809 11628595566
1791520984 gw-search-role-w2 227397989 2421223424 422014410 11628596961
1791520989 gw-search-role-w2 232848015 2424356864 422015244 11628598133
1791520994 gw-search-role-w2 237491059 2422513664 422015887 11628599494
1791520999 gw-search-role-w2 242803998 2424258560 422016640 11628600745
1791521004 gw-search-role-w2 248360557 2426724352 422017351 11628602040
1791521009 gw-search-role-w2 253131845 2426789888 422017948 11628603444
1791521014 gw-search-role-w2 257058460 2427453440 422018480 11628604913
1791521019 gw-search-role-w2 261791284 2425081856 422019125 11628606270
1791521024 gw-search-role-w2 265616670 2425528320 422019636 11628607758
1791521029 gw-search-role-w2 268130728 2425548800 422020064 11628609335
1791521035 gw-search-role-w2 268149316 2425524224 422020220 11628611181
1791521040 gw-search-role-w2 268149812 2425524224 422020399 11628612995
1791521045 gw-search-role-w2 268150310 2425524224 422020569 11628614828
1791521050 gw-search-role-w2 268150776 2425524224 422020716 11628616680
1791521055 gw-search-role-w2 268151062 2425524224 422020951 11628618448
1791521060 gw-search-role-w2 268151730 2425524224 422021233 11628620166
1791521065 gw-search-role-w2 268152062 2425524224 422021367 11628622034
1791521070 gw-search-role-w2 268152627 2425524224 422021727 11628623677
1791521075 gw-search-role-w2 268154290 2425524224 422021871 11628625531
1791521080 gw-search-role-w2 268154751 2425524224 422022187 11628627213
1791521085 gw-search-role-w2 268155269 2425524224 422022459 11628628942
1791521090 gw-search-role-w2 268155570 2425524224 422022608 11628630798
1791521096 gw-search-role-w2 268156116 2425524224 422022762 11628632643
1791521101 gw-search-role-w2 268156462 2425524224 422023013 11628634395
1791521106 gw-search-role-w2 268157075 2425524224 422023153 11628636252
1791521111 gw-search-role-w2 268157526 2425524224 422023321 11628638079
1791521116 gw-search-role-w2 268158065 2425524224 422023459 11628639946
1791521121 gw-search-role-w2 268158386 2425524224 422023594 11628641807
1791521126 gw-search-role-w2 268158942 2425524224 422023750 11628643649
1791521131 gw-search-role-w2 268159418 2425524224 422023890 11628645515
1791521136 gw-search-role-w2 268160819 2425524224 422024017 11628647386
1791521141 gw-search-role-w2 268161326 2425524224 422024213 11628649194
1791521147 gw-search-role-w2 268161611 2425524224 422024396 11628651016
1791521152 gw-search-role-w2 268162138 2425524224 422024597 11628652813
1791521157 gw-search-role-w2 268162427 2425524224 422024848 11628654563
1791521162 gw-search-role-w2 268163169 2425524224 422025108 11628656301
1791521167 gw-search-role-w2 268163444 2425524224 422025235 11628658172
1791521172 gw-search-role-w2 268163956 2425524224 422025386 11628660023
1791521177 gw-search-role-w2 268164360 2425524224 422025537 11628661882
1791521182 gw-search-role-w2 268164842 2425524224 422025681 11628663740
1791521187 gw-search-role-w2 268165305 2425524224 422025822 11628665600
1791521192 gw-search-role-w2 268165789 2425524224 422026165 11628667258
1791521197 gw-search-role-w2 268167386 2425524224 422026465 11628668960
1791521203 gw-search-role-w2 268167752 2425524224 422026682 11628670749
1791521208 gw-search-role-w2 268168270 2425524224 422026923 11628672506
1791521213 gw-search-role-w2 268168653 2425524224 422027095 11628674332
1791521218 gw-search-role-w2 268169218 2425524224 422027343 11628676087
1791521223 gw-search-role-w2 268169669 2425524224 422027627 11628677803
1791521228 gw-search-role-w2 268170191 2425524224 422027776 11628679653
1791521233 gw-search-role-w2 268170529 2425524224 422027989 11628681431
1791521238 gw-search-role-w2 268171001 2425524224 422028218 11628683211
1791521243 gw-search-role-w2 268174097 2425524224 422028378 11628685050
1791521248 gw-search-role-w2 268178832 2425524224 422028582 11628686845
1791521253 gw-search-role-w2 278258193 2430869504 422029813 11628687624
1791521259 gw-search-role-w2 286783647 2428608512 422030812 11628688631
1791521264 gw-search-role-w2 295246269 2426945536 422031788 11628689665
1791521269 gw-search-role-w2 303861909 2427604992 422032834 11628690646
1791521274 gw-search-role-w2 312077910 2429779968 422033806 11628691686
1791521279 gw-search-role-w2 321727637 2427150336 422034907 11628692598
1791521284 gw-search-role-w2 329968058 2430914560 422035889 11628693625
1791521289 gw-search-role-w2 339859894 2432704512 422037244 11628694286
1791521294 gw-search-role-w2 347829529 2437521408 422038354 11628695203
1791521299 gw-search-role-w2 355987367 2433937408 422039588 11628695991
1791521305 gw-search-role-w2 364508409 2435366912 422040648 11628696944
1791521310 gw-search-role-w2 371719675 2438053888 422041633 11628697976
1791521315 gw-search-role-w2 371761305 2438021120 422041993 11628699618
1791521320 gw-search-role-w2 371770752 2438021120 422042159 11628701456
1791521325 gw-search-role-w2 371771179 2438021120 422042270 11628703346
1791521330 gw-search-role-w2 371771566 2438021120 422042430 11628705192
1791521335 gw-search-role-w2 371771900 2438021120 422042579 11628707047
1791521340 gw-search-role-w2 371772458 2438021120 422042719 11628708910
1791521345 gw-search-role-w2 371773023 2438021120 422042869 11628710761
1791521350 gw-search-role-w2 371773520 2438021120 422043083 11628712551
1791521355 gw-search-role-w2 371773861 2438021120 422043352 11628714290
1791521361 gw-search-role-w2 371774396 2438021120 422043509 11628716134
1791521366 gw-search-role-w2 371774911 2438017024 422043851 11628717799
1791521371 gw-search-role-w2 371775352 2438017024 422044107 11628719547
1791521376 gw-search-role-w2 371777103 2438017024 422044273 11628721381
1791521381 gw-search-role-w2 371777566 2438017024 422044409 11628723244
1791521386 gw-search-role-w2 371778069 2438017024 422044657 11628725002
1791521391 gw-search-role-w2 371778494 2438017024 422044974 11628726685
1791521396 gw-search-role-w2 371779036 2438017024 422045350 11628728309
1791521401 gw-search-role-w2 371779433 2438017024 422045572 11628730078
1791521406 gw-search-role-w2 371780312 2438017024 422045710 11628731943
1791521412 gw-search-role-w2 371780742 2438017024 422045878 11628733783
1791521417 gw-search-role-w2 371781289 2438017024 422046046 11628735623
1791521422 gw-search-role-w2 371782021 2438017024 422046240 11628737423
1791521427 gw-search-role-w2 371782479 2438017024 422046484 11628739172
1791521432 gw-search-role-w2 371783680 2438017024 422046716 11628740933
1791521437 gw-search-role-w2 371790491 2438017024 422046880 11628742783
1791521442 gw-search-role-w2 371791314 2438017024 422047289 11628744370
1791521447 gw-search-role-w2 371791648 2438017024 422047576 11628746082
1791521452 gw-search-role-w2 371792205 2438017024 422047734 11628747926
1791521457 gw-search-role-w2 371792562 2438017024 422047928 11628749729
1791521462 gw-search-role-w2 371793230 2438017024 422048174 11628751479
1791521468 gw-search-role-w2 371793587 2438017024 422048330 11628753327
1791521473 gw-search-role-w2 371794128 2438017024 422048541 11628755119
1791521478 gw-search-role-w2 371794567 2438017024 422048706 11628756951
1791521483 gw-search-role-w2 371794938 2438017024 422048951 11628758714
1791521488 gw-search-role-w2 371795422 2438017024 422049215 11628760450
1791521493 gw-search-role-w2 371795988 2438017024 422049395 11628762279
1791521498 gw-search-role-w2 371798040 2438017024 422049804 11628763867
1791521503 gw-search-role-w2 371798433 2438017024 422049957 11628765715
1791521508 gw-search-role-w2 371798982 2438017024 422050107 11628767574
1791521513 gw-search-role-w2 371799258 2438017024 422050266 11628769402
1791521519 gw-search-role-w2 371799802 2438017024 422050395 11628771271
1791521524 gw-search-role-w2 371800390 2438017024 422050544 11628773122
1791521529 gw-search-role-w2 371800957 2438017024 422050789 11628774878
1791521534 gw-search-role-w2 376877004 2435031040 422051446 11628776230
1791521539 gw-search-role-w2 386382445 2437619712 422052602 11628777083
1791521544 gw-search-role-w2 396648319 2438266880 422053915 11628777771
1791521549 gw-search-role-w2 405075669 2437443584 422055097 11628778604
1791521554 gw-search-role-w2 414206438 2437070848 422056176 11628779539
1791521559 gw-search-role-w2 422384200 2436149248 422057168 11628780552
1791521564 gw-search-role-w2 430549624 2435665920 422058118 11628781605
1791521570 gw-search-role-w2 438306340 2443800576 422059048 11628782691
1791521575 gw-search-role-w2 447065645 2443358208 422060068 11628783679
1791521580 gw-search-role-w2 457287426 2441756672 422061248 11628784513
1791521585 gw-search-role-w2 465281743 2441949184 422062175 11628785594
1791521590 gw-search-role-w2 473758793 2444402688 422063260 11628786538
1791521595 gw-search-role-w2 476948214 2445660160 422063743 11628788063
1791521600 gw-search-role-w2 476983816 2445635584 422063905 11628789908
1791521605 gw-search-role-w2 476986770 2445631488 422064105 11628791709
1791521610 gw-search-role-w2 476987489 2445631488 422064488 11628793329
1791521616 gw-search-role-w2 476995500 2445631488 422064860 11628794965
1791521621 gw-search-role-w2 476996014 2445631488 422065274 11628796553
1791521626 gw-search-role-w2 476996403 2445631488 422065395 11628798437
1791521631 gw-search-role-w2 476996883 2445631488 422065581 11628800256
1791521636 gw-search-role-w2 476997365 2445631488 422065952 11628801888
1791521641 gw-search-role-w2 476997734 2445631488 422066226 11628803615
1791521646 gw-search-role-w2 476998470 2445631488 422066532 11628805311
1791521651 gw-search-role-w2 476998902 2445631488 422066753 11628807094
1791521656 gw-search-role-w2 476999498 2445631488 422066931 11628808926
1791521661 gw-search-role-w2 476999814 2445631488 422067231 11628810620
1791521666 gw-search-role-w2 477000427 2445631488 422067366 11628812485
1791521672 gw-search-role-w2 477001001 2445631488 422067517 11628814337
1791521677 gw-search-role-w2 477002710 2445631488 422067682 11628816169
1791521682 gw-search-role-w2 477003117 2445631488 422067852 11628817999
1791521687 gw-search-role-w2 477003975 2445631488 422068017 11628819839
1791521692 gw-search-role-w2 477004546 2445631488 422068174 11628821687
1791521697 gw-search-role-w2 477004916 2445631488 422068400 11628823468
1791521702 gw-search-role-w2 477005691 2445631488 422068611 11628825260
1791521707 gw-search-role-w2 477006117 2445631488 422068746 11628827134
1791521712 gw-search-role-w2 477006690 2445631488 422069116 11628828767
1791521717 gw-search-role-w2 477007031 2445631488 422069278 11628830604
1791521723 gw-search-role-w2 477007673 2445631488 422069495 11628832390
1791521728 gw-search-role-w2 477007993 2445631488 422069657 11628834231
1791521733 gw-search-role-w2 477008684 2445631488 422069893 11628836003
1791521738 gw-search-role-w2 477010376 2445631488 422070047 11628837856
1791521743 gw-search-role-w2 477010743 2445631488 422070391 11628839517
1791521748 gw-search-role-w2 477011496 2445631488 422070634 11628841270
1791521753 gw-search-role-w2 477011806 2445631488 422070880 11628843032
1791521758 gw-search-role-w2 477012249 2445631488 422071060 11628844854
1791521763 gw-search-role-w2 477020700 2445631488 422071298 11628846617
1791521768 gw-search-role-w2 477022740 2445631488 422071538 11628848378
1791521774 gw-search-role-w2 477023331 2445631488 422071681 11628850238
1791521779 gw-search-role-w2 477024305 2445631488 422071835 11628852090
1791521784 gw-search-role-w2 477025580 2445631488 422072001 11628853926
1791521789 gw-search-role-w2 477026316 2445631488 422072215 11628855716
1791521794 gw-search-role-w2 477032497 2445631488 422072368 11628857561
1791521799 gw-search-role-w2 477032975 2445631488 422072792 11628859130
1791521804 gw-search-role-w2 477033499 2445631488 422073029 11628860901
1791521809 gw-search-role-w2 477033911 2445631488 422073187 11628862741
1791521814 gw-search-role-w2 477042337 2445631488 422073357 11628864566
1791521819 gw-search-role-w2 489770244 2445414400 422074838 11628865106
1791521825 gw-search-role-w2 497409477 2442100736 422075931 11628866034
1791521830 gw-search-role-w2 506466651 2445029376 422077184 11628866795
1791521835 gw-search-role-w2 516274112 2441494528 422078327 11628867665
1791521840 gw-search-role-w2 524529879 2440208384 422079339 11628868676
1791521845 gw-search-role-w2 533400708 2441646080 422080373 11628869649
1791521850 gw-search-role-w2 541598741 2439843840 422081591 11628870456
1791521855 gw-search-role-w2 552689814 2444193792 422082979 11628871092
1791521860 gw-search-role-w2 560607931 2443853824 422083919 11628872153
1791521866 gw-search-role-w2 569367948 2442039296 422085088 11628873011
1791521871 gw-search-role-w2 577152088 2442543104 422086050 11628874060
1791521876 gw-search-role-w2 583935896 2444521472 422086906 11628875211
1791521881 gw-search-role-w2 583972887 2444492800 422087157 11628876950
1791521886 gw-search-role-w2 583981415 2444492800 422087433 11628878675
1791521891 gw-search-role-w2 583982146 2444488704 422087605 11628880503
1791521896 gw-search-role-w2 583982736 2444488704 422087728 11628882385
1791521901 gw-search-role-w2 583983058 2444488704 422087915 11628884191
1791521906 gw-search-role-w2 583983622 2444488704 422088174 11628885936
1791521911 gw-search-role-w2 583985332 2444492800 422088497 11628887620
1791521916 gw-search-role-w2 583988662 2444488704 422088733 11628889387
1791521922 gw-search-role-w2 583989017 2444488704 422088967 11628891156
1791521927 gw-search-role-w2 583989582 2444488704 422089129 11628892994
1791521932 gw-search-role-w2 583990147 2444488704 422089295 11628894827
1791521937 gw-search-role-w2 583990613 2444488704 422089509 11628896624
1791521942 gw-search-role-w2 583991158 2444488704 422089756 11628898377
1791521947 gw-search-role-w2 583991678 2444488704 422089919 11628900218
1791521952 gw-search-role-w2 583992113 2444488704 422090057 11628902085
1791521957 gw-search-role-w2 583992568 2444488704 422090218 11628903931
1791521962 gw-search-role-w2 583993034 2444488704 422090501 11628905649
1791521967 gw-search-role-w2 583993369 2444488704 422090701 11628907449
1791521973 gw-search-role-w2 583994047 2444488704 422090982 11628909182
1791521978 gw-search-role-w2 583995377 2444488704 422091244 11628910914
1791521983 gw-search-role-w2 583995862 2444488704 422091385 11628912773
1791521988 gw-search-role-w2 583996193 2444488704 422091546 11628914610
1791521993 gw-search-role-w2 583996699 2444488704 422091717 11628916444
1791521998 gw-search-role-w2 583997130 2444488704 422091867 11628918301
1791522003 gw-search-role-w2 583997815 2444488704 422092043 11628920114
1791522008 gw-search-role-w2 583998280 2444488704 422092348 11628921810
1791522013 gw-search-role-w2 583998592 2444488704 422092687 11628923478
1791522018 gw-search-role-w2 584002369 2444529664 422093029 11628925135
1791522024 gw-search-role-w2 584003685 2444488704 422093313 11628926859
1791522029 gw-search-role-w2 584004403 2444488704 422093633 11628928545
1791522034 gw-search-role-w2 584005942 2444488704 422093892 11628930288
1791522039 gw-search-role-w2 584006448 2444488704 422094194 11628931982
1791522044 gw-search-role-w2 584006901 2444488704 422094349 11628933828
1791522049 gw-search-role-w2 584007530 2444488704 422094512 11628935667
1791522054 gw-search-role-w2 584008217 2444488704 422094675 11628937512
1791522059 gw-search-role-w2 584008759 2444488704 422094822 11628939378
1791522064 gw-search-role-w2 584009907 2444488704 422094985 11628941216
1791522069 gw-search-role-w2 584010459 2444488704 422095254 11628942942
1791522075 gw-search-role-w2 584011303 2444488704 422095405 11628944791
1791522080 gw-search-role-w2 584011658 2444488704 422095577 11628946615
1791522085 gw-search-role-w2 584012333 2444488704 422095759 11628948431
1791522090 gw-search-role-w2 584012715 2444488704 422095893 11628950299
1791522095 gw-search-role-w2 584019389 2444488704 422096165 11628952038
1791522100 gw-search-role-w2 588048248 2440114176 422096710 11628953494
1791522105 gw-search-role-w2 599288972 2442838016 422098079 11628954149
1791522110 gw-search-role-w2 610045751 2442387456 422099319 11628954920
1791522115 gw-search-role-w2 621524038 2441854976 422100617 11628955648
1791522121 gw-search-role-w2 632924652 2443284480 422101914 11628956366
1791522126 gw-search-role-w2 643283859 2444931072 422103114 11628957180
1791522131 gw-search-role-w2 653881352 2443796480 422104523 11628957789
1791522136 gw-search-role-w2 664623636 2445099008 422105902 11628958436
1791522141 gw-search-role-w2 675804242 2443005952 422107197 11628959173
1791522146 gw-search-role-w2 686939824 2444820480 422108504 11628959882
1791522151 gw-search-role-w2 698570353 2440753152 422109834 11628960575
1791522156 gw-search-role-w2 710010074 2444554240 422111297 11628961134
1791522161 gw-search-role-w2 715208962 2443984896 422112043 11628962403
1791522167 gw-search-role-w2 715275806 2440798208 422112398 11628964048
1791522172 gw-search-role-w2 715277707 2440798208 422112598 11628965846
1791522177 gw-search-role-w2 715278208 2440798208 422112868 11628967576
1791522182 gw-search-role-w2 715278813 2440798208 422113187 11628969260
1791522187 gw-search-role-w2 715279308 2440798208 422113356 11628971099
1791522192 gw-search-role-w2 715285581 2440798208 422113533 11628972924
1791522197 gw-search-role-w2 715286128 2440794112 422113662 11628974803
1791522202 gw-search-role-w2 715286478 2440794112 422113830 11628976632
1791522207 gw-search-role-w2 715287052 2440794112 422114084 11628978378
1791522212 gw-search-role-w2 715290212 2440794112 422114300 11628980191
1791522218 gw-search-role-w2 715291368 2440794112 422114458 11628982036
1791522223 gw-search-role-w2 715291809 2440794112 422114698 11628983798
1791522228 gw-search-role-w2 715292115 2440790016 422114882 11628985623
1791522233 gw-search-role-w2 715292565 2440790016 422115049 11628987454
1791522238 gw-search-role-w2 715292916 2440790016 422115162 11628989350
1791522243 gw-search-role-w2 715293602 2440790016 422115329 11628991187
1791522248 gw-search-role-w2 715293910 2440790016 422115496 11628993027
1791522253 gw-search-role-w2 715294426 2440790016 422115720 11628994805
1791522258 gw-search-role-w2 715294729 2440790016 422115888 11628996635
1791522263 gw-search-role-w2 715295182 2440790016 422116156 11628998373
1791522269 gw-search-role-w2 715295568 2440790016 422116335 11629000195
1791522274 gw-search-role-w2 715296772 2440790016 422116584 11629001941
1791522279 gw-search-role-w2 715297198 2440790016 422116734 11629003791
1791522284 gw-search-role-w2 715297510 2440790016 422116913 11629005610
1791522289 gw-search-role-w2 715297990 2440790016 422117288 11629007243
1791522294 gw-search-role-w2 715298346 2440790016 422117472 11629009064
1791522299 gw-search-role-w2 715298777 2440790016 422117616 11629010926
1791522304 gw-search-role-w2 715299246 2440790016 422117830 11629012701
1791522309 gw-search-role-w2 715299787 2440790016 422118059 11629014471
1791522314 gw-search-role-w2 715303308 2440794112 422118282 11629016249
1791522319 gw-search-role-w2 715303798 2440794112 422118433 11629018098
1791522325 gw-search-role-w2 715304148 2440794112 422118572 11629019969
1791522330 gw-search-role-w2 715304724 2440794112 422118709 11629021828
1791522335 gw-search-role-w2 715306293 2440794112 422118869 11629023663
1791522340 gw-search-role-w2 715306658 2440794112 422119140 11629025398
1791522345 gw-search-role-w2 715307174 2440794112 422119302 11629027235
1791522350 gw-search-role-w2 715308597 2440794112 422119512 11629029031
1791522355 gw-search-role-w2 715310364 2440794112 422119681 11629030870
1791522360 gw-search-role-w2 715310816 2440794112 422119818 11629032732
1791522365 gw-search-role-w2 715313022 2440794112 422119970 11629034576
1791522370 gw-search-role-w2 715313536 2440794112 422120131 11629036420
1791522375 gw-search-role-w2 715314136 2440794112 422120483 11629038061
1791522381 gw-search-role-w2 715314748 2440794112 422120688 11629039850
1791522386 gw-search-role-w2 715315279 2440794112 422120857 11629041682
1791522391 gw-search-role-w2 715315808 2440794112 422121076 11629043464
1791522396 gw-search-role-w2 715321140 2440794112 422121237 11629045308
1791522401 gw-search-role-w2 715321736 2440794112 422121368 11629047180
1791522406 gw-search-role-w2 715322089 2440794112 422121541 11629049014
1791522411 gw-search-role-w2 715322531 2440794112 422121720 11629050835
1791522416 gw-search-role-w2 715322872 2440794112 422121879 11629052679
1791522421 gw-search-role-w2 715323401 2440794112 422122143 11629054416
1791522426 gw-search-role-w2 715323928 2440794112 422122299 11629056258
1791522432 gw-search-role-w2 715324536 2440794112 422122432 11629058122
1791522437 gw-search-role-w2 715324940 2440794112 422122734 11629059825
1791522442 gw-search-role-w2 715325442 2440794112 422123007 11629061549
1791522447 gw-search-role-w2 715325874 2440794112 422123274 11629063286
1791522452 gw-search-role-w2 715326442 2440794112 422123458 11629065102
1791522457 gw-search-role-w2 715328062 2440794112 422123628 11629066924
1791522462 gw-search-role-w2 715328482 2440794112 422123859 11629068694
1791522467 gw-search-role-w2 715329071 2440794112 422124064 11629070496
1791522472 gw-search-role-w2 715329396 2440794112 422124223 11629072340
1791522477 gw-search-role-w2 715329812 2440794112 422124434 11629074136
1791522482 gw-search-role-w2 715330465 2440794112 422124634 11629075935
1791522488 gw-search-role-w2 715330962 2440794112 422124906 11629077657
1791522493 gw-search-role-w2 715331258 2440794112 422125123 11629079441
1791522498 gw-search-role-w2 715331777 2440794112 422125277 11629081286
1791522503 gw-search-role-w2 715338408 2440790016 422125577 11629082990
1791522508 gw-search-role-w2 715338702 2440790016 422125985 11629084593
1791522513 gw-search-role-w2 715346751 2440790016 422126172 11629086409
1791522518 gw-search-role-w2 715348054 2440790016 422126336 11629088248
1791522523 gw-search-role-w2 715348725 2440790016 422126467 11629090118
1791522528 gw-search-role-w2 715349075 2440790016 422126680 11629091908
1791522533 gw-search-role-w2 715349542 2440790016 422126855 11629093739
1791522538 gw-search-role-w2 715349891 2440790016 422126979 11629095617
1791522544 gw-search-role-w2 715350560 2440790016 422127306 11629097290
1791522549 gw-search-role-w2 715350927 2440790016 422127473 11629099125
1791522554 gw-search-role-w2 715351763 2440790016 422127595 11629101003
1791522559 gw-search-role-w2 715352339 2440790016 422127773 11629102825
1791522564 gw-search-role-w2 715352770 2440790016 422128010 11629104584
1791522569 gw-search-role-w2 715354611 2440790016 422128231 11629106370
1791522574 gw-search-role-w2 715374802 2440790016 422128402 11629108199
1791522579 gw-search-role-w2 715377853 2440794112 422128531 11629110069
1791522584 gw-search-role-w2 715378300 2440794112 422128673 11629111937
1791522589 gw-search-role-w2 715379048 2440794112 422128988 11629113620
1791522595 gw-search-role-w2 715379435 2440794112 422129145 11629115471
1791522600 gw-search-role-w2 715380084 2440794112 422129313 11629117297
1791522605 gw-search-role-w2 715380958 2440794112 422129732 11629118881
1791522610 gw-search-role-w2 715381344 2440794112 422130142 11629120481
1791522615 gw-search-role-w2 715381883 2440794112 422130452 11629122172
1791522620 gw-search-role-w2 715382248 2440794112 422130623 11629124004
1791522625 gw-search-role-w2 715382890 2440794112 422130768 11629125869
1791522630 gw-search-role-w2 715383253 2440794112 422130941 11629127697
1791522635 gw-search-role-w2 715386961 2440794112 422131090 11629129551
1791522640 gw-search-role-w2 715387392 2440794112 422131276 11629131373
1791522646 gw-search-role-w2 715387849 2440794112 422131518 11629133134
1791522651 gw-search-role-w2 715388208 2440794112 422131703 11629134955
1791522656 gw-search-role-w2 715388683 2440794112 422132127 11629136534
1791522661 gw-search-role-w2 715389191 2440794112 422132304 11629138355
1791522666 gw-search-role-w2 715389734 2440794112 422132611 11629140053
1791522671 gw-search-role-w2 715390303 2440794112 422132738 11629141920
1791522676 gw-search-role-w2 715390633 2440794112 422132877 11629143780
1791522681 gw-search-role-w2 715391171 2440794112 422133149 11629145507
1791522686 gw-search-role-w2 715391569 2440794112 422133280 11629147382
1791522691 gw-search-role-w2 715392131 2440794112 422133457 11629149205
1791522697 gw-search-role-w2 715395300 2440794112 422133610 11629151058
1791522702 gw-search-role-w2 715403345 2440794112 422133740 11629152928
1791522707 gw-search-role-w2 722715151 2442661888 422134690 11629153986
1791522712 gw-search-role-w2 734273337 2443243520 422136209 11629154495
1791522717 gw-search-role-w2 745694837 2442178560 422137630 11629155098
1791522722 gw-search-role-w2 755902629 2445344768 422138817 11629155920
1791522727 gw-search-role-w2 767271420 2443145216 422140316 11629156442
1791522732 gw-search-role-w2 778697672 2445541376 422141647 11629157132
1791522737 gw-search-role-w2 789528638 2448539648 422142938 11629157861
1791522743 gw-search-role-w2 801224028 2445099008 422144261 11629158556
1791522748 gw-search-role-w2 813853949 2442072064 422145819 11629159029
1791522753 gw-search-role-w2 824644588 2448470016 422147107 11629159782
1791522758 gw-search-role-w2 835961445 2446876672 422148599 11629160315
1791522763 gw-search-role-w2 847494640 2445897728 422149998 11629160941
1791522768 gw-search-role-w2 849334770 2443558912 422150380 11629162560
1791522773 gw-search-role-w2 849365379 2443546624 422150680 11629164260
1791522778 gw-search-role-w2 849365929 2443546624 422151000 11629165938
1791522784 gw-search-role-w2 849366691 2443542528 422151224 11629167709
1791522789 gw-search-role-w2 849366978 2443542528 422151463 11629169479
1791522794 gw-search-role-w2 849367391 2443542528 422151643 11629171297
1791522799 gw-search-role-w2 849367662 2443542528 422151789 11629173151
1791522804 gw-search-role-w2 849368184 2443542528 422151939 11629175002
1791522809 gw-search-role-w2 849368552 2443542528 422152156 11629176786
1791522814 gw-search-role-w2 849372133 2443542528 422152426 11629178524
1791522819 gw-search-role-w2 849372609 2443542528 422152581 11629180372
1791522824 gw-search-role-w2 849373141 2443542528 422152804 11629182147
1791522829 gw-search-role-w2 849373672 2443542528 422153161 11629183790
1791522834 gw-search-role-w2 849373980 2443538432 422153433 11629185515
1791522840 gw-search-role-w2 849374371 2443538432 422153806 11629187150
1791522845 gw-search-role-w2 849374898 2443538432 422154068 11629188891
1791522850 gw-search-role-w2 849375402 2443538432 422154281 11629190678
1791522855 gw-search-role-w2 849375721 2443538432 422154419 11629192546
1791522860 gw-search-role-w2 849376164 2443538432 422154589 11629194376
1791522865 gw-search-role-w2 849376461 2443538432 422154726 11629196241
1791522870 gw-search-role-w2 849376989 2443538432 422154886 11629198077
1791522875 gw-search-role-w2 849379471 2443550720 422155048 11629199915
1791522880 gw-search-role-w2 849379959 2443550720 422155218 11629201744
1791522885 gw-search-role-w2 849380534 2443550720 422155378 11629203583
1791522890 gw-search-role-w2 849380945 2443550720 422155626 11629205337
1791522896 gw-search-role-w2 849385450 2443554816 422155763 11629207200
1791522901 gw-search-role-w2 849385823 2443554816 422156104 11629208862
1791522906 gw-search-role-w2 849386493 2443554816 422156464 11629210492
1791522911 gw-search-role-w2 849386756 2443554816 422156602 11629212358
1791522916 gw-search-role-w2 849387161 2443554816 422156756 11629214199
1791522921 gw-search-role-w2 849387521 2443554816 422157073 11629215888
1791522926 gw-search-role-w2 849387951 2443554816 422157288 11629217682
1791522931 gw-search-role-w2 849388297 2443554816 422157557 11629219416
1791522936 gw-search-role-w2 849390212 2443554816 422157757 11629221216
1791522941 gw-search-role-w2 849390675 2443554816 422158006 11629222980
1791522947 gw-search-role-w2 849391002 2443554816 422158224 11629224759
1791522952 gw-search-role-w2 849391455 2443554816 422158517 11629226460
1791522957 gw-search-role-w2 849391793 2443554816 422158716 11629228260
1791522962 gw-search-role-w2 849392293 2443554816 422158966 11629230008
1791522967 gw-search-role-w2 849392806 2443554816 422159238 11629231735
1791522972 gw-search-role-w2 849393242 2443554816 422159530 11629233448
1791522977 gw-search-role-w2 849393588 2443554816 422159694 11629235287
1791522982 gw-search-role-w2 849394079 2443554816 422159834 11629237153
1791522987 gw-search-role-w2 849396148 2443550720 422160028 11629238955
1791522992 gw-search-role-w2 857374397 2442780672 422161186 11629239806
1791522997 gw-search-role-w2 868228658 2446770176 422162440 11629240561
1791523002 gw-search-role-w2 879018334 2446503936 422163725 11629241292
1791523008 gw-search-role-w2 890590320 2443644928 422165050 11629241982
1791523013 gw-search-role-w2 901814921 2447093760 422166299 11629242749
1791523018 gw-search-role-w2 912296431 2445119488 422167493 11629243563
1791523023 gw-search-role-w2 922384668 2446860288 422168667 11629244407
1791523028 gw-search-role-w2 932405143 2445471744 422169934 11629245176
1791523033 gw-search-role-w2 942025815 2448470016 422171051 11629246062
1791523038 gw-search-role-w2 952406010 2446422016 422172261 11629246865
1791523043 gw-search-role-w2 963820395 2447163392 422173609 11629247528
1791523048 gw-search-role-w2 973162922 2450534400 422174888 11629248259
1791523054 gw-search-role-w2 974267694 2446209024 422175152 11629249991
1791523059 gw-search-role-w2 974297767 2446192640 422175309 11629251834
1791523064 gw-search-role-w2 974301499 2446192640 422175557 11629253586
1791523069 gw-search-role-w2 974307431 2446192640 422175743 11629255400
1791523074 gw-search-role-w2 974310951 2446188544 422175949 11629257195
1791523079 gw-search-role-w2 974318928 2446188544 422176145 11629258993
1791523084 gw-search-role-w2 974323567 2446188544 422176386 11629260749
1791523089 gw-search-role-w2 974330340 2446188544 422176532 11629262603
1791523094 gw-search-role-w2 974336154 2446188544 422176681 11629264449
1791523099 gw-search-role-w2 974339510 2446188544 422176836 11629266291
1791523104 gw-search-role-w2 974344743 2446188544 422177202 11629267920
1791523110 gw-search-role-w2 974349044 2446188544 422177352 11629269767
1791523115 gw-search-role-w2 974357669 2446188544 422177491 11629271628
1791523120 gw-search-role-w2 974363836 2446192640 422177648 11629273479
1791523125 gw-search-role-w2 974369212 2446192640 422177780 11629275354
1791523130 gw-search-role-w2 974372507 2446192640 422177938 11629277195
1791523135 gw-search-role-w2 974378888 2446192640 422178074 11629279064
1791523140 gw-search-role-w2 974382305 2446192640 422178224 11629280915
1791523145 gw-search-role-w2 974390224 2446204928 422178367 11629282766
1791523150 gw-search-role-w2 974396104 2446204928 422178574 11629284570
1791523155 gw-search-role-w2 974400238 2446204928 422178776 11629286364
1791523160 gw-search-role-w2 974405326 2446204928 422178948 11629288186
1791523166 gw-search-role-w2 974411866 2446204928 422179172 11629289960
1791523171 gw-search-role-w2 974417651 2446204928 422179403 11629291723
1791523176 gw-search-role-w2 974422383 2446204928 422179536 11629293596
1791523181 gw-search-role-w2 974427563 2446204928 422179687 11629295440
1791523186 gw-search-role-w2 974435317 2446204928 422179924 11629297210
1791523191 gw-search-role-w2 974440444 2446204928 422180200 11629298935
1791523196 gw-search-role-w2 3184288 152735744 422180947 11629300180
1791523201 gw-search-role-w2 16129984 2379370496 422182398 11629300742
1791523206 gw-search-role-w2 26994513 2702233600 422183775 11629301396
1791523211 gw-search-role-w2 27483819 2436669440 422184115 11629303069
1791523217 gw-search-role-w2 27543486 2171248640 422184281 11629304907
1791523222 gw-search-role-w2 27550977 2171252736 422184483 11629306710
1791523227 gw-search-role-w2 27557543 2171252736 422184714 11629308475
1791523232 gw-search-role-w2 27562650 2171252736 422185093 11629310109
1791523237 gw-search-role-w2 27568858 2171252736 422185427 11629311782
1791523242 gw-search-role-w2 27576938 2171256832 422185801 11629313411
1791523247 gw-search-role-w2 27585637 2171256832 422186101 11629315105
1791523252 gw-search-role-w2 27592972 2171256832 422186246 11629316965
1791523257 gw-search-role-w2 27600876 2171256832 422186681 11629318537
1791523262 gw-search-role-w2 27608828 2171260928 422186866 11629320349
1791523267 gw-search-role-w2 27613689 2171260928 422186996 11629322222
1791523273 gw-search-role-w2 27623125 2171260928 422187243 11629323976
1791523278 gw-search-role-w2 27628073 2171260928 422187505 11629325714
1791523283 gw-search-role-w2 27641129 2171260928 422187656 11629327560
1791523288 gw-search-role-w2 27653738 2171260928 422187886 11629329334
1791523293 gw-search-role-w2 27660398 2171265024 422188051 11629331165
1791523298 gw-search-role-w2 27664925 2171265024 422188183 11629333035
1791523303 gw-search-role-w2 28298885 2042466304 422188458 11629334775
1791523308 gw-search-role-w2 28303147 2042462208 422188640 11629336588
1791523313 gw-search-role-w2 29013661 1923981312 422188829 11629338397
1791523318 gw-search-role-w2 29020107 1923981312 422188988 11629340245
1791523323 gw-search-role-w2 29027673 1923981312 422189287 11629341949
1791523329 gw-search-role-w2 29098810 1925853184 422189403 11629343837
1791523334 gw-search-role-w2 35886025 1988202496 422190252 11629344988
1791523339 gw-search-role-w2 42186891 2028814336 422191044 11629346201
1791523344 gw-search-role-w2 48127326 2040885248 422191858 11629347392
1791523349 gw-search-role-w2 53924958 2098507776 422192651 11629348606
1791523354 gw-search-role-w2 59879513 2114060288 422193404 11629349865
1791523359 gw-search-role-w2 65511495 2124836864 422194183 11629351090
1791523364 gw-search-role-w2 70969034 2137518080 422194922 11629352354
1791523369 gw-search-role-w2 72382377 2139226112 422195285 11629353981
1791523375 gw-search-role-w2 72422944 2139226112 422195533 11629355736
1791523380 gw-search-role-w2 72427308 2139226112 422195837 11629357427
1791523385 gw-search-role-w2 72428132 2139226112 422196047 11629359215
1791523390 gw-search-role-w2 72428797 2139226112 422196534 11629360725
1791523395 gw-search-role-w2 72429592 2139226112 422196690 11629362567
1791523400 gw-search-role-w2 72430199 2139226112 422196974 11629364290
1791523405 gw-search-role-w2 72430902 2139222016 422197262 11629365999
1791523410 gw-search-role-w2 73303157 2139619328 422197621 11629367638
1791523415 gw-search-role-w2 73303556 2139619328 422197762 11629369510
1791523420 gw-search-role-w2 73304301 2139619328 422198054 11629371213
1791523426 gw-search-role-w2 73305047 2139615232 422198305 11629372963
1791523431 gw-search-role-w2 73305458 2139615232 422198488 11629374785
1791523436 gw-search-role-w2 74392385 1950031872 422198840 11629376438
1791523441 gw-search-role-w2 74394124 1950044160 422198994 11629378284
1791523446 gw-search-role-w2 74394769 1950044160 422199153 11629380126
1791523451 gw-search-role-w2 74395177 1950044160 422199313 11629381968
1791523456 gw-search-role-w2 74395787 1950044160 422199463 11629383822
1791523461 gw-search-role-w2 74396236 1950044160 422199626 11629385657
1791523466 gw-search-role-w2 74396933 1950044160 422199825 11629387461
1791523471 gw-search-role-w2 74397574 1950044160 422200070 11629389219
1791523477 gw-search-role-w2 74398273 1950044160 422200314 11629390990
1791523482 gw-search-role-w2 74398857 1950044160 422200483 11629392823
1791523487 gw-search-role-w2 74399267 1950044160 422200637 11629394666
1791523492 gw-search-role-w2 74399817 1950044160 422200762 11629396546
1791523497 gw-search-role-w2 74400216 1950044160 422200926 11629398384
1791523502 gw-search-role-w2 74407827 1950068736 422201091 11629400217
1791523507 gw-search-role-w2 74408290 1950068736 422201348 11629401959
1791523512 gw-search-role-w2 74408903 1950068736 422201588 11629403724
1791523517 gw-search-role-w2 74409353 1950068736 422201744 11629405567
1791523522 gw-search-role-w2 74410001 1950068736 422201894 11629407428
1791523528 gw-search-role-w2 74415095 1950068736 422202146 11629409174
1791523533 gw-search-role-w2 74415968 1950068736 422202306 11629411012
1791523538 gw-search-role-w2 74416572 1950068736 422202452 11629412871
1791523543 gw-search-role-w2 74417034 1950068736 422202694 11629414630
1791523548 gw-search-role-w2 74417543 1950068736 422202849 11629416467
1791523553 gw-search-role-w2 74417928 1950068736 422203009 11629418299
1791523558 gw-search-role-w2 74418986 1950068736 422203170 11629420139
1791523563 gw-search-role-w2 74423161 1950072832 422203329 11629421981
1791523568 gw-search-role-w2 74423805 1950072832 422203499 11629423817
1791523573 gw-search-role-w2 74426671 1950072832 422203714 11629425603
1791523578 gw-search-role-w2 74427399 1950072832 422203864 11629427453
1791523584 gw-search-role-w2 75342703 1955741696 422204113 11629429205
1791523589 gw-search-role-w2 82829344 2018197504 422205003 11629430322
1791523594 gw-search-role-w2 88707266 2033876992 422205747 11629431582
1791523599 gw-search-role-w2 91900091 2042449920 422206212 11629433105
1791523604 gw-search-role-w2 96539829 2049687552 422206838 11629434481
1791523609 gw-search-role-w2 101999387 2057216000 422207605 11629435712
1791523614 gw-search-role-w2 107082701 2087424000 422208380 11629436946
1791523619 gw-search-role-w2 111271244 2114646016 422209007 11629438323
1791523624 gw-search-role-w2 115160637 2117316608 422209534 11629439800
1791523629 gw-search-role-w2 119930604 2116333568 422210178 11629441178
1791523635 gw-search-role-w2 124216091 2118107136 422210759 11629442593
1791523640 gw-search-role-w2 128654735 2123456512 422211348 11629444005
1791523645 gw-search-role-w2 132058943 2120904704 422211848 11629445510
1791523650 gw-search-role-w2 132080907 2120888320 422212172 11629447177
1791523655 gw-search-role-w2 132085752 2120888320 422212425 11629448925
1791523660 gw-search-role-w2 132086322 2120888320 422212581 11629450764
1791523665 gw-search-role-w2 132086637 2120888320 422212819 11629452529
1791523670 gw-search-role-w2 132087177 2120888320 422213029 11629454320
1791523675 gw-search-role-w2 132087586 2120888320 422213193 11629456160
1791523680 gw-search-role-w2 132089665 2120888320 422213350 11629458007
1791523685 gw-search-role-w2 132090000 2120888320 422213475 11629459889
1791523691 gw-search-role-w2 132090507 2120888320 422213639 11629461721
1791523696 gw-search-role-w2 132090935 2120888320 422213797 11629463560
1791523701 gw-search-role-w2 132091450 2120884224 422213941 11629465418
1791523706 gw-search-role-w2 132091971 2120884224 422214094 11629467268
1791523711 gw-search-role-w2 132092404 2120884224 422214245 11629469117
1791523716 gw-search-role-w2 132092977 2120884224 422214378 11629470983
1791523721 gw-search-role-w2 132093267 2120884224 422214715 11629472654
1791523726 gw-search-role-w2 132093788 2120884224 422214937 11629474436
1791523731 gw-search-role-w2 132094170 2120884224 422215136 11629476234
1791523736 gw-search-role-w2 132094665 2120884224 422215278 11629478084
1791523741 gw-search-role-w2 132096183 2120884224 422215536 11629479828
1791523747 gw-search-role-w2 132096744 2120884224 422215696 11629481681
1791523752 gw-search-role-w2 132097145 2120884224 422215941 11629483434
1791523757 gw-search-role-w2 132097670 2120884224 422216096 11629485280
1791523762 gw-search-role-w2 132098200 2120884224 422216256 11629487126
1791523767 gw-search-role-w2 132105226 2120892416 422216400 11629488977
1791523772 gw-search-role-w2 132106403 2120892416 422216555 11629490828
1791523777 gw-search-role-w2 132108460 2120892416 422216746 11629492640
1791523782 gw-search-role-w2 132109270 2120892416 422216912 11629494484
1791523787 gw-search-role-w2 132109731 2120892416 422217074 11629496324
1791523792 gw-search-role-w2 132110691 2120892416 422217481 11629497931
1791523798 gw-search-role-w2 132121365 2120900608 422217876 11629499538
1791523803 gw-search-role-w2 132124055 2120900608 422218016 11629501395
1791523808 gw-search-role-w2 132124418 2120900608 422218168 11629503237
1791523813 gw-search-role-w2 132124948 2120900608 422218337 11629505070
1791523818 gw-search-role-w2 132125472 2120900608 422218583 11629506820
1791523823 gw-search-role-w2 132125880 2120900608 422218854 11629508549
1791523828 gw-search-role-w2 132126751 2120900608 422219125 11629510278
1791523833 gw-search-role-w2 132127166 2120900608 422219260 11629512147
1791523838 gw-search-role-w2 132127903 2120900608 422219429 11629513979
1791523843 gw-search-role-w2 132128299 2120900608 422219687 11629515725
1791523849 gw-search-role-w2 132128959 2120900608 422219830 11629517586
1791523854 gw-search-role-w2 132129305 2120900608 422220024 11629519395
1791523859 gw-search-role-w2 132129982 2120900608 422220174 11629521244
1791523864 gw-search-role-w2 132131461 2120900608 422220378 11629523044
1791523869 gw-search-role-w2 135783233 2120359936 422220900 11629524532
1791523874 gw-search-role-w2 140810579 2122866688 422221530 11629525900
1791523879 gw-search-role-w2 146258111 2122518528 422222247 11629527192
1791523884 gw-search-role-w2 151311851 2123055104 422222984 11629528452
1791523889 gw-search-role-w2 156216501 2128355328 422223786 11629529651
1791523894 gw-search-role-w2 160194243 2130538496 422224506 11629530961
1791523900 gw-search-role-w2 164979300 2132385792 422225151 11629532319
1791523905 gw-search-role-w2 170081026 2129760256 422225784 11629533691
1791523910 gw-search-role-w2 174088759 2131070976 422226358 11629535128
1791523915 gw-search-role-w2 180884991 2130436096 422227174 11629536314
1791523920 gw-search-role-w2 186288819 2128195584 422227854 11629537640
1791523925 gw-search-role-w2 190034391 2128232448 422228390 11629539117
1791523930 gw-search-role-w2 191729176 2129330176 422228740 11629540774
1791523935 gw-search-role-w2 191749055 2129309696 422228898 11629542613
1791523940 gw-search-role-w2 191749920 2129309696 422229062 11629544448
1791523945 gw-search-role-w2 191750232 2129309696 422229200 11629546304
1791523951 gw-search-role-w2 191756241 2129309696 422229629 11629547871
1791523956 gw-search-role-w2 191756751 2129309696 422229793 11629549706
1791523961 gw-search-role-w2 191757585 2129309696 422229943 11629551556
1791523966 gw-search-role-w2 191758216 2129309696 422230366 11629553133
1791523971 gw-search-role-w2 191759174 2129305600 422230523 11629554978
1791523976 gw-search-role-w2 191759886 2129305600 422230800 11629556708
1791523981 gw-search-role-w2 191764801 2129305600 422230998 11629558516
1791523986 gw-search-role-w2 191765459 2129305600 422231142 11629560377
1791523991 gw-search-role-w2 191765839 2129305600 422231321 11629562201
1791523996 gw-search-role-w2 191766410 2129305600 422231591 11629563935
1791524002 gw-search-role-w2 191766837 2129305600 422231743 11629565788
1791524007 gw-search-role-w2 191767338 2129305600 422231926 11629567600
1791524012 gw-search-role-w2 191768105 2129305600 422232091 11629569444
1791524017 gw-search-role-w2 191768773 2129305600 422232237 11629571286
1791524022 gw-search-role-w2 191773278 2129305600 422232501 11629573023
1791524027 gw-search-role-w2 191773660 2129305600 422232647 11629574885
1791524032 gw-search-role-w2 191774292 2129305600 422232789 11629576742
1791524037 gw-search-role-w2 191774829 2129305600 422232946 11629578591
1791524042 gw-search-role-w2 191776845 2129305600 422233117 11629580430
1791524047 gw-search-role-w2 191777319 2129305600 422233272 11629582283
1791524053 gw-search-role-w2 191777875 2129305600 422233535 11629584011
1791524058 gw-search-role-w2 191778273 2129305600 422233686 11629585862
1791524063 gw-search-role-w2 191778823 2129305600 422233860 11629587694
1791524068 gw-search-role-w2 191779394 2129305600 422234123 11629589430
1791524073 gw-search-role-w2 191780023 2129305600 422234481 11629591079
1791524078 gw-search-role-w2 191785985 2129305600 422234670 11629592892
1791524083 gw-search-role-w2 191786336 2129305600 422234861 11629594706
1791524088 gw-search-role-w2 191786869 2129305600 422235255 11629596321
1791524093 gw-search-role-w2 191787232 2129305600 422235410 11629598170
1791524098 gw-search-role-w2 191795497 2129305600 422235587 11629599996
1791524104 gw-search-role-w2 191796785 2129305600 422235870 11629601717
1791524109 gw-search-role-w2 191797370 2129305600 422236016 11629603568
1791524114 gw-search-role-w2 191797636 2129305600 422236279 11629605307
1791524119 gw-search-role-w2 191798089 2129305600 422236421 11629607171
1791524124 gw-search-role-w2 191798371 2129305600 422236581 11629609011
1791524129 gw-search-role-w2 191799252 2129305600 422236814 11629610782
1791524134 gw-search-role-w2 191799701 2129305600 422237046 11629612553
1791524139 gw-search-role-w2 191800186 2129305600 422237211 11629614392
1791524144 gw-search-role-w2 191801643 2129305600 422237466 11629616138
1791524149 gw-search-role-w2 191916082 2129313792 422237629 11629617973
1791524154 gw-search-role-w2 197953251 2128474112 422238400 11629619203
1791524160 gw-search-role-w2 203755442 2129764352 422239113 11629620500
1791524165 gw-search-role-w2 207510556 2128580608 422239676 11629621939
1791524170 gw-search-role-w2 213513148 2132320256 422240461 11629623164
1791524175 gw-search-role-w2 217303295 2128961536 422241038 11629624582
1791524180 gw-search-role-w2 221161674 2128805888 422241586 11629626027
1791524185 gw-search-role-w2 226381691 2137698304 422242288 11629627333
1791524190 gw-search-role-w2 231171246 2138374144 422243081 11629628530
1791524195 gw-search-role-w2 236874601 2133209088 422243803 11629629814
1791524200 gw-search-role-w2 242958426 2137653248 422244571 11629631049
1791524206 gw-search-role-w2 247226858 2133766144 422245353 11629632279
1791524211 gw-search-role-w2 251160225 2134278144 422245935 11629633686
1791524216 gw-search-role-w2 251196187 2134249472 422246193 11629635428
1791524221 gw-search-role-w2 251203867 2134249472 422246357 11629637264
1791524226 gw-search-role-w2 251204374 2134249472 422246499 11629639119
1791524231 gw-search-role-w2 251205015 2134249472 422246633 11629640984
1791524236 gw-search-role-w2 251205361 2134249472 422246777 11629642837
1791524241 gw-search-role-w2 251205888 2134249472 422246972 11629644637
1791524246 gw-search-role-w2 251206406 2134249472 422247206 11629646396
1791524251 gw-search-role-w2 251207102 2134249472 422247380 11629648216
1791524256 gw-search-role-w2 251207590 2134249472 422247639 11629649962
1791524262 gw-search-role-w2 251207903 2134249472 422247842 11629651759
1791524267 gw-search-role-w2 251208382 2134245376 422248009 11629653588
1791524272 gw-search-role-w2 251208746 2134245376 422248135 11629655458
1791524277 gw-search-role-w2 251209534 2134245376 422248283 11629657311
1791524282 gw-search-role-w2 251210932 2134245376 422248528 11629659059
1791524287 gw-search-role-w2 251211421 2134245376 422248652 11629660935
1791524292 gw-search-role-w2 251217547 2134249472 422248804 11629662779
1791524297 gw-search-role-w2 251218146 2134249472 422248947 11629664635
1791524302 gw-search-role-w2 251218639 2134249472 422249190 11629666390
1791524307 gw-search-role-w2 251219309 2134249472 422249452 11629668128
1791524312 gw-search-role-w2 251219810 2134249472 422249608 11629669973
1791524318 gw-search-role-w2 251220173 2134249472 422249782 11629671797
1791524323 gw-search-role-w2 251220854 2134249472 422250023 11629673557
1791524328 gw-search-role-w2 251221243 2134249472 422250223 11629675359
1791524333 gw-search-role-w2 251221792 2134249472 422250383 11629677194
1791524338 gw-search-role-w2 251222376 2134249472 422250524 11629679059
1791524343 gw-search-role-w2 251224017 2134249472 422250794 11629680788
1791524348 gw-search-role-w2 251224505 2134249472 422250943 11629682642
1791524353 gw-search-role-w2 251225518 2134249472 422251075 11629684507
1791524358 gw-search-role-w2 251227256 2134249472 422251322 11629686258
1791524363 gw-search-role-w2 251227917 2134249472 422251552 11629688026
1791524368 gw-search-role-w2 251228829 2134249472 422251764 11629689818
1791524374 gw-search-role-w2 251229302 2134249472 422251918 11629691655
1791524379 gw-search-role-w2 251229916 2134249472 422252065 11629693512
1791524384 gw-search-role-w2 251230319 2134249472 422252226 11629695349
1791524389 gw-search-role-w2 251230940 2134249472 422252482 11629697093
1791524394 gw-search-role-w2 251231365 2134249472 422252764 11629698813
1791524399 gw-search-role-w2 251247045 2134249472 422253054 11629700525
1791524404 gw-search-role-w2 251247491 2134249472 422253299 11629702291
1791524409 gw-search-role-w2 251248072 2134249472 422253442 11629704152
1791524414 gw-search-role-w2 251248414 2134249472 422253582 11629706012
1791524419 gw-search-role-w2 251248877 2134249472 422253716 11629707882
1791524425 gw-search-role-w2 251249331 2134249472 422253869 11629709740
1791524430 gw-search-role-w2 251249912 2134249472 422254009 11629711602
1791524435 gw-search-role-w2 253081103 2133479424 422254309 11629713305
1791524440 gw-search-role-w2 262586464 2134589440 422255402 11629714218
1791524445 gw-search-role-w2 272074713 2134409216 422256487 11629715143
1791524450 gw-search-role-w2 280138413 2136477696 422257451 11629716187
1791524455 gw-search-role-w2 288903575 2146959360 422258594 11629717043
1791524460 gw-search-role-w2 301205137 2152312832 422260002 11629717651
1791524465 gw-search-role-w2 309239175 2154319872 422261180 11629718502
1791524470 gw-search-role-w2 318830653 2149572608 422262362 11629719330
1791524476 gw-search-role-w2 326853210 2150604800 422263297 11629720404
1791524481 gw-search-role-w2 335858350 2153566208 422264481 11629721230
1791524486 gw-search-role-w2 347000063 2155831296 422266308 11629721449
1791524491 gw-search-role-w2 356113381 2158194688 422268004 11629721775
1791524496 gw-search-role-w2 363116336 2159280128 422269528 11629722244
1791524501 gw-search-role-w2 363165176 2159226880 422270435 11629723282
1791524506 gw-search-role-w2 363170133 2159226880 422271377 11629724314
1791524511 gw-search-role-w2 363170995 2159226880 422272346 11629725301
1791524517 gw-search-role-w2 363171529 2159226880 422273258 11629726335
1791524522 gw-search-role-w2 363175633 2159226880 422274211 11629727324
1791524527 gw-search-role-w2 363176093 2159226880 422275171 11629728313
1791524532 gw-search-role-w2 363176412 2159226880 422275903 11629729541
1791524537 gw-search-role-w2 363176898 2159226880 422276484 11629730965
1791524542 gw-search-role-w2 363177349 2159226880 422276762 11629732683
1791524547 gw-search-role-w2 363177736 2159226880 422276896 11629734549
1791524552 gw-search-role-w2 363178211 2159222784 422277087 11629736365
1791524557 gw-search-role-w2 363178701 2159222784 422277215 11629738231
1791524562 gw-search-role-w2 363179013 2159222784 422277381 11629740064
1791524568 gw-search-role-w2 363179623 2159222784 422277539 11629741907
1791524573 gw-search-role-w2 363180168 2159222784 422277678 11629743765
1791524578 gw-search-role-w2 363180771 2159222784 422277845 11629745600
1791524583 gw-search-role-w2 363182649 2159222784 422278007 11629747441
1791524588 gw-search-role-w2 363183134 2159222784 422278174 11629749274
1791524593 gw-search-role-w2 363183817 2159222784 422278515 11629750937
1791524598 gw-search-role-w2 363186090 2159222784 422278737 11629752722
1791524603 gw-search-role-w2 363186982 2159222784 422279017 11629754451
1791524608 gw-search-role-w2 363187738 2159222784 422279183 11629756290
1791524614 gw-search-role-w2 363188397 2159222784 422279343 11629758131
1791524619 gw-search-role-w2 363189257 2159222784 422279511 11629759962
1791524624 gw-search-role-w2 363189669 2159222784 422279654 11629761823
1791524629 gw-search-role-w2 363196435 2159230976 422279927 11629763549
1791524634 gw-search-role-w2 363196752 2159230976 422280313 11629765163
1791524639 gw-search-role-w2 363202711 2159230976 422280681 11629766798
1791524644 gw-search-role-w2 363203210 2159230976 422280837 11629768642
1791524649 gw-search-role-w2 363203889 2159230976 422281111 11629770367
1791524654 gw-search-role-w2 363204206 2159230976 422281249 11629772235
1791524659 gw-search-role-w2 363204773 2159230976 422281495 11629773990
1791524665 gw-search-role-w2 363205083 2159230976 422281660 11629775825
1791524670 gw-search-role-w2 363205902 2159230976 422281932 11629777547
1791524675 gw-search-role-w2 363206327 2159230976 422282070 11629779411
1791524680 gw-search-role-w2 363206702 2159230976 422282209 11629781279
1791524685 gw-search-role-w2 363207331 2159230976 422282370 11629783121
1791524690 gw-search-role-w2 363207764 2159230976 422282735 11629784761
1791524695 gw-search-role-w2 363208252 2159230976 422282876 11629786618
1791524700 gw-search-role-w2 363217444 2159230976 422283060 11629788436
1791524705 gw-search-role-w2 363218025 2159230976 422283231 11629790259
1791524710 gw-search-role-w2 363218380 2159230976 422283561 11629791936
1791524715 gw-search-role-w2 363222560 2159222784 422283724 11629793770
1791524721 gw-search-role-w2 371062482 2157678592 422284769 11629794745
1791524726 gw-search-role-w2 381160686 2156601344 422286063 11629795468
1791524731 gw-search-role-w2 391513779 2160877568 422287265 11629796284
1791524736 gw-search-role-w2 399894477 2157314048 422288254 11629797311
1791524741 gw-search-role-w2 408017567 2163023872 422289321 11629798256
1791524746 gw-search-role-w2 417052641 2164817920 422290382 11629799208
1791524751 gw-search-role-w2 427174870 2166894592 422291596 11629800019
1791524756 gw-search-role-w2 436042649 2169823232 422292686 11629800944
1791524762 gw-search-role-w2 445163962 2176118784 422293825 11629801816
1791524767 gw-search-role-w2 453885882 2176315392 422294952 11629802704
1791524772 gw-search-role-w2 464049067 2179657728 422296229 11629803457
1791524777 gw-search-role-w2 473314549 2175152128 422297417 11629804278
1791524782 gw-search-role-w2 474893199 2178564096 422297860 11629805834
1791524787 gw-search-role-w2 474911592 2178555904 422298138 11629807561
1791524792 gw-search-role-w2 474912200 2178555904 422298274 11629809424
1791524797 gw-search-role-w2 474912608 2178555904 422298430 11629811269
1791524802 gw-search-role-w2 474912923 2178555904 422298638 11629813062
1791524807 gw-search-role-w2 474913446 2178555904 422298904 11629814799
1791524813 gw-search-role-w2 474913781 2178555904 422299051 11629816651
1791524818 gw-search-role-w2 474914414 2178555904 422299171 11629818530
1791524823 gw-search-role-w2 474915770 2178555904 422299332 11629820366
1791524828 gw-search-role-w2 474916331 2178555904 422299473 11629822221
1791524833 gw-search-role-w2 474916706 2178551808 422299602 11629824096
1791524838 gw-search-role-w2 474917241 2178551808 422299765 11629825933
1791524843 gw-search-role-w2 474917582 2178551808 422299911 11629827785
1791524848 gw-search-role-w2 474918294 2178551808 422300117 11629829580
1791524853 gw-search-role-w2 474918600 2178551808 422300276 11629831423
1791524858 gw-search-role-w2 474919101 2178551808 422300408 11629833291
1791524863 gw-search-role-w2 474919538 2178551808 422300580 11629835116
1791524868 gw-search-role-w2 474919904 2178551808 422300835 11629836865
1791524874 gw-search-role-w2 474920425 2178551808 422301058 11629838642
1791524879 gw-search-role-w2 474920999 2178551808 422301297 11629840401
1791524884 gw-search-role-w2 474922668 2178551808 422301524 11629842176
1791524889 gw-search-role-w2 474922999 2178551808 422301686 11629844016
1791524894 gw-search-role-w2 474923436 2178551808 422301842 11629845859
1791524899 gw-search-role-w2 474923781 2178551808 422302073 11629847633
1791524904 gw-search-role-w2 474924374 2178551808 422302217 11629849493
1791524909 gw-search-role-w2 474924930 2178551808 422302372 11629851340
1791524914 gw-search-role-w2 474925332 2178551808 422302516 11629853197
1791524919 gw-search-role-w2 474928940 2178560000 422302656 11629855064
1791524924 gw-search-role-w2 474929213 2178560000 422302888 11629856831
1791524930 gw-search-role-w2 474929698 2178560000 422303045 11629858677
1791524935 gw-search-role-w2 474930072 2178560000 422303281 11629860444
1791524940 gw-search-role-w2 474931444 2178560000 422303487 11629862237
1791524945 gw-search-role-w2 474931727 2178560000 422303652 11629864070
1791524950 gw-search-role-w2 474932321 2178560000 422303804 11629865917
1791524955 gw-search-role-w2 474932712 2178560000 422303942 11629867774
1791524960 gw-search-role-w2 474933288 2178560000 422304085 11629869630
1791524965 gw-search-role-w2 474933676 2178560000 422304218 11629871499
1791524970 gw-search-role-w2 474935017 2178560000 422304385 11629873330
1791524975 gw-search-role-w2 474935579 2178560000 422304529 11629875185
1791524981 gw-search-role-w2 474936160 2178560000 422304680 11629877042
1791524986 gw-search-role-w2 474936883 2178560000 422304846 11629878881
1791524991 gw-search-role-w2 474937344 2178560000 422305248 11629880490
1791524996 gw-search-role-w2 474937804 2178560000 422305424 11629882319
1791525001 gw-search-role-w2 474952577 2178551808 422305644 11629884090
1791525006 gw-search-role-w2 484120550 2177892352 422306750 11629884992
1791525011 gw-search-role-w2 493465788 2178166784 422308024 11629885749
1791525016 gw-search-role-w2 501807078 2179923968 422309089 11629886685
1791525021 gw-search-role-w2 513236306 2179436544 422310457 11629887355
1791525026 gw-search-role-w2 520600359 2179907584 422311351 11629888465
1791525032 gw-search-role-w2 528658310 2179620864 422312298 11629889527
1791525037 gw-search-role-w2 537307319 2178502656 422313357 11629890468
1791525042 gw-search-role-w2 544863271 2179289088 422314375 11629891461
1791525047 gw-search-role-w2 554954236 2179629056 422315509 11629892334
1791525052 gw-search-role-w2 564041763 2178625536 422316575 11629893268
1791525057 gw-search-role-w2 573620405 2183118848 422317721 11629894140
1791525062 gw-search-role-w2 583575038 2185408512 422318860 11629895010
1791525067 gw-search-role-w2 584148763 2185035776 422319098 11629896769
1791525072 gw-search-role-w2 584164821 2185031680 422319384 11629898480
1791525077 gw-search-role-w2 584165153 2185027584 422319531 11629900329
1791525083 gw-search-role-w2 584165670 2185027584 422319855 11629902001
1791525088 gw-search-role-w2 584166124 2185027584 422320020 11629903845
1791525093 gw-search-role-w2 584166636 2185027584 422320167 11629905697
1791525098 gw-search-role-w2 584167020 2185027584 422320339 11629907527
1791525103 gw-search-role-w2 584167288 2185027584 422320567 11629909299
1791525108 gw-search-role-w2 584167704 2185027584 422320826 11629911036
1791525113 gw-search-role-w2 584168015 2185027584 422320973 11629912888
1791525118 gw-search-role-w2 584168698 2185027584 422321113 11629914752
1791525123 gw-search-role-w2 584170189 2185027584 422321268 11629916595
1791525128 gw-search-role-w2 584170650 2185027584 422321399 11629918469
1791525133 gw-search-role-w2 584170931 2185027584 422321556 11629920316
1791525139 gw-search-role-w2 584171319 2185027584 422321718 11629922164
1791525144 gw-search-role-w2 584171587 2185027584 422321919 11629923964
1791525149 gw-search-role-w2 584172345 2185027584 422322153 11629925729
1791525154 gw-search-role-w2 584172907 2185027584 422322416 11629927463
1791525159 gw-search-role-w2 584173149 2185027584 422322546 11629929340
1791525164 gw-search-role-w2 584177926 2185027584 422322689 11629931196
1791525169 gw-search-role-w2 584178247 2185027584 422322844 11629933044
1791525174 gw-search-role-w2 584178785 2185027584 422322999 11629934890
1791525179 gw-search-role-w2 584180081 2185027584 422323146 11629936741
1791525184 gw-search-role-w2 584180511 2185027584 422323304 11629938579
1791525189 gw-search-role-w2 584180746 2185027584 422323447 11629940435
1791525195 gw-search-role-w2 584181271 2185027584 422323700 11629942181
1791525200 gw-search-role-w2 584181528 2185027584 422323860 11629944019
1791525205 gw-search-role-w2 584182042 2185027584 422324204 11629945677
1791525210 gw-search-role-w2 584182475 2185027584 422324363 11629947516
1791525215 gw-search-role-w2 584182922 2185027584 422324517 11629949359
1791525220 gw-search-role-w2 584183378 2185027584 422324740 11629951137
1791525225 gw-search-role-w2 584183626 2185027584 422324967 11629952905
1791525230 gw-search-role-w2 584184169 2185027584 422325137 11629954735
1791525235 gw-search-role-w2 584184509 2185027584 422325415 11629956455
1791525240 gw-search-role-w2 584186183 2185027584 422325750 11629958127
1791525245 gw-search-role-w2 584186554 2185027584 422325913 11629959955
1791525251 gw-search-role-w2 584187076 2185027584 422326085 11629961778
1791525256 gw-search-role-w2 584187406 2185027584 422326320 11629963553
1791525261 gw-search-role-w2 584187894 2185027584 422326469 11629965407
1791525266 gw-search-role-w2 584188219 2185027584 422326669 11629967204
1791525271 gw-search-role-w2 584189163 2185027584 422326862 11629969010
1791525276 gw-search-role-w2 584189830 2185027584 422326989 11629970884
1791525281 gw-search-role-w2 584190337 2185027584 422327152 11629972722
1791525286 gw-search-role-w2 584192120 2185027584 422327390 11629974484
1791525291 gw-search-role-w2 591045970 2184724480 422328220 11629975672
1791525296 gw-search-role-w2 604278393 2185555968 422329857 11629976071
1791525302 gw-search-role-w2 616836507 2184474624 422331283 11629976666
1791525307 gw-search-role-w2 629586749 2187419648 422332814 11629977186
1791525312 gw-search-role-w2 642803871 2187063296 422334303 11629977724
1791525317 gw-search-role-w2 656434908 2188304384 422335933 11629978125
1791525322 gw-search-role-w2 671048050 2185728000 422337517 11629978566
1791525327 gw-search-role-w2 683851204 2188640256 422339089 11629979027
1791525332 gw-search-role-w2 697080581 2186473472 422340558 11629979582
1791525337 gw-search-role-w2 710899772 2192089088 422342073 11629980105
1791525343 gw-search-role-w2 724788807 2187014144 422343658 11629980556
1791525348 gw-search-role-w2 737967017 2188201984 422345128 11629981107
1791525353 gw-search-role-w2 741823256 2189516800 422345801 11629982449
1791525358 gw-search-role-w2 741877884 2189451264 422346083 11629984164
1791525363 gw-search-role-w2 741879820 2189451264 422346211 11629986033
1791525368 gw-search-role-w2 741880106 2189447168 422346349 11629987896
1791525373 gw-search-role-w2 741880595 2189447168 422346499 11629989741
1791525378 gw-search-role-w2 741880874 2189447168 422346627 11629991611
1791525383 gw-search-role-w2 741881383 2189447168 422346768 11629993472
1791525388 gw-search-role-w2 741882028 2189447168 422347037 11629995202
1791525394 gw-search-role-w2 741882360 2189447168 422347308 11629996933
1791525399 gw-search-role-w2 741882769 2189447168 422347574 11629998668
1791525404 gw-search-role-w2 741883035 2189447168 422347798 11630000444
1791525409 gw-search-role-w2 741883446 2189443072 422347993 11630002254
1791525414 gw-search-role-w2 741883758 2189443072 422348134 11630004115
1791525419 gw-search-role-w2 741884360 2189443072 422348257 11630006001
1791525424 gw-search-role-w2 741885636 2189443072 422348431 11630007825
1791525429 gw-search-role-w2 741886170 2189443072 422348575 11630009686
1791525434 gw-search-role-w2 741886486 2189443072 422348717 11630011541
1791525439 gw-search-role-w2 741886890 2189443072 422348876 11630013389
1791525444 gw-search-role-w2 741887327 2189443072 422349017 11630015246
1791525450 gw-search-role-w2 741887813 2189443072 422349167 11630017096
1791525455 gw-search-role-w2 741888414 2189443072 422349405 11630018861
1791525460 gw-search-role-w2 741889712 2189443072 422349583 11630020683
1791525465 gw-search-role-w2 741891238 2189443072 422349723 11630022546
1791525470 gw-search-role-w2 741892162 2189443072 422349893 11630024372
1791525475 gw-search-role-w2 741892943 2189443072 422350056 11630026209
1791525480 gw-search-role-w2 741897159 2189443072 422350207 11630028062
1791525485 gw-search-role-w2 741898058 2189443072 422350503 11630029761
1791525490 gw-search-role-w2 741898383 2189443072 422350669 11630031603
1791525495 gw-search-role-w2 741898855 2189443072 422350984 11630033291
1791525501 gw-search-role-w2 741899318 2189443072 422351128 11630035151
1791525506 gw-search-role-w2 741899591 2189443072 422351307 11630036980
1791525511 gw-search-role-w2 741900364 2189443072 422351539 11630038753
1791525516 gw-search-role-w2 741900676 2189443072 422351692 11630040608
1791525521 gw-search-role-w2 741901106 2189443072 422351847 11630042452
1791525526 gw-search-role-w2 741901374 2189443072 422351978 11630044321
1791525531 gw-search-role-w2 741901840 2189443072 422352140 11630046166
1791525536 gw-search-role-w2 741902120 2189443072 422352293 11630048014
1791525541 gw-search-role-w2 741914055 2189443072 422352616 11630049688
1791525546 gw-search-role-w2 741914418 2189443072 422352823 11630051485
1791525552 gw-search-role-w2 741914964 2189443072 422352983 11630053330
1791525557 gw-search-role-w2 741915367 2189443072 422353130 11630055191
1791525562 gw-search-role-w2 741915719 2189443072 422353310 11630057014
1791525567 gw-search-role-w2 741916137 2189443072 422353448 11630058875
1791525572 gw-search-role-w2 741916611 2189443072 422353611 11630060708
1791525577 gw-search-role-w2 744417312 2187104256 422353965 11630062352
1791525582 gw-search-role-w2 758358658 2189135872 422355505 11630062842
1791525587 gw-search-role-w2 771661566 2187116544 422357018 11630063364
1791525592 gw-search-role-w2 785385999 2191302656 422358533 11630063875
1791525597 gw-search-role-w2 798341212 2187792384 422359978 11630064447
1791525603 gw-search-role-w2 808097459 2190639104 422361136 11630065271
1791525608 gw-search-role-w2 818302276 2188120064 422362417 11630065999
1791525613 gw-search-role-w2 830235043 2196115456 422364027 11630066413
1791525618 gw-search-role-w2 843214600 2187255808 422365745 11630066725
1791525623 gw-search-role-w2 855693951 2189279232 422367276 11630067229
1791525628 gw-search-role-w2 869178520 2192228352 422368932 11630067608
1791525633 gw-search-role-w2 883084478 2188779520 422370464 11630068112
1791525638 gw-search-role-w2 890837963 2192613376 422371580 11630069027
1791525644 gw-search-role-w2 890890495 2192527360 422371826 11630070781
1791525649 gw-search-role-w2 890900769 2192527360 422371963 11630072640
1791525654 gw-search-role-w2 890901189 2192527360 422372118 11630074486
1791525659 gw-search-role-w2 890901561 2192523264 422372262 11630076334
1791525664 gw-search-role-w2 890903227 2192523264 422372401 11630078196
1791525669 gw-search-role-w2 890903594 2192523264 422372639 11630079952
1791525674 gw-search-role-w2 890904020 2192523264 422372968 11630081617
1791525679 gw-search-role-w2 890904305 2192523264 422373360 11630083242
1791525684 gw-search-role-w2 890904810 2192523264 422373544 11630085055
1791525689 gw-search-role-w2 890905341 2192523264 422373876 11630086722
1791525694 gw-search-role-w2 890905655 2192523264 422374117 11630088486
1791525700 gw-search-role-w2 890906097 2192519168 422374370 11630090231
1791525705 gw-search-role-w2 890906425 2192519168 422374571 11630092031
1791525710 gw-search-role-w2 890906935 2192519168 422374767 11630093842
1791525715 gw-search-role-w2 890907294 2192519168 422375097 11630095514
1791525720 gw-search-role-w2 890908625 2192519168 422375332 11630097279
1791525725 gw-search-role-w2 890908951 2192519168 422375482 11630099121
1791525730 gw-search-role-w2 890909396 2192519168 422375626 11630100968
1791525735 gw-search-role-w2 890909773 2192519168 422375775 11630102820
1791525740 gw-search-role-w2 890910312 2192519168 422375942 11630104657
1791525745 gw-search-role-w2 890910878 2192519168 422376105 11630106490
1791525751 gw-search-role-w2 890911406 2192519168 422376331 11630108265
1791525756 gw-search-role-w2 890911850 2192519168 422376478 11630110118
1791525761 gw-search-role-w2 890912202 2192519168 422376728 11630111867
1791525766 gw-search-role-w2 890912660 2192519168 422377067 11630113528
1791525771 gw-search-role-w2 890913006 2192519168 422377384 11630115208
1791525776 gw-search-role-w2 890913851 2192519168 422377695 11630116894
1791525781 gw-search-role-w2 890918536 2192519168 422377975 11630118621
1791525786 gw-search-role-w2 890919123 2192519168 422378116 11630120495
1791525791 gw-search-role-w2 890919590 2192519168 422378348 11630122265
1791525796 gw-search-role-w2 890920248 2192519168 422378594 11630124023
1791525802 gw-search-role-w2 890921025 2192519168 422378895 11630125721
1791525807 gw-search-role-w2 890921265 2192519168 422379226 11630127385
1791525812 gw-search-role-w2 890927550 2192523264 422379468 11630129144
1791525817 gw-search-role-w2 890927836 2192523264 422379622 11630130990
1791525822 gw-search-role-w2 890928262 2192523264 422379782 11630132830
1791525827 gw-search-role-w2 890928535 2192523264 422380019 11630134592
1791525832 gw-search-role-w2 890928988 2192523264 422380155 11630136448
1791525837 gw-search-role-w2 890929265 2192523264 422380328 11630138268
1791525842 gw-search-role-w2 890932583 2192523264 422380635 11630139962
1791525847 gw-search-role-w2 890932874 2192523264 422380778 11630141813
1791525852 gw-search-role-w2 890933889 2192523264 422380911 11630143674
1791525857 gw-search-role-w2 890934363 2192523264 422381168 11630145417
1791525863 gw-search-role-w2 890934638 2192523264 422381374 11630147207
1791525868 gw-search-role-w2 890935201 2192523264 422381575 11630149007
1791525873 gw-search-role-w2 890935591 2192523264 422381887 11630150696
1791525878 gw-search-role-w2 890936075 2192523264 422382024 11630152551
1791525883 gw-search-role-w2 890936328 2192523264 422382361 11630154221
1791525888 gw-search-role-w2 890936958 2192523264 422382703 11630155882
1791525893 gw-search-role-w2 890937284 2192523264 422382858 11630157726
1791525898 gw-search-role-w2 890945920 2192523264 422383288 11630159303
1791525903 gw-search-role-w2 890947180 2192523264 422383524 11630161054
1791525908 gw-search-role-w2 890947738 2192523264 422383658 11630162925
1791525914 gw-search-role-w2 890948208 2192523264 422383807 11630164775
1791525919 gw-search-role-w2 890948500 2192523264 422384012 11630166570
1791525924 gw-search-role-w2 890948954 2192523264 422384154 11630168424
1791525929 gw-search-role-w2 890949489 2192523264 422384422 11630170160
1791525934 gw-search-role-w2 890949937 2192523264 422384676 11630171910
1791525939 gw-search-role-w2 890950235 2192523264 422384823 11630173772
1791525944 gw-search-role-w2 890950774 2192523264 422384967 11630175630
1791525949 gw-search-role-w2 890951105 2192523264 422385120 11630177489
1791525954 gw-search-role-w2 890951659 2192523264 422385298 11630179320
1791525959 gw-search-role-w2 890952967 2192523264 422385446 11630181171
1791525964 gw-search-role-w2 890953370 2192523264 422385564 11630183056
1791525970 gw-search-role-w2 890953679 2192523264 422385841 11630184782
1791525975 gw-search-role-w2 890954112 2192523264 422386093 11630186534
1791525980 gw-search-role-w2 890954842 2192523264 422386247 11630188389
1791525985 gw-search-role-w2 890955212 2192523264 422386416 11630190221
1791525990 gw-search-role-w2 890957215 2192523264 422386549 11630192088
1791525995 gw-search-role-w2 890957610 2192523264 422386683 11630193959
1791526000 gw-search-role-w2 890959364 2192523264 422386864 11630195784
1791526005 gw-search-role-w2 890959757 2192523264 422387128 11630197520
1791526010 gw-search-role-w2 890960294 2192523264 422387349 11630199295
1791526015 gw-search-role-w2 890960648 2192523264 422387722 11630200917
1791526020 gw-search-role-w2 890965062 2192523264 422387920 11630202722
1791526026 gw-search-role-w2 890965379 2192523264 422388191 11630204452
1791526031 gw-search-role-w2 890965816 2192523264 422388409 11630206232
1791526036 gw-search-role-w2 890966206 2192523264 422388554 11630208084
1791526041 gw-search-role-w2 890973098 2192519168 422388707 11630209931
1791526046 gw-search-role-w2 890973567 2192519168 422388935 11630211702
1791526051 gw-search-role-w2 890974045 2192519168 422389234 11630213398
1791526056 gw-search-role-w2 890974472 2192519168 422389397 11630215232
1791526061 gw-search-role-w2 890974818 2192519168 422389562 11630217064
1791526066 gw-search-role-w2 890975307 2192519168 422389881 11630218743
1791526071 gw-search-role-w2 890975635 2192519168 422390033 11630220584
1791526076 gw-search-role-w2 890976573 2192519168 422390196 11630222428
1791526082 gw-search-role-w2 890977770 2192519168 422390558 11630224071
1791526087 gw-search-role-w2 890978282 2192519168 422390833 11630225798
1791526092 gw-search-role-w2 890978681 2192519168 422390998 11630227632
1791526097 gw-search-role-w2 890979038 2192519168 422391245 11630229381
1791526102 gw-search-role-w2 890979629 2192519168 422391515 11630231111
1791526107 gw-search-role-w2 890980141 2192519168 422391663 11630232963
1791526112 gw-search-role-w2 890982460 2192519168 422391808 11630234818
1791526117 gw-search-role-w2 890982963 2192519168 422391974 11630236654
1791526122 gw-search-role-w2 890983547 2192519168 422392226 11630238411
1791526127 gw-search-role-w2 890983828 2192519168 422392371 11630240264
1791526133 gw-search-role-w2 890984486 2192519168 422392638 11630242003
1791526138 gw-search-role-w2 890985025 2192519168 422392876 11630243767
1791526143 gw-search-role-w2 890988363 2192519168 422393131 11630245514
1791526148 gw-search-role-w2 890988842 2192519168 422393281 11630247360
1791526153 gw-search-role-w2 890989174 2192519168 422393425 11630249211
1791526158 gw-search-role-w2 890989591 2192519168 422393550 11630251086
1791526163 gw-search-role-w2 890989863 2192519168 422393708 11630252932
1791526168 gw-search-role-w2 890990546 2192519168 422393916 11630254721
1791526173 gw-search-role-w2 890990895 2192519168 422394065 11630256567
1791526178 gw-search-role-w2 890991322 2192519168 422394238 11630258385
1791526183 gw-search-role-w2 890991666 2192519168 422394395 11630260236
1791526189 gw-search-role-w2 890992172 2192519168 422394609 11630262019
1791526194 gw-search-role-w2 890992410 2192519168 422394878 11630263748
1791526199 gw-search-role-w2 890997544 2192519168 422395012 11630265615
1791526204 gw-search-role-w2 890998749 2192519168 422395312 11630267310
1791526209 gw-search-role-w2 891006466 2192519168 422395449 11630269172
1791526214 gw-search-role-w2 891006958 2192519168 422395719 11630270896
1791526219 gw-search-role-w2 891007322 2192519168 422395975 11630272638
1791526224 gw-search-role-w2 897766577 2187931648 422396785 11630273848
1791526229 gw-search-role-w2 911302432 2190065664 422398309 11630274346
1791526234 gw-search-role-w2 925655705 2188197888 422399888 11630274790
1791526239 gw-search-role-w2 939541725 2188111872 422401432 11630275268
1791526245 gw-search-role-w2 952824897 2191622144 422402904 11630275821
1791526250 gw-search-role-w2 967058847 2189451264 422404491 11630276282
1791526255 gw-search-role-w2 979716154 2192642048 422405918 11630276884
1791526260 gw-search-role-w2 991917587 2192388096 422407836 11630276998
1791526265 gw-search-role-w2 1004412746 2192793600 422409732 11630277152
1791526270 gw-search-role-w2 1017117422 2190753792 422411601 11630277322
1791526275 gw-search-role-w2 1028421993 2189520896 422413554 11630277416
1791526280 gw-search-role-w2 1041273301 2188713984 422415497 11630277524
1791526286 gw-search-role-w2 1045156543 2189680640 422416637 11630278394
1791526291 gw-search-role-w2 1045199121 2189107200 422417382 11630279628
1791526296 gw-search-role-w2 1045206886 2189107200 422418028 11630280993
1791526301 gw-search-role-w2 1045210338 2189107200 422418689 11630282335
1791526306 gw-search-role-w2 1045214774 2189107200 422419302 11630283722
1791526311 gw-search-role-w2 1045217648 2184126464 422420076 11630284950
1791526316 gw-search-role-w2 1045223666 2184126464 422420712 11630286308
1791526321 gw-search-role-w2 1045232538 2184126464 422421056 11630287969
1791526326 gw-search-role-w2 1045238693 2184126464 422421212 11630289808
1791526331 gw-search-role-w2 1045245879 2184126464 422421423 11630291597
1791526337 gw-search-role-w2 1045250659 2184122368 422421617 11630293413
1791526342 gw-search-role-w2 1045256926 2184122368 422421792 11630295231
1791526347 gw-search-role-w2 1045265378 2184130560 422421937 11630297085
1791526352 gw-search-role-w2 1046273156 2181292032 422422172 11630298861
1791526357 gw-search-role-w2 1061232433 2184536064 422423813 11630299252
1791526362 gw-search-role-w2 1075462716 2184949760 422425408 11630299703
1791526367 gw-search-role-w2 1089897380 2186543104 422426998 11630300146
1791526372 gw-search-role-w2 1103855434 2185129984 422428673 11630300504
1791526378 gw-search-role-w2 1117521812 2185240576 422430220 11630300991
1791526383 gw-search-role-w2 1131030959 2228985856 422431732 11630301504
1791526388 gw-search-role-w2 1145171559 2228342784 422433304 11630301951
1791526393 gw-search-role-w2 1159192318 2228760576 422434877 11630302416
1791526398 gw-search-role-w2 1173725852 2229350400 422436466 11630302859
1791526403 gw-search-role-w2 1187443098 2227802112 422438067 11630303278
1791526408 gw-search-role-w2 1201574473 2228678656 422439629 11630303739
1791526413 gw-search-role-w2 1212851796 2232090624 422440956 11630304436
1791526418 gw-search-role-w2 1212893959 2232000512 422441124 11630306267
1791526424 gw-search-role-w2 1212909687 2232000512 422441272 11630308117
1791526429 gw-search-role-w2 1223343217 2230759424 422442426 11630308973
1791526434 gw-search-role-w2 1236625890 2228350976 422444105 11630309330
1791526439 gw-search-role-w2 1250999803 2229465088 422445717 11630309751
1791526444 gw-search-role-w2 1263905767 2229350400 422447197 11630310302
1791526449 gw-search-role-w2 1277451354 2230517760 422448699 11630310813
1791526454 gw-search-role-w2 1290914035 2227171328 422450205 11630311339
1791526459 gw-search-role-w2 1305291005 2228449280 422451826 11630311743
1791526464 gw-search-role-w2 1319020338 2231177216 422453388 11630312202
1791526470 gw-search-role-w2 1332733233 2228453376 422455036 11630312605
1791526475 gw-search-role-w2 1347492602 2231795712 422456672 11630312999
1791526480 gw-search-role-w2 1361258782 2226667520 422458304 11630313391
1791526485 gw-search-role-w2 1374945461 2231324672 422459815 11630313903
1791526490 gw-search-role-w2 1376269434 2231959552 422460151 11630315572
1791526495 gw-search-role-w2 1376296269 2231914496 422460286 11630317435
1791526500 gw-search-role-w2 1385240887 2229137408 422461414 11630318317
1791526505 gw-search-role-w2 1396342216 2229354496 422462775 11630318976
1791526510 gw-search-role-w2 1409424079 2231394304 422464245 11630319543
1791526516 gw-search-role-w2 1422349598 2230276096 422465804 11630320012
1791526521 gw-search-role-w2 1432701025 2228936704 422466981 11630320852
1791526526 gw-search-role-w2 1444918991 2230165504 422468359 11630321494
1791526531 gw-search-role-w2 1457909584 2231844864 422469811 11630322066
1791526536 gw-search-role-w2 1471315043 2232373248 422471373 11630322537
1791526541 gw-search-role-w2 1484961402 2274639872 422472984 11630322952
1791526546 gw-search-role-w2 1498675525 2333700096 422474511 11630323451
1791526551 gw-search-role-w2 1512720602 2355908608 422476101 11630323907
1791526557 gw-search-role-w2 1525972922 2362441728 422477622 11630324418
1791526562 gw-search-role-w2 1527373712 2361012224 422477923 11630326121
1791526567 gw-search-role-w2 1527408791 2360967168 422478141 11630327902
1791526572 gw-search-role-w2 1527413861 2360963072 422478457 11630329588
1791526577 gw-search-role-w2 1527414240 2360963072 422478716 11630331338
1791526582 gw-search-role-w2 1527414914 2360963072 422478968 11630333080
1791526587 gw-search-role-w2 1527415381 2360963072 422479196 11630334855
1791526592 gw-search-role-w2 1527415935 2360958976 422479318 11630336735
1791526597 gw-search-role-w2 1527416372 2360958976 422479475 11630338577
1791526602 gw-search-role-w2 1527416941 2360958976 422479668 11630340393
1791526607 gw-search-role-w2 1527417279 2360958976 422479849 11630342213
1791526613 gw-search-role-w2 1527417872 2360958976 422480001 11630344060
1791526618 gw-search-role-w2 1527418602 2360954880 422480140 11630345923
1791526623 gw-search-role-w2 1527419946 2360954880 422480288 11630347773
1791526628 gw-search-role-w2 1527420527 2360954880 422480502 11630349564
1791526633 gw-search-role-w2 1527420982 2360954880 422480669 11630351417
1791526638 gw-search-role-w2 1527421381 2360954880 422481025 11630353063
1791526643 gw-search-role-w2 1527421926 2360954880 422481224 11630354856
1791526648 gw-search-role-w2 1527422649 2360954880 422481421 11630356658
1791526653 gw-search-role-w2 1527423204 2360954880 422481614 11630358467
1791526658 gw-search-role-w2 1528222511 1988972544 422481842 11630360245
1791526664 gw-search-role-w2 1528222858 1988972544 422482004 11630362085
1791526669 gw-search-role-w2 1528223587 1988972544 422482182 11630363908
1791526674 gw-search-role-w2 1528223950 1988972544 422482483 11630365606
1791526679 gw-search-role-w2 1528224846 1988972544 422482742 11630367347
1791526684 gw-search-role-w2 1528226734 1988976640 422482880 11630369218
1791526689 gw-search-role-w2 1528227103 1988976640 422483050 11630371046
1791526694 gw-search-role-w2 1528227849 1988976640 422483284 11630372822
1791526699 gw-search-role-w2 1528228400 1988976640 422483542 11630374561
1791526704 gw-search-role-w2 1528228899 1988976640 422483722 11630376380
1791526709 gw-search-role-w2 1528229655 1988976640 422483967 11630378142
1791526715 gw-search-role-w2 1528230147 1988976640 422484107 11630380002
1791526720 gw-search-role-w2 1528230635 1988976640 422484404 11630381705
1791526725 gw-search-role-w2 1528231206 1988976640 422484703 11630383406
1791526730 gw-search-role-w2 1528231603 1988976640 422484863 11630385245
1791526735 gw-search-role-w2 1528233122 1988976640 422485127 11630386973
1791526740 gw-search-role-w2 1528234802 1988976640 422485355 11630388746
1791526745 gw-search-role-w2 1528235065 1988976640 422485621 11630390476
1791526750 gw-search-role-w2 1528235827 1988976640 422485957 11630392136
1791526755 gw-search-role-w2 1528236536 1988976640 422486106 11630394008
1791526760 gw-search-role-w2 1528237164 1988976640 422486264 11630395850
1791526765 gw-search-role-w2 1529384532 1976537088 422486514 11630397603
1791526771 gw-search-role-w2 1529385638 1976537088 422486788 11630399336
1791526776 gw-search-role-w2 1529386088 1976537088 422487033 11630401090
1791526781 gw-search-role-w2 1529386823 1976541184 422487171 11630402956
1791526786 gw-search-role-w2 1529387115 1976541184 422487400 11630404731
1791526791 gw-search-role-w2 1529387635 1976541184 422487574 11630406556
1791526796 gw-search-role-w2 1529388116 1976545280 422487704 11630408426
1791526801 gw-search-role-w2 1529400459 1976647680 422487957 11630410172
1791526806 gw-search-role-w2 1529401159 1976647680 422488125 11630412000
1791526811 gw-search-role-w2 1529408343 1976713216 422488273 11630413856
1791526816 gw-search-role-w2 1529408888 1976713216 422488415 11630415723
1791526821 gw-search-role-w2 1529409267 1976717312 422488567 11630417577
1791526827 gw-search-role-w2 1529409953 1976717312 422488760 11630419385
1791526832 gw-search-role-w2 1529410842 1976717312 422489100 11630421048
1791526837 gw-search-role-w2 1529411614 1976721408 422489398 11630422752
1791526842 gw-search-role-w2 1529411893 1976721408 422489569 11630424583
1791526847 gw-search-role-w2 1529412490 1976721408 422489718 11630426439
1791526852 gw-search-role-w2 1529412970 1976725504 422489954 11630428202
1791526857 gw-search-role-w2 1529413286 1976725504 422490284 11630429877
1791526862 gw-search-role-w2 1529417352 1976733696 422490567 11630431595
1791526867 gw-search-role-w2 1529417766 1976737792 422490711 11630433445
1791526872 gw-search-role-w2 1529418214 1976737792 422490961 11630435197
1791526878 gw-search-role-w2 1529418449 1976737792 422491245 11630436913
1791526883 gw-search-role-w2 1529419039 1976741888 422491388 11630438768
1791526888 gw-search-role-w2 1529419565 1976741888 422491661 11630440487
1791526893 gw-search-role-w2 1529420011 1976741888 422491882 11630442269
1791526898 gw-search-role-w2 1529420333 1976741888 422492132 11630444018
1791526903 gw-search-role-w2 1529420778 1976741888 422492331 11630445816
1791526908 gw-search-role-w2 1529421252 1976741888 422492493 11630447650
1791526913 gw-search-role-w2 1529429358 1976754176 422492646 11630449494
1791526918 gw-search-role-w2 1529429936 1976754176 422492770 11630451372
1791526923 gw-search-role-w2 1529431056 1976762368 422492906 11630453232
1791526928 gw-search-role-w2 1529431449 1976766464 422493167 11630454961
1791526933 gw-search-role-w2 1529431771 1976766464 422493384 11630456745
1791526939 gw-search-role-w2 1529432188 1976766464 422493523 11630458604
1791526944 gw-search-role-w2 1529432419 1976770560 422493782 11630460335
1791526949 gw-search-role-w2 1529432962 1976770560 422493926 11630462191
1791526954 gw-search-role-w2 1529433207 1976770560 422494165 11630463950
1791526959 gw-search-role-w2 1529433685 1976774656 422494338 11630465778
1791526964 gw-search-role-w2 1529433989 1976774656 422494551 11630467566
1791526969 gw-search-role-w2 1529434516 1976774656 422494697 11630469417
1791526974 gw-search-role-w2 1529435094 1976778752 422494947 11630471173
1791526979 gw-search-role-w2 1529435491 1976778752 422495115 11630473015
1791526984 gw-search-role-w2 1529437788 1976791040 422495580 11630474546
1791526989 gw-search-role-w2 1529438179 1976791040 422495732 11630476390
1791526995 gw-search-role-w2 1529438631 1976791040 422495861 11630478265
1791527000 gw-search-role-w2 1529438937 1976791040 422496013 11630480116
1791527005 gw-search-role-w2 1529439358 1976795136 422496164 11630481972
1791527010 gw-search-role-w2 1529439927 1976795136 422496376 11630483758
1791527015 gw-search-role-w2 1529440348 1976795136 422496701 11630485436
1791527020 gw-search-role-w2 1529440648 1976799232 422496950 11630487186
1791527025 gw-search-role-w2 1529441167 1976799232 422497056 11630489085
1791527030 gw-search-role-w2 1529441741 1976799232 422497329 11630490808
1791527035 gw-search-role-w2 1529442039 1976803328 422497585 11630492553
1791527040 gw-search-role-w2 1529445763 1976811520 422497839 11630494295
1791527045 gw-search-role-w2 1529446047 1976811520 422498195 11630495941
1791527051 gw-search-role-w2 1529446773 1976815616 422498463 11630497671
1791527056 gw-search-role-w2 1529447387 1976815616 422498577 11630499557
1791527061 gw-search-role-w2 1529448321 1976815616 422498769 11630501377
1791527066 gw-search-role-w2 1529448664 1976819712 422499109 11630503043
1791527071 gw-search-role-w2 1529449467 1976819712 422499262 11630504894
1791527076 gw-search-role-w2 1529449763 1976819712 422499423 11630506738
1791527081 gw-search-role-w2 1529450265 1976823808 422499552 11630508610
1791527086 gw-search-role-w2 1529450690 1976823808 422499793 11630510365
1791527091 gw-search-role-w2 1529450951 1976823808 422499962 11630512194
1791527096 gw-search-role-w2 1529451485 1976827904 422500088 11630514074
1791527102 gw-search-role-w2 1529487363 1976877056 422500271 11630515901
1791527107 gw-search-role-w2 1529487778 1976877056 422500543 11630517645
1791527112 gw-search-role-w2 1529488230 1976881152 422500876 11630519310
1791527117 gw-search-role-w2 1529488785 1976881152 422501137 11630521053
1791527122 gw-search-role-w2 1529489101 1976881152 422501275 11630522911
1791527127 gw-search-role-w2 1529489505 1976885248 422501413 11630524778
1791527132 gw-search-role-w2 1529489969 1976885248 422501561 11630526625
1791527137 gw-search-role-w2 1529490462 1976885248 422501702 11630528490
1791527142 gw-search-role-w2 1529490894 1976889344 422501940 11630530255
1791527147 gw-search-role-w2 1529491269 1976889344 422502093 11630532099
1791527152 gw-search-role-w2 1529491701 1976889344 422502338 11630533849
1791527158 gw-search-role-w2 1529492101 1976893440 422502569 11630535625
1791527163 gw-search-role-w2 1529494524 1976901632 422502721 11630537470
1791527168 gw-search-role-w2 1529494779 1976901632 422502971 11630539223
1791527173 gw-search-role-w2 1529500379 1976897536 422503116 11630541076
1791527178 gw-search-role-w2 1529500744 1976897536 422503259 11630542929
1791527183 gw-search-role-w2 1529501211 1976897536 422503524 11630544671
1791527188 gw-search-role-w2 1529502112 1976901632 422503776 11630546416
1791527193 gw-search-role-w2 1529502858 1976901632 422504023 11630548167
1791527198 gw-search-role-w2 1529503876 1976901632 422504177 11630550010
1791527203 gw-search-role-w2 1529504240 1976905728 422504371 11630551819
1791527208 gw-search-role-w2 1529504900 1976905728 422504551 11630553644
1791527214 gw-search-role-w2 1529505139 1976905728 422504693 11630555495
1791527219 gw-search-role-w2 1529506116 1976909824 422504832 11630557355
1791527224 gw-search-role-w2 1529510912 1976918016 422504989 11630559198
1791527229 gw-search-role-w2 1529511442 1976922112 422505128 11630561057
1791527234 gw-search-role-w2 1529511708 1976922112 422505327 11630562858
1791527239 gw-search-role-w2 1529512122 1976922112 422505687 11630564501
1791527244 gw-search-role-w2 1529512526 1976922112 422505908 11630566289
1791527249 gw-search-role-w2 1529513141 1976926208 422506154 11630568048
1791527254 gw-search-role-w2 1529513534 1976926208 422506287 11630569914
1791527259 gw-search-role-w2 1529513871 1976926208 422506433 11630571769
1791527264 gw-search-role-w2 1529514401 1976930304 422506661 11630573540
1791527270 gw-search-role-w2 1529514772 1976930304 422506861 11630575348
1791527275 gw-search-role-w2 1529515135 1976930304 422507084 11630577125
1791527280 gw-search-role-w2 1529516681 1976938496 422507282 11630578937
1791527285 gw-search-role-w2 1529517057 1976938496 422507436 11630580795
1791527290 gw-search-role-w2 1529517387 1976942592 422507583 11630582652
1791527295 gw-search-role-w2 1529517771 1976942592 422507729 11630584503
1791527300 gw-search-role-w2 1529518121 1976942592 422507873 11630586358
1791527305 gw-search-role-w2 1529518553 1976946688 422508014 11630588214
1791527310 gw-search-role-w2 1529519039 1976946688 422508348 11630589875
1791527315 gw-search-role-w2 1529519473 1976946688 422508485 11630591740
1791527320 gw-search-role-w2 1529519951 1976950784 422508708 11630593513
1791527326 gw-search-role-w2 1529520271 1976950784 422508951 11630595271
1791527331 gw-search-role-w2 1529520680 1976950784 422509124 11630597095
1791527336 gw-search-role-w2 1529521167 1976950784 422509373 11630598860
1791527341 gw-search-role-w2 1529523128 1976963072 422509637 11630600598
1791527346 gw-search-role-w2 1529523399 1976963072 422509954 11630602287
1791527351 gw-search-role-w2 1529523957 1976967168 422510224 11630604009
1791527356 gw-search-role-w2 1529524212 1976967168 422510341 11630605891
1791527361 gw-search-role-w2 1529524652 1976967168 422510510 11630607710
1791527366 gw-search-role-w2 1529525025 1976971264 422510752 11630609473
1791527372 gw-search-role-w2 1529525505 1976971264 422510894 11630611328
1791527377 gw-search-role-w2 1529535951 1976975360 422511049 11630613178
1791527382 gw-search-role-w2 1529536359 1976979456 422511189 11630615040
1791527387 gw-search-role-w2 1529536866 1976979456 422511364 11630616863
1791527392 gw-search-role-w2 1529537089 1976979456 422511592 11630618634
1791527397 gw-search-role-w2 1529537610 1976979456 422511833 11630620391
1791527402 gw-search-role-w2 1529566369 1977032704 422512053 11630622168
1791527407 gw-search-role-w2 1529566898 1977032704 422512230 11630623985
1791527412 gw-search-role-w2 1529567319 1977036800 422512488 11630625725
1791527417 gw-search-role-w2 1529568095 1977036800 422512725 11630627488
1791527422 gw-search-role-w2 1529568792 1977036800 422512994 11630629233
1791527428 gw-search-role-w2 1529569485 1977036800 422513237 11630630992
1791527433 gw-search-role-w2 1529570481 1977040896 422513560 11630632670
1791527438 gw-search-role-w2 1529571059 1977040896 422513713 11630634523
1791527443 gw-search-role-w2 1529571472 1977044992 422513986 11630636260
1791527448 gw-search-role-w2 1529571735 1977044992 422514247 11630638001
1791527453 gw-search-role-w2 1529572245 1977044992 422514391 11630639860
1791527458 gw-search-role-w2 1529572815 1977044992 422514666 11630641587
1791527463 gw-search-role-w2 1529576528 1977057280 422514931 11630643321
1791527468 gw-search-role-w2 1529576939 1977057280 422515080 11630645181
1791527473 gw-search-role-w2 1529577468 1977061376 422515236 11630647018
1791527479 gw-search-role-w2 1529577866 1977061376 422515501 11630648753
1791527484 gw-search-role-w2 1529578163 1977061376 422515634 11630650620
1791527489 gw-search-role-w2 1529584391 1977061376 422515798 11630652465
1791527494 gw-search-role-w2 1529584651 1977061376 422515934 11630654332
1791527499 gw-search-role-w2 1529585180 1977061376 422516065 11630656204
1791527504 gw-search-role-w2 1529585513 1977061376 422516317 11630657949
1791527509 gw-search-role-w2 1529586064 1977065472 422516699 11630659566
1791527514 gw-search-role-w2 1529586384 1977065472 422517005 11630661261
1791527519 gw-search-role-w2 1529587150 1977065472 422517160 11630663105
1791527524 gw-search-role-w2 1529588802 1977077760 422517303 11630664956
1791527529 gw-search-role-w2 1529589204 1977077760 422517517 11630666743
1791527534 gw-search-role-w2 1529589473 1977081856 422517665 11630668592
1791527540 gw-search-role-w2 1529589895 1977081856 422517923 11630670332
1791527545 gw-search-role-w2 1529590384 1977081856 422518064 11630672190
1791527550 gw-search-role-w2 1529590972 1977085952 422518225 11630674028
1791527555 gw-search-role-w2 1529593041 1977085952 422518370 11630675880
1791527560 gw-search-role-w2 1529593570 1977085952 422518496 11630677761
1791527565 gw-search-role-w2 1529594383 1977090048 422518650 11630679609
1791527570 gw-search-role-w2 1529594738 1977090048 422518822 11630681436
1791527575 gw-search-role-w2 1529595436 1977090048 422519067 11630683199
1791527580 gw-search-role-w2 1529600520 1977102336 422519324 11630684938
1791527585 gw-search-role-w2 1529601124 1977102336 422519496 11630686773
1791527591 gw-search-role-w2 1529601463 1977102336 422519690 11630688574
1791527596 gw-search-role-w2 1529601957 1977106432 422519887 11630690375
1791527601 gw-search-role-w2 1529602452 1977106432 422520037 11630692227
1791527606 gw-search-role-w2 1529602798 1977106432 422520186 11630694083
1791527611 gw-search-role-w2 1529603530 1977110528 422520350 11630695920
1791527616 gw-search-role-w2 1529603819 1977110528 422520471 11630697796
1791527621 gw-search-role-w2 1529604309 1977110528 422520684 11630699583
1791527626 gw-search-role-w2 1529604631 1977110528 422520824 11630701454
1791527631 gw-search-role-w2 1529605259 1977114624 422521065 11630703207
1791527636 gw-search-role-w2 1529605555 1977114624 422521345 11630704930
1791527641 gw-search-role-w2 1529607578 1977126912 422521606 11630706669
1791527647 gw-search-role-w2 1529607881 1977126912 422521776 11630708496
1791527652 gw-search-role-w2 1529608273 1977126912 422521974 11630710299
1791527657 gw-search-role-w2 1529608786 1977131008 422522130 11630712146
1791527662 gw-search-role-w2 1529609014 1977131008 422522281 11630713997
1791527667 gw-search-role-w2 1529609462 1977131008 422522412 11630715865
1791527672 gw-search-role-w2 1529610068 1977135104 422522641 11630717647
1791527677 gw-search-role-w2 1529610543 1977135104 422522872 11630719417
1791527682 gw-search-role-w2 1529610805 1977135104 422523128 11630721159
1791527687 gw-search-role-w2 1529611368 1977139200 422523282 11630723006
1791527692 gw-search-role-w2 1529611668 1977139200 422523426 11630724863
1791527697 gw-search-role-w2 1529617253 1977176064 422523578 11630726715
1791527703 gw-search-role-w2 1529619049 1977184256 422523730 11630728564
1791527708 gw-search-role-w2 1529619765 1977188352 422523873 11630730427
1791527713 gw-search-role-w2 1529620202 1977188352 422524020 11630732285
1791527718 gw-search-role-w2 1529620516 1977188352 422524169 11630734137
1791527723 gw-search-role-w2 1529621056 1977192448 422524300 11630736003
1791527728 gw-search-role-w2 1529621457 1977192448 422524535 11630737775
1791527733 gw-search-role-w2 1529621943 1977192448 422524696 11630739620
1791527738 gw-search-role-w2 1529622266 1977196544 422525019 11630741293
1791527743 gw-search-role-w2 1529622697 1977196544 422525343 11630742964
1791527748 gw-search-role-w2 1529623021 1977196544 422525503 11630744802
1791527753 gw-search-role-w2 1529623495 1977200640 422525649 11630746656
1791527759 gw-search-role-w2 1529623937 1977200640 422525795 11630748508
1791527764 gw-search-role-w2 1529633102 1977208832 422526068 11630750231
1791527769 gw-search-role-w2 1529633631 1977208832 422526234 11630752061
1791527774 gw-search-role-w2 1529634056 1977208832 422526465 11630753834
1791527779 gw-search-role-w2 1529634544 1977208832 422526610 11630755688
1791527784 gw-search-role-w2 1529634869 1977212928 422526856 11630757436
1791527789 gw-search-role-w2 1529635526 1977212928 422527094 11630759196
1791527794 gw-search-role-w2 1529635925 1977212928 422527433 11630760857
1791527799 gw-search-role-w2 1529636895 1977217024 422527580 11630762708
1791527804 gw-search-role-w2 1529638289 1977217024 422527855 11630764444
1791527809 gw-search-role-w2 1529639004 1977217024 422528151 11630766139
1791527815 gw-search-role-w2 1529639287 1977217024 422528336 11630767968
1791527820 gw-search-role-w2 1529644659 1977229312 422528586 11630769716
1791527825 gw-search-role-w2 1529645136 1977229312 422528925 11630771376
1791527830 gw-search-role-w2 1529645531 1977233408 422529100 11630773204
1791527835 gw-search-role-w2 1529646021 1977233408 422529357 11630774952
1791527840 gw-search-role-w2 1529646389 1977233408 422529583 11630776728
1791527845 gw-search-role-w2 1529646971 1977237504 422529781 11630778537
1791527850 gw-search-role-w2 1529647395 1977237504 422529935 11630780382
1791527855 gw-search-role-w2 1529647845 1977237504 422530070 11630782244
1791527860 gw-search-role-w2 1529648217 1977241600 422530204 11630784106
1791527866 gw-search-role-w2 1529648615 1977241600 422530426 11630785885
1791527871 gw-search-role-w2 1529648922 1977241600 422530581 11630787732
1791527876 gw-search-role-w2 1529649364 1977245696 422530708 11630789608
1791527881 gw-search-role-w2 1529650741 1977253888 422530854 11630791464
1791527886 gw-search-role-w2 1529651276 1977253888 422530996 11630793327
1791527891 gw-search-role-w2 1529651714 1977257984 422531223 11630795101
1791527896 gw-search-role-w2 1529652022 1977257984 422531382 11630796937
1791527901 gw-search-role-w2 1529652601 1977257984 422531523 11630798792
1791527906 gw-search-role-w2 1529652900 1977262080 422531689 11630800629
1791527911 gw-search-role-w2 1529653579 1977262080 422531946 11630802377
1791527916 gw-search-role-w2 1529653887 1977262080 422532127 11630804198
1791527921 gw-search-role-w2 1529654459 1977266176 422532282 11630806037
1791527927 gw-search-role-w2 1529654805 1977266176 422532439 11630807881
1791527932 gw-search-role-w2 1529655297 1977266176 422532549 11630809771
1791527937 gw-search-role-w2 1529655603 1977270272 422532696 11630811627
1791527942 gw-search-role-w2 1529657101 1977278464 422532838 11630813483
1791527947 gw-search-role-w2 1529657496 1977282560 422532966 11630815358
1791527952 gw-search-role-w2 1529657847 1977282560 422533120 11630817203
1791527957 gw-search-role-w2 1529658297 1977282560 422533262 11630819066
1791527962 gw-search-role-w2 1529658526 1977282560 422533391 11630820940
1791527967 gw-search-role-w2 1529659301 1977286656 422533580 11630822748
1791527972 gw-search-role-w2 1529659763 1977286656 422533711 11630824617
1791527977 gw-search-role-w2 1529665460 1977290752 422533849 11630826477
1791527983 gw-search-role-w2 1529665899 1977294848 422534006 11630828322
1791527988 gw-search-role-w2 1529666404 1977294848 422534156 11630830176
1791527993 gw-search-role-w2 1529666621 1977294848 422534391 11630831943
1791527998 gw-search-role-w2 1529674005 1977331712 422534565 11630833781
1791528003 gw-search-role-w2 1529678953 1977344000 422534722 11630835623
1791528008 gw-search-role-w2 1529692868 1977344000 422534935 11630837406
1791528013 gw-search-role-w2 1529693706 1977348096 422535279 11630839065
1791528018 gw-search-role-w2 1529694208 1977348096 422535637 11630840703
1791528023 gw-search-role-w2 1529694786 1977348096 422535881 11630842460
1791528028 gw-search-role-w2 1529695472 1977348096 422536183 11630844161
1791528034 gw-search-role-w2 1529696020 1977352192 422536481 11630845867
1791528039 gw-search-role-w2 1529696312 1977352192 422536635 11630847717
1791528044 gw-search-role-w2 1529696833 1977352192 422536860 11630849504
1791528049 gw-search-role-w2 1529697192 1977356288 422537092 11630851278
1791528054 gw-search-role-w2 1529697614 1977356288 422537236 11630853147
1791528059 gw-search-role-w2 1529698227 1977356288 422537378 11630855008
1791528064 gw-search-role-w2 1529701986 1977368576 422537539 11630856843
1791528069 gw-search-role-w2 1529702421 1977368576 422537780 11630858598
1791528074 gw-search-role-w2 1529702813 1977372672 422538054 11630860327
1791528079 gw-search-role-w2 1529703335 1977372672 422538214 11630862166
1791528085 gw-search-role-w2 1529703642 1977372672 422538573 11630863813
1791528090 gw-search-role-w2 1529704379 1977376768 422538889 11630865499
1791528095 gw-search-role-w2 1529704725 1977376768 422539093 11630867297
1791528100 gw-search-role-w2 1529705245 1977376768 422539351 11630869041
1791528105 gw-search-role-w2 1529705560 1977376768 422539615 11630870774
1791528110 gw-search-role-w2 1529706172 1977380864 422539830 11630872563
1791528115 gw-search-role-w2 1529706819 1977380864 422539972 11630874414
1791528120 gw-search-role-w2 1529715020 1977389056 422540109 11630876279
1791528125 gw-search-role-w2 1529715550 1977389056 422540295 11630878095
1791528130 gw-search-role-w2 1529715941 1977389056 422540574 11630879817
1791528135 gw-search-role-w2 1529716622 1977393152 422540685 11630881706
1791528141 gw-search-role-w2 1529716971 1977393152 422540840 11630883543
1791528146 gw-search-role-w2 1529717381 1977393152 422541095 11630885283
1791528151 gw-search-role-w2 1529718001 1977393152 422541477 11630886896
1791528156 gw-search-role-w2 1529718403 1977397248 422541721 11630888648
1791528161 gw-search-role-w2 1529718725 1977397248 422541967 11630890400
1791528166 gw-search-role-w2 1529719161 1977397248 422542186 11630892181
1791528171 gw-search-role-w2 1529719556 1977401344 422542340 11630894025
1791528176 gw-search-role-w2 1529720069 1977401344 422542573 11630895792
1791528181 gw-search-role-w2 1529722186 1977413632 422542736 11630897628
1791528186 gw-search-role-w2 1529722580 1977413632 422542882 11630899483
1791528191 gw-search-role-w2 1529723160 1977413632 422543144 11630901218
1791528197 gw-search-role-w2 1529723624 1977417728 422543379 11630902990
1791528202 gw-search-role-w2 1529724408 1977417728 422543531 11630904835
1791528207 gw-search-role-w2 1529724741 1977417728 422543684 11630906683
1791528212 gw-search-role-w2 1529725420 1977421824 422543917 11630908448
1791528217 gw-search-role-w2 1529725800 1977421824 422544034 11630910326
1791528222 gw-search-role-w2 1529726265 1977421824 422544197 11630912162
1791528227 gw-search-role-w2 1529726682 1977683968 422544368 11630913993
1791528232 gw-search-role-w2 1529727595 1977425920 422544502 11630915868
1791528237 gw-search-role-w2 1529728552 1977425920 422544708 11630917663
1791528242 gw-search-role-w2 1529733683 1977438208 422544889 11630919485
1791528248 gw-search-role-w2 1529734503 1977438208 422545138 11630921243
1791528253 gw-search-role-w2 1529734857 1977438208 422545462 11630922917
1791528258 gw-search-role-w2 1529735314 1977442304 422545611 11630924768
1791528263 gw-search-role-w2 1529735791 1977442304 422545798 11630926583
1791528268 gw-search-role-w2 1529736390 1977442304 422546047 11630928330
1791528273 gw-search-role-w2 1529736705 1977446400 422546282 11630930096
1791528278 gw-search-role-w2 1529737185 1977446400 422546447 11630931936
1791528283 gw-search-role-w2 1529737643 1977446400 422546607 11630933781
1791528288 gw-search-role-w2 1529738054 1977450496 422546850 11630935535
1791528293 gw-search-role-w2 1529738477 1977450496 422547087 11630937301
1791528298 gw-search-role-w2 1529743493 1977487360 422547229 11630939156
1791528304 gw-search-role-w2 1529745143 1977495552 422547377 11630941008
1791528309 gw-search-role-w2 1529745521 1977499648 422547529 11630942857
1791528314 gw-search-role-w2 1529746018 1977499648 422547667 11630944723
1791528319 gw-search-role-w2 1529746435 1977499648 422547822 11630946571
1791528324 gw-search-role-w2 1529747203 1977503744 422547981 11630948419
1791528329 gw-search-role-w2 1529747636 1977503744 422548186 11630950218
1791528334 gw-search-role-w2 1529748276 1977503744 422548453 11630951949
1791528339 gw-search-role-w2 1529748593 1977507840 422548588 11630953812
1791528344 gw-search-role-w2 1529749041 1977507840 422548741 11630955661
1791528349 gw-search-role-w2 1529749553 1977507840 422548987 11630957412
1791528354 gw-search-role-w2 1529749972 1977507840 422549185 11630959220
1791528360 gw-search-role-w2 1529764259 1977516032 422549451 11630960950
1791528365 gw-search-role-w2 1529764782 1977516032 422549605 11630962796
1791528370 gw-search-role-w2 1529765356 1977516032 422549743 11630964652
1791528375 gw-search-role-w2 1529765633 1977516032 422549889 11630966507
1791528380 gw-search-role-w2 1529766130 1977516032 422550043 11630968352
1791528385 gw-search-role-w2 1529766392 1977516032 422550198 11630970198
1791528390 gw-search-role-w2 1529771417 1977524224 422550344 11630972058
1791528395 gw-search-role-w2 1529771815 1977516032 422550470 11630973925
1791528400 gw-search-role-w2 1529772220 1977516032 422550677 11630975721
1791528405 gw-search-role-w2 1529772645 1977516032 422550933 11630977461
1791528410 gw-search-role-w2 1529773046 1977516032 422551179 11630979216
1791528416 gw-search-role-w2 1529773570 1977516032 422551448 11630980949
1791528421 gw-search-role-w2 1529776222 1977516032 422551636 11630982762
1791528426 gw-search-role-w2 1529776714 1977516032 422551776 11630984610
1791528431 gw-search-role-w2 1529776989 1977516032 422551971 11630986414
1791528436 gw-search-role-w2 1529777436 1977516032 422552200 11630988186
1791528441 gw-search-role-w2 1529777732 1977516032 422552468 11630989918
1791528446 gw-search-role-w2 1529778335 1977516032 422552640 11630991752
1791528451 gw-search-role-w2 1529778851 1977516032 422552772 11630993625
1791528456 gw-search-role-w2 1529779437 1977516032 422552928 11630995471
1791528461 gw-search-role-w2 1529779899 1977516032 422553148 11630997256
1791528466 gw-search-role-w2 1529780249 1977516032 422553319 11630999090
1791528472 gw-search-role-w2 1529780805 1977516032 422553583 11631000827
1791528477 gw-search-role-w2 1529781142 1977516032 422553714 11631002692
1791528482 gw-search-role-w2 1529783042 1977516032 422554040 11631004366
1791528487 gw-search-role-w2 1529783360 1977516032 422554305 11631006102
1791528492 gw-search-role-w2 1529783899 1977516032 422554451 11631007958
1791528497 gw-search-role-w2 1529784206 1977516032 422554610 11631009799
1791528502 gw-search-role-w2 1529784609 1977516032 422554745 11631011660
1791528507 gw-search-role-w2 1529784938 1977516032 422555015 11631013388
1791528512 gw-search-role-w2 1529785809 1977516032 422555215 11631015188
1791528517 gw-search-role-w2 1529786362 1977516032 422555353 11631017048
1791528523 gw-search-role-w2 1529786656 1977516032 422555507 11631018892
1791528528 gw-search-role-w2 1529787121 1977516032 422555660 11631020736
1791528533 gw-search-role-w2 1529787433 1977516032 422555786 11631022610
1791528538 gw-search-role-w2 1529788120 1977516032 422555939 11631024458
1791528543 gw-search-role-w2 1529789422 1977516032 422556087 11631026308
1791528548 gw-search-role-w2 1529789917 1977516032 422556228 11631028167
1791528553 gw-search-role-w2 1529790251 1977516032 422556391 11631030008
1791528558 gw-search-role-w2 1529790698 1977516032 422556527 11631031869
1791528563 gw-search-role-w2 1529790986 1977516032 422556804 11631033592
1791528568 gw-search-role-w2 1529791629 1977516032 422556954 11631035437
1791528573 gw-search-role-w2 1529792158 1977516032 422557199 11631037185
1791528579 gw-search-role-w2 1529792420 1977516032 422557338 11631039049
1791528584 gw-search-role-w2 1529792927 1977516032 422557479 11631040907
1791528589 gw-search-role-w2 1529793304 1977516032 422557652 11631042732
1791528594 gw-search-role-w2 1529793807 1977516032 422557797 11631044593
1791528599 gw-search-role-w2 1529799309 1977516032 422557979 11631046406
1791528604 gw-search-role-w2 1529803706 1977516032 422558136 11631048247
1791528609 gw-search-role-w2 1529804087 1977516032 422558287 11631050102
1791528614 gw-search-role-w2 1529804592 1977516032 422558540 11631051852
1791528619 gw-search-role-w2 1529805053 1977516032 422558789 11631053600
1791528624 gw-search-role-w2 1529805574 1977516032 422558954 11631055438
1791528629 gw-search-role-w2 1529813390 1977516032 422559093 11631057297
1791528635 gw-search-role-w2 1529813965 1977516032 422559225 11631059171
1791528640 gw-search-role-w2 1529814358 1977516032 422559374 11631061030
1791528645 gw-search-role-w2 1529814746 1977516032 422559513 11631062888
1791528650 gw-search-role-w2 1529815198 1977516032 422559662 11631064732
1791528655 gw-search-role-w2 1529815565 1977516032 422559810 11631066576
1791528660 gw-search-role-w2 1529818473 1977516032 422560032 11631068349
1791528665 gw-search-role-w2 1529818831 1977516032 422560207 11631070174
1791528670 gw-search-role-w2 1529819344 1977516032 422560357 11631072025
1791528675 gw-search-role-w2 1529819662 1977516032 422560507 11631073876
1791528680 gw-search-role-w2 1529820042 1977516032 422560634 11631075751
1791528685 gw-search-role-w2 1529820396 1977516032 422560793 11631077596
1791528691 gw-search-role-w2 1529820968 1977516032 422561121 11631079271
1791528696 gw-search-role-w2 1529821399 1977516032 422561249 11631081141
1791528701 gw-search-role-w2 1529821706 1977516032 422561511 11631082878
1791528706 gw-search-role-w2 1529822145 1977516032 422561638 11631084755
1791528711 gw-search-role-w2 1529822415 1977516032 422561795 11631086596
1791528716 gw-search-role-w2 1529823077 1977516032 422562033 11631088356
1791528721 gw-search-role-w2 1529824810 1977516032 422562153 11631090234
1791528726 gw-search-role-w2 1529825253 1977516032 422562289 11631092097
1791528731 gw-search-role-w2 1529825521 1977516032 422562646 11631093742
1791528736 gw-search-role-w2 1529826216 1977516032 422562797 11631095598
1791528741 gw-search-role-w2 1529826715 1977516032 422563093 11631097304
1791528747 gw-search-role-w2 1529827377 1977516032 422563448 11631098945
1791528752 gw-search-role-w2 1529828363 1977516032 422563582 11631100821
1791528757 gw-search-role-w2 1529828777 1977516032 422563726 11631102684
1791528762 gw-search-role-w2 1529829385 1977516032 422564072 11631104335
1791528767 gw-search-role-w2 1529829675 1977516032 422564219 11631106188
1791528772 gw-search-role-w2 1529830256 1977516032 422564381 11631108032
1791528777 gw-search-role-w2 1529830588 1977516032 422564519 11631109900
1791528782 gw-search-role-w2 1529835812 1977516032 422564944 11631111474
1791528787 gw-search-role-w2 1529836176 1977516032 422565205 11631113218
1791528792 gw-search-role-w2 1529841532 1977516032 422565338 11631115090
1791528798 gw-search-role-w2 1529841865 1977516032 422565491 11631116937
1791528803 gw-search-role-w2 1529842295 1977516032 422565623 11631118806
1791528808 gw-search-role-w2 1529842929 1977516032 422565773 11631120655
1791528813 gw-search-role-w2 1529843260 1977516032 422566036 11631122385
1791528818 gw-search-role-w2 1529843744 1977516032 422566275 11631124147
1791528823 gw-search-role-w2 1529843990 1977516032 422566410 11631126010
1791528828 gw-search-role-w2 1529844404 1977516032 422566568 11631127845
1791528833 gw-search-role-w2 1529844682 1977516032 422566702 11631129710
1791528838 gw-search-role-w2 1529845371 1977516032 422566831 11631131575
1791528843 gw-search-role-w2 1529846681 1977516032 422566980 11631133432
1791528848 gw-search-role-w2 1529847286 1977516032 422567138 11631135271
1791528853 gw-search-role-w2 1529847532 1977516032 422567261 11631137141
1791528859 gw-search-role-w2 1529848074 1977516032 422567402 11631138994
1791528864 gw-search-role-w2 1529848412 1977516032 422567559 11631140844
1791528869 gw-search-role-w2 1529849087 1977516032 422567754 11631142643
1791528874 gw-search-role-w2 1529849470 1977516032 422567936 11631144462
1791528879 gw-search-role-w2 1529849794 1977516032 422568095 11631146303
1791528884 gw-search-role-w2 1529850249 1977516032 422568310 11631148089
1791528889 gw-search-role-w2 1529850591 1977516032 422568545 11631149856
1791528894 gw-search-role-w2 1529851097 1977516032 422568922 11631151481
1791528899 gw-search-role-w2 1529858850 1977516032 422569172 11631153230
1791528904 gw-search-role-w2 1529860475 1977516032 422569543 11631154862
1791528909 gw-search-role-w2 1529860844 1977516032 422569784 11631156625
1791528915 gw-search-role-w2 1529861267 1977516032 422569913 11631158496
1791528920 gw-search-role-w2 1529861579 1977516032 422570082 11631160323
1791528925 gw-search-role-w2 1529862009 1977516032 422570232 11631162169
1791528930 gw-search-role-w2 1529862551 1977516032 422570546 11631163854
1791528935 gw-search-role-w2 1529862931 1977516032 422570801 11631165607
1791528940 gw-search-role-w2 1529863470 1977516032 422571080 11631167330
1791528945 gw-search-role-w2 1529863713 1977516032 422571389 11631169023
1791528950 gw-search-role-w2 1529864146 1977516032 422571658 11631170744
1791528955 gw-search-role-w2 1529864644 1977516032 422571806 11631172593
1791528960 gw-search-role-w2 1529867599 1977516032 422572047 11631174354
1791528965 gw-search-role-w2 1529868267 1977516032 422572200 11631176199
1791528971 gw-search-role-w2 1529876547 1977516032 422572636 11631177766
1791528976 gw-search-role-w2 1529877064 1977516032 422572910 11631179494
1791528981 gw-search-role-w2 1529877845 1977516032 422573098 11631181308
1791528986 gw-search-role-w2 1529878437 1977516032 422573277 11631183125
1791528991 gw-search-role-w2 1529879118 1977516032 422573559 11631184840
1791528996 gw-search-role-w2 1529879678 1977516032 422573696 11631186708
1791529001 gw-search-role-w2 1529880057 1977516032 422573857 11631188547
1791529006 gw-search-role-w2 1529880623 1977516032 422574022 11631190393
1791529011 gw-search-role-w2 1529880951 1977516032 422574178 11631192243
1791529017 gw-search-role-w2 1529881643 1977516032 422574330 11631194092
1791529022 gw-search-role-w2 1529885956 1977516032 422574475 11631195946
1791529027 gw-search-role-w2 1529886472 1977516032 422574666 11631197752
1791529032 gw-search-role-w2 1529886880 1977516032 422574988 11631199429
1791529037 gw-search-role-w2 1529887457 1977516032 422575132 11631201280
1791529042 gw-search-role-w2 1529888235 1977516032 422575420 11631202995
1791529047 gw-search-role-w2 1529888570 1977516032 422575747 11631204665
1791529052 gw-search-role-w2 1529889264 1977516032 422576033 11631206380
1791529057 gw-search-role-w2 1529889619 1977516032 422576225 11631208186
1791529062 gw-search-role-w2 1529890194 1977516032 422576385 11631210034
1791529067 gw-search-role-w2 1529890478 1977516032 422576550 11631211870
1791529073 gw-search-role-w2 1529891001 1977516032 422576725 11631213690
1791529078 gw-search-role-w2 1529891574 1977516032 422576916 11631215507
1791529083 gw-search-role-w2 1529893029 1977516032 422577138 11631217292
1791529088 gw-search-role-w2 1529893532 1977516032 422577304 11631219128
1791529093 gw-search-role-w2 1529893886 1977516032 422577539 11631220894
1791529098 gw-search-role-w2 1529894353 1977516032 422577793 11631222640
1791529103 gw-search-role-w2 1529894726 1977516032 422577955 11631224485
1791529108 gw-search-role-w2 1529895565 1977516032 422578259 11631226180
1791529113 gw-search-role-w2 1529895809 1977516032 422578530 11631227910
1791529118 gw-search-role-w2 1529896367 1977516032 422578687 11631229749
1791529124 gw-search-role-w2 1529896799 1977516032 422578818 11631231611
1791529129 gw-search-role-w2 1529897282 1977516032 422578982 11631233449
1791529134 gw-search-role-w2 1529897591 1977516032 422579154 11631235276
1791529139 gw-search-role-w2 1529898595 1977516032 422579366 11631237066
1791529144 gw-search-role-w2 1529902118 1977516032 422579516 11631238914
1791529149 gw-search-role-w2 1529902614 1977516032 422579750 11631240677
1791529154 gw-search-role-w2 1529903474 1977516032 422579913 11631242518
1791529159 gw-search-role-w2 1529904233 1977516032 422580085 11631244349
1791529164 gw-search-role-w2 1529904742 1977516032 422580255 11631246182
1791529169 gw-search-role-w2 1529910400 1977520128 422580577 11631247862
1791529175 gw-search-role-w2 1529910907 1977520128 422580858 11631249588
1791529180 gw-search-role-w2 1529911238 1977520128 422581088 11631251356
1791529185 gw-search-role-w2 1529911833 1977520128 422581215 11631253224
1791529190 gw-search-role-w2 1529912146 1977520128 422581473 11631254959
1791529195 gw-search-role-w2 1529912608 1977520128 422581616 11631256813
1791529200 gw-search-role-w2 1529928039 1977528320 422581762 11631258664
1791529205 gw-search-role-w2 1529928328 1977528320 422581936 11631260488
1791529210 gw-search-role-w2 1529928850 1977528320 422582094 11631262328
1791529215 gw-search-role-w2 1529929182 1977528320 422582254 11631264171
1791529220 gw-search-role-w2 1529929708 1977528320 422582429 11631265993
1791529225 gw-search-role-w2 1529930121 1977528320 422582616 11631267813
1791529231 gw-search-role-w2 1529930849 1977528320 422582829 11631269608
1791529236 gw-search-role-w2 1529931135 1977528320 422583065 11631271372
1791529241 gw-search-role-w2 1529931592 1977528320 422583306 11631273126
1791529246 gw-search-role-w2 1529932016 1977528320 422583468 11631274961
1791529251 gw-search-role-w2 1529932476 1977528320 422583629 11631276798
1791529256 gw-search-role-w2 1529932966 1977528320 422583884 11631278547
1791529261 gw-search-role-w2 1529934552 1977528320 422584113 11631280317
1791529266 gw-search-role-w2 1529935093 1977528320 422584262 11631282167
1791529271 gw-search-role-w2 1529935451 1977528320 422584411 11631284020
1791529276 gw-search-role-w2 1529935962 1977528320 422584599 11631285833
1791529282 gw-search-role-w2 1529936336 1977528320 422584738 11631287694
1791529287 gw-search-role-w2 1529936904 1977528320 422584894 11631289537
1791529292 gw-search-role-w2 1529937469 1977528320 422585150 11631291278
1791529297 gw-search-role-w2 1529937964 1977528320 422585378 11631293054
1791529302 gw-search-role-w2 1529938267 1977528320 422585832 11631294605
1791529307 gw-search-role-w2 1529938754 1977528320 422586205 11631296230
1791529312 gw-search-role-w2 1529939266 1977528320 422586592 11631297843
1791529317 gw-search-role-w2 1529939613 1977528320 422586765 11631299673
1791529322 gw-search-role-w2 1529941340 1977528320 422586902 11631301538
1791529327 gw-search-role-w2 1529941672 1977528320 422587097 11631303349
1791529333 gw-search-role-w2 1529942176 1977528320 422587337 11631305111
1791529338 gw-search-role-w2 1529942550 1977528320 422587582 11631306863
1791529343 gw-search-role-w2 1529943120 1977528320 422587952 11631308486
1791529348 gw-search-role-w2 1529943911 1977528320 422588205 11631310226
1791529353 gw-search-role-w2 1529944466 1977528320 422588373 11631312059
1791529358 gw-search-role-w2 1529944945 1977528320 422588549 11631313882
1791529363 gw-search-role-w2 1529945594 1977528320 422588697 11631315733
1791529368 gw-search-role-w2 1529946234 1977528320 422588893 11631317543
1791529373 gw-search-role-w2 1529946893 1977528320 422589172 11631319265
1791529378 gw-search-role-w2 1529947941 1977528320 422589305 11631321135
1791529383 gw-search-role-w2 1529951600 1977528320 422589556 11631322879
1791529389 gw-search-role-w2 1529959220 1977524224 422590015 11631324447
1791529394 gw-search-role-w2 1529959762 1977524224 422590249 11631326218
1791529399 gw-search-role-w2 1529960255 1977524224 422590412 11631328052
1791529404 gw-search-role-w2 1529960663 1977524224 422590549 11631329910
1791529409 gw-search-role-w2 1529961379 1977524224 422590691 11631331761
1791529414 gw-search-role-w2 1529961711 1977524224 422590926 11631333528
1791529419 gw-search-role-w2 1529962177 1977524224 422591063 11631335385
1791529424 gw-search-role-w2 1529962777 1977524224 422591214 11631337231
1791529429 gw-search-role-w2 1529963214 1977524224 422591390 11631339049
1791529435 gw-search-role-w2 1529963750 1977524224 422591532 11631340912
1791529440 gw-search-role-w2 1529974801 1977524224 422591808 11631342633
1791529445 gw-search-role-w2 1529978777 1977524224 422592261 11631344179
1791529450 gw-search-role-w2 1529979368 1977524224 422592503 11631345933
1791529455 gw-search-role-w2 1529979943 1977524224 422592662 11631347780
1791529460 gw-search-role-w2 1529980321 1977524224 422592812 11631349627
1791529465 gw-search-role-w2 1529980980 1977524224 422592970 11631351475
1791529470 gw-search-role-w2 1529981624 1977524224 422593382 11631353060
1791529475 gw-search-role-w2 1529982058 1977524224 422593625 11631354815
1791529480 gw-search-role-w2 1529982491 1977524224 422593973 11631356466
1791529485 gw-search-role-w2 1529982800 1977524224 422594135 11631358303
1791529491 gw-search-role-w2 1529983226 1977524224 422594297 11631360140
1791529496 gw-search-role-w2 1529983486 1977524224 422594424 11631362009
1791529501 gw-search-role-w2 1529994516 1977524224 422594666 11631363764
1791529506 gw-search-role-w2 1529994826 1977524224 422594814 11631365612
1791529511 gw-search-role-w2 1529995346 1977524224 422595217 11631367198
1791529516 gw-search-role-w2 1529995618 1977524224 422595489 11631368926
1791529521 gw-search-role-w2 1529996078 1977524224 422595666 11631370757
1791529526 gw-search-role-w2 1529996420 1977524224 422595788 11631372644
1791529531 gw-search-role-w2 1529997029 1977524224 422596055 11631374386
1791529536 gw-search-role-w2 1529997525 1977524224 422596296 11631376148
1791529541 gw-search-role-w2 1529997872 1977524224 422596526 11631377918
1791529547 gw-search-role-w2 1529998330 1977524224 422596848 11631379590
1791529552 gw-search-role-w2 1529998601 1977524224 422597131 11631381310
1791529557 gw-search-role-w2 1529999171 1977524224 422597373 11631383067
1791529562 gw-search-role-w2 1530000522 1977524224 422597586 11631384849
1791529567 gw-search-role-w2 1530001017 1977524224 422597814 11631386622
1791529572 gw-search-role-w2 1530001418 1977524224 422597957 11631388478
1791529577 gw-search-role-w2 1530001828 1977524224 422598104 11631390329
1791529582 gw-search-role-w2 1530002137 1977524224 422598229 11631392207
1791529587 gw-search-role-w2 1530002555 1977524224 422598530 11631393908
1791529592 gw-search-role-w2 1530003168 1977524224 422598727 11631395714
1791529598 gw-search-role-w2 1530003449 1977524224 422598978 11631397474
1791529603 gw-search-role-w2 1530008711 1977528320 422599331 11631399123
1791529608 gw-search-role-w2 1530009031 1977528320 422599694 11631400766
1791529613 gw-search-role-w2 1530009470 1977528320 422599812 11631402644
1791529618 gw-search-role-w2 1530009952 1977528320 422599959 11631404496
1791529623 gw-search-role-w2 1530011307 1977528320 422600203 11631406256
1791529628 gw-search-role-w2 1530011664 1977528320 422600455 11631408001
1791529633 gw-search-role-w2 1530012055 1977528320 422600722 11631409734
1791529638 gw-search-role-w2 1530012400 1977528320 422600943 11631411515
1791529643 gw-search-role-w2 1530012886 1977528320 422601101 11631413359
1791529648 gw-search-role-w2 1530013501 1977528320 422601251 11631415207
1791529654 gw-search-role-w2 1530013795 1977528320 422601376 11631417089
1791529659 gw-search-role-w2 1530014275 1977528320 422601523 11631418942
1791529664 gw-search-role-w2 1530014691 1977528320 422601663 11631420802
1791529669 gw-search-role-w2 1530015224 1977528320 422601803 11631422668
1791529674 gw-search-role-w2 1530016906 1977528320 422601952 11631424522
1791529679 gw-search-role-w2 1530017920 1977528320 422602113 11631426364
1791529684 gw-search-role-w2 1530021742 1977528320 422602265 11631428208
1791529689 gw-search-role-w2 1530022414 1977528320 422602416 11631430054
1791529694 gw-search-role-w2 1530022718 1977528320 422602534 11631431938
1791529699 gw-search-role-w2 1530023207 1977528320 422602693 11631433784
1791529704 gw-search-role-w2 1530023645 1977528320 422602838 11631435650
1791529710 gw-search-role-w2 1530024099 1977528320 422602966 11631437528
1791529715 gw-search-role-w2 1530024521 1977528320 422603112 11631439392
1791529720 gw-search-role-w2 1530024820 1977528320 422603262 11631441246
1791529725 gw-search-role-w2 1530025292 1977528320 422603393 11631443123
1791529730 gw-search-role-w2 1530025611 1977528320 422603547 11631444970
1791529735 gw-search-role-w2 1530026071 1977528320 422603672 11631446847
1791529740 gw-search-role-w2 1530028555 1977528320 422603810 11631448707
1791529745 gw-search-role-w2 1530029022 1977528320 422603965 11631450551
1791529750 gw-search-role-w2 1530029314 1977528320 422604097 11631452416
1791529755 gw-search-role-w2 1530029932 1977528320 422604265 11631454250
1791529760 gw-search-role-w2 1530030315 1977528320 422604403 11631456116
1791529766 gw-search-role-w2 1530030548 1977528320 422604537 11631457981
1791529771 gw-search-role-w2 1530031135 1977528320 422604827 11631459704
1791529776 gw-search-role-w2 1530031436 1977528320 422604957 11631461581
1791529781 gw-search-role-w2 1530031890 1977528320 422605099 11631463436
1791529786 gw-search-role-w2 1530032332 1977528320 422605241 11631465293
1791529791 gw-search-role-w2 1530032882 1977528320 422605395 11631467152
1791529796 gw-search-role-w2 1530033193 1977528320 422605541 11631469018
1791529801 gw-search-role-w2 1530048704 1977548800 422605683 11631470881
1791529806 gw-search-role-w2 1530048997 1977548800 422605837 11631472723
1791529811 gw-search-role-w2 1530049609 1977548800 422605981 11631474580
1791529816 gw-search-role-w2 1530078833 1977565184 422606122 11631476445
1791529822 gw-search-role-w2 1530079334 1977565184 422606275 11631478293
1791529827 gw-search-role-w2 1530079792 1977565184 422606411 11631480164
1791529832 gw-search-role-w2 1530080213 1977565184 422606563 11631482015
1791529837 gw-search-role-w2 1530080625 1977565184 422606703 11631483878
1791529842 gw-search-role-w2 1530081022 1977565184 422606846 11631485751
1791529847 gw-search-role-w2 1530081525 1977565184 422607019 11631487583
1791529852 gw-search-role-w2 1530081850 1977565184 422607159 11631489439
1791529857 gw-search-role-w2 1530090041 1977565184 422607291 11631491308
1791529862 gw-search-role-w2 1530091708 1977565184 422607449 11631493148
1791529867 gw-search-role-w2 1530092126 1977565184 422607575 11631495026
1791529872 gw-search-role-w2 1530092552 1977565184 422607701 11631496899
1791529878 gw-search-role-w2 1530093149 1977565184 422607934 11631498667
1791529883 gw-search-role-w2 1530093815 1977565184 422608092 11631500515
1791529888 gw-search-role-w2 1530094452 1977565184 422608233 11631502383
1791529893 gw-search-role-w2 1530094948 1977565184 422608381 11631504234
1791529898 gw-search-role-w2 1530095255 1977565184 422608504 11631506116
1791529903 gw-search-role-w2 1530095628 1977565184 422608658 11631507967
1791529908 gw-search-role-w2 1530095967 1977565184 422608836 11631509795
1791529913 gw-search-role-w2 1530096479 1977565184 422608960 11631511669
1791529918 gw-search-role-w2 1530097052 1977565184 422609107 11631513527
1791529923 gw-search-role-w2 1530101314 1977565184 422609250 11631515375
1791529928 gw-search-role-w2 1530101587 1977565184 422609382 11631517246
1791529934 gw-search-role-w2 1530102021 1977565184 422609536 11631519096
1791529939 gw-search-role-w2 1530102479 1977565184 422609652 11631520980
1791529944 gw-search-role-w2 1530102774 1977565184 422609804 11631522829
1791529949 gw-search-role-w2 1530103244 1977565184 422609946 11631524685
1791529954 gw-search-role-w2 1530103497 1977565184 422610059 11631526574
1791529959 gw-search-role-w2 1530103884 1977565184 422610198 11631528439
1791529964 gw-search-role-w2 1530104220 1977565184 422610333 11631530306
1791529969 gw-search-role-w2 1530104729 1977565184 422610466 11631532174
1791529974 gw-search-role-w2 1530104967 1977565184 422610642 11631533997
1791529979 gw-search-role-w2 1530105466 1977565184 422610761 11631535873
1791529984 gw-search-role-w2 1530106619 1977565184 422610895 11631537745
1791529989 gw-search-role-w2 1530107061 1977565184 422611056 11631539596
1791529995 gw-search-role-w2 1530107353 1977565184 422611171 11631541481
1791530000 gw-search-role-w2 1530107788 1977565184 422611309 11631543345
1791530005 gw-search-role-w2 1530108248 1977565184 422611591 11631545063
1791530010 gw-search-role-w2 1530108799 1977565184 422611728 11631546929
1791530015 gw-search-role-w2 1530109233 1977565184 422611909 11631548752
1791530020 gw-search-role-w2 1530109526 1977565184 422612182 11631550477
1791530025 gw-search-role-w2 1530110019 1977565184 422612338 11631552322
1791530030 gw-search-role-w2 1530110329 1977565184 422612489 11631554170
1791530035 gw-search-role-w2 1530110758 1977565184 422612624 11631556036
1791530040 gw-search-role-w2 1530112587 1977565184 422612774 11631557882
1791530045 gw-search-role-w2 1530113218 1977565184 422612950 11631559700
1791530051 gw-search-role-w2 1530113633 1977565184 422613456 11631561197
1791530056 gw-search-role-w2 1530114246 1977565184 422613599 11631563051
1791530061 gw-search-role-w2 1530114719 1977565184 422613868 11631564778
1791530066 gw-search-role-w2 1530115584 1977565184 422614027 11631566618
1791530071 gw-search-role-w2 1530116658 1977565184 422614374 11631568271
1791530076 gw-search-role-w2 1530117008 1977565184 422614530 11631570115
1791530081 gw-search-role-w2 1530117665 1977565184 422614694 11631571935
1791530086 gw-search-role-w2 1530117955 1977565184 422614824 11631573806
1791530091 gw-search-role-w2 1530118478 1977565184 422614991 11631575648
1791530096 gw-search-role-w2 1530118808 1977565184 422615144 11631577493
1791530101 gw-search-role-w2 1530129177 1977565184 422615364 11631579270
1791530107 gw-search-role-w2 1530129514 1977565184 422615592 11631581030
1791530112 gw-search-role-w2 1530135353 1977565184 422615865 11631582754
1791530117 gw-search-role-w2 1530135709 1977565184 422616099 11631584523
1791530122 gw-search-role-w2 1530136250 1977565184 422616299 11631586317
1791530127 gw-search-role-w2 1530136709 1977565184 422616664 11631587951
1791530132 gw-search-role-w2 1530137211 1977565184 422616867 11631589752
1791530137 gw-search-role-w2 1530137648 1977565184 422617129 11631591490
1791530142 gw-search-role-w2 1530137929 1977565184 422617419 11631593196
1791530147 gw-search-role-w2 1530138390 1977565184 422617685 11631594920
1791530152 gw-search-role-w2 1530138738 1977565184 422617849 11631596754
1791530157 gw-search-role-w2 1530139211 1977565184 422617977 11631598624
1791530163 gw-search-role-w2 1530140714 1977565184 422618214 11631600381
1791530168 gw-search-role-w2 1530141157 1977565184 422618373 11631602223
1791530173 gw-search-role-w2 1530141410 1977565184 422618513 11631604079
1791530178 gw-search-role-w2 1530141940 1977565184 422618655 11631605940
1791530183 gw-search-role-w2 1530142342 1977565184 422618896 11631607700
1791530188 gw-search-role-w2 1530142863 1977565184 422619043 11631609556
1791530193 gw-search-role-w2 1530143285 1977565184 422619237 11631611365
1791530198 gw-search-role-w2 1530143678 1977565184 422619547 11631613046
1791530203 gw-search-role-w2 1530144123 1977565184 422619789 11631614812
1791530208 gw-search-role-w2 1530144451 1977565184 422619972 11631616625
1791530213 gw-search-role-w2 1530144874 1977565184 422620096 11631618496
1791530219 gw-search-role-w2 1530145231 1977565184 422620252 11631620342
1791530224 gw-search-role-w2 1530150844 1977565184 422620579 11631622009
1791530229 gw-search-role-w2 1530151167 1977565184 422620740 11631623854
1791530234 gw-search-role-w2 1530151581 1977565184 422620885 11631625711
1791530239 gw-search-role-w2 1530152233 1977565184 422621019 11631627577
1791530244 gw-search-role-w2 1530152495 1977565184 422621216 11631629378
1791530249 gw-search-role-w2 1530153269 1977565184 422621361 11631631230
1791530254 gw-search-role-w2 1530153538 1977565184 422621592 11631632998
1791530259 gw-search-role-w2 1530153975 1977565184 422621763 11631634817
1791530264 gw-search-role-w2 1530154591 1977565184 422622032 11631636537
1791530269 gw-search-role-w2 1530155248 1977565184 422622205 11631638368
1791530275 gw-search-role-w2 1530155849 1977565184 422622501 11631640071
1791530280 gw-search-role-w2 1530161406 1977565184 422622649 11631641928
1791530285 gw-search-role-w2 1530164104 1977565184 422622846 11631643733
1791530290 gw-search-role-w2 1530164800 1977565184 422623041 11631645535
1791530295 gw-search-role-w2 1530165517 1977565184 422623197 11631647382
1791530300 gw-search-role-w2 1530165890 1977565184 422623440 11631649146
1791530305 gw-search-role-w2 1530166502 1977565184 422623638 11631650944
1791530310 gw-search-role-w2 1530167084 1977565184 422623949 11631652629
1791530315 gw-search-role-w2 1530167648 1977565184 422624126 11631654457
1791530321 gw-search-role-w2 1530167980 1977565184 422624293 11631656300
1791530326 gw-search-role-w2 1530168506 1977565184 422624456 11631658130
1791530331 gw-search-role-w2 1530168883 1977565184 422624651 11631659928
1791530336 gw-search-role-w2 1530169576 1977565184 422624889 11631661684
1791530341 gw-search-role-w2 1530173986 1977565184 422625199 11631663370
1791530346 gw-search-role-w2 1530174340 1977565184 422625513 11631665053
1791530351 gw-search-role-w2 1530174834 1977565184 422625770 11631666788
1791530356 gw-search-role-w2 1530175374 1977565184 422625973 11631668588
1791530362 gw-search-role-w2 1530175904 1977565184 422626328 11631670223
1791530367 gw-search-role-w2 1530176222 1977565184 422626505 11631672031
1791530372 gw-search-role-w2 1530176999 1977565184 422626812 11631673720
1791530377 gw-search-role-w2 1530177441 1977565184 422627125 11631675407
1791530382 gw-search-role-w2 1530177948 1977565184 422627533 11631676999
1791530387 gw-search-role-w2 1530178455 1977565184 422627855 11631678685
1791530392 gw-search-role-w2 1530179144 1977565184 422628037 11631680502
1791530397 gw-search-role-w2 1530185506 1977565184 422628349 11631682190
1791530402 gw-search-role-w2 1530187201 1977565184 422628792 11631683719
1791530408 gw-search-role-w2 1530187758 1977565184 422628977 11631685528
1791530413 gw-search-role-w2 1530188165 1977565184 422629115 11631687393
1791530418 gw-search-role-w2 1530188690 1977565184 422629285 11631689225
1791530423 gw-search-role-w2 1530189111 1977565184 422629474 11631691030
1791530428 gw-search-role-w2 1530189780 1977565184 422629694 11631692813
1791530433 gw-search-role-w2 1530190466 1977565184 422629897 11631694606
1791530438 gw-search-role-w2 1530190829 1977565184 422630316 11631696181
1791530443 gw-search-role-w2 1530191526 1977565184 422630525 11631697978
1791530448 gw-search-role-w2 1530191972 1977565184 422630707 11631699802
1791530453 gw-search-role-w2 1530192838 1977565184 422630969 11631701539
1791530459 gw-search-role-w2 1530193782 1977565184 422631123 11631703383
1791530464 gw-search-role-w2 1530198771 1977565184 422631358 11631705142
1791530469 gw-search-role-w2 1530199286 1977565184 422631645 11631706865
1791530474 gw-search-role-w2 1530200019 1977565184 422632047 11631708471
1791530479 gw-search-role-w2 1530200355 1977565184 422632423 11631710091
1791530484 gw-search-role-w2 1530200918 1977565184 422632558 11631711954
1791530489 gw-search-role-w2 1530201731 1977565184 422632724 11631713794
1791530494 gw-search-role-w2 1530207405 1977569280 422632869 11631715652
1791530499 gw-search-role-w2 1530208061 1977569280 422633153 11631717366
1791530505 gw-search-role-w2 1530208450 1977569280 422633323 11631719193
1791530510 gw-search-role-w2 1530209066 1977569280 422633501 11631721007
1791530515 gw-search-role-w2 1530209379 1977569280 422633794 11631722713
1791530520 gw-search-role-w2 1530213342 1977569280 422634234 11631724270
1791530525 gw-search-role-w2 1530213856 1977569280 422634484 11631726023
1791530530 gw-search-role-w2 1530214541 1977569280 422634683 11631727823
1791530535 gw-search-role-w2 1530215027 1977569280 422634835 11631729677
1791530540 gw-search-role-w2 1530215465 1977569280 422635120 11631731387
1791530545 gw-search-role-w2 1530215999 1977569280 422635594 11631732888
1791530550 gw-search-role-w2 1530216515 1977569280 422635825 11631734652
1791530556 gw-search-role-w2 1530217078 1977569280 422636063 11631736410
1791530561 gw-search-role-w2 1530217402 1977569280 422636270 11631738206
1791530566 gw-search-role-w2 1530218007 1977569280 422636479 11631740002
1791530571 gw-search-role-w2 1530218412 1977569280 422636853 11631741618
1791530576 gw-search-role-w2 1530218957 1977569280 422637129 11631743340
1791530581 gw-search-role-w2 1530220943 1977569280 422637479 11631744999
1791530586 gw-search-role-w2 1530221477 1977569280 422637823 11631746654
1791530591 gw-search-role-w2 1530222068 1977569280 422637995 11631748481
1791530596 gw-search-role-w2 1530222388 1977569280 422638393 11631750095
1791530602 gw-search-role-w2 1530222860 1977569280 422638566 11631751927
1791530607 gw-search-role-w2 1530223160 1977569280 422638712 11631753777
1791530612 gw-search-role-w2 1530224026 1977569280 422638870 11631755624
1791530617 gw-search-role-w2 1530224412 1977569280 422639030 11631757455
1791530622 gw-search-role-w2 1530225129 1977569280 422639204 11631759287
1791530627 gw-search-role-w2 1530225524 1977569280 422639359 11631761127
1791530632 gw-search-role-w2 1530226236 1977569280 422639732 11631762755
1791530637 gw-search-role-w2 1530227140 1977569280 422639884 11631764608
1791530642 gw-search-role-w2 1530231276 1977569280 422640062 11631766432
1791530648 gw-search-role-w2 1530239275 1977569280 422640235 11631768279
1791530653 gw-search-role-w2 1530239639 1977569280 422640406 11631770117
1791530658 gw-search-role-w2 1530240425 1977569280 422640560 11631771969
1791530663 gw-search-role-w2 1530240818 1977569280 422640778 11631773754
1791530668 gw-search-role-w2 1530241668 1977569280 422641014 11631775519
1791530673 gw-search-role-w2 1530242031 1977569280 422641199 11631777340
1791530678 gw-search-role-w2 1530242524 1977569280 422641523 11631779011
1791530683 gw-search-role-w2 1530243037 1977569280 422641905 11631780634
1791530688 gw-search-role-w2 1530243395 1977569280 422642081 11631782463
1791530693 gw-search-role-w2 1530243853 1977569280 422642650 11631783890
1791530699 gw-search-role-w2 1530251064 1977569280 422642825 11631785710
1791530704 gw-search-role-w2 1530253508 1977569280 422643061 11631787480
1791530709 gw-search-role-w2 1530253869 1977569280 422643247 11631789289
1791530714 gw-search-role-w2 1530254381 1977569280 422643375 11631791160
1791530719 gw-search-role-w2 1530255243 1977569280 422643536 11631792989
1791530724 gw-search-role-w2 1530255747 1977569280 422643703 11631794818
1791530729 gw-search-role-w2 1530256253 1977569280 422643959 11631796561
1791530734 gw-search-role-w2 1530256723 1977569280 422644211 11631798317
1791530739 gw-search-role-w2 1530257199 1977569280 422644361 11631800168
1791530744 gw-search-role-w2 1530257587 1977569280 422644517 11631802015
1791530750 gw-search-role-w2 1530258077 1977569280 422644856 11631803676
1791530755 gw-search-role-w2 1530258405 1977569280 422645003 11631805532
1791530760 gw-search-role-w2 1530260418 1977569280 422645164 11631807376
1791530765 gw-search-role-w2 1530260877 1977569280 422645473 11631809092
1791530770 gw-search-role-w2 1530261385 1977569280 422645884 11631810685
1791530775 gw-search-role-w2 1530265293 1977565184 422646130 11631812430
1791530780 gw-search-role-w2 1530265792 1977565184 422646426 11631814141
1791530785 gw-search-role-w2 1530266281 1977565184 422646681 11631815893
1791530790 gw-search-role-w2 1530266869 1977565184 422646953 11631817622
1791530796 gw-search-role-w2 1530267370 1977565184 422647097 11631819482
1791530801 gw-search-role-w2 1530267717 1977565184 422647258 11631821320
1791530806 gw-search-role-w2 1530268243 1977565184 422647567 11631823009
1791530811 gw-search-role-w2 1530268654 1977565184 422647819 11631824755
1791530816 gw-search-role-w2 1530269432 1977565184 422647995 11631826576
1791530821 gw-search-role-w2 1530272975 1977565184 422648408 11631828156
1791530826 gw-search-role-w2 1530273880 1977565184 422648650 11631829911
1791530831 gw-search-role-w2 1530274289 1977565184 422648855 11631831713
1791530836 gw-search-role-w2 1530275089 1977565184 422649019 11631833549
1791530841 gw-search-role-w2 1530275866 1977565184 422649205 11631835369
1791530847 gw-search-role-w2 1530276154 1977565184 422649501 11631837069
1791530852 gw-search-role-w2 1530276985 1977565184 422649798 11631838776
1791530857 gw-search-role-w2 1530277432 1977565184 422649964 11631840608
1791530862 gw-search-role-w2 1530277930 1977565184 422650223 11631842350
1791530867 gw-search-role-w2 1530278264 1977565184 422650548 11631844028
1791530872 gw-search-role-w2 1530278848 1977565184 422650850 11631845718
1791530877 gw-search-role-w2 1530279253 1977565184 422651223 11631847338
1791530882 gw-search-role-w2 1530284596 1977565184 422651501 11631849048
1791530887 gw-search-role-w2 1530285134 1977565184 422651726 11631850831
1791530893 gw-search-role-w2 1530285457 1977565184 422652001 11631852562
1791530898 gw-search-role-w2 1530285971 1977565184 422652162 11631854402
1791530903 gw-search-role-w2 1530286294 1977565184 422652323 11631856244
1791530908 gw-search-role-w2 1530287093 1977565184 422652573 11631858005
1791530913 gw-search-role-w2 1530287504 1977565184 422652724 11631859854
1791530918 gw-search-role-w2 1530288027 1977565184 422652896 11631861679
1791530923 gw-search-role-w2 1530288381 1977565184 422653143 11631863440
1791530928 gw-search-role-w2 1530289074 1977565184 422653379 11631865206
1791530933 gw-search-role-w2 1530289500 1977565184 422653661 11631866922
1791530938 gw-search-role-w2 1530291566 1977565184 422653834 11631868750
1791530944 gw-search-role-w2 1530294738 1977565184 422653991 11631870593
1791530949 gw-search-role-w2 1530295321 1977565184 422654376 11631872212
1791530954 gw-search-role-w2 1530296088 1977565184 422654752 11631873848
1791530959 gw-search-role-w2 1530296500 1977565184 422654922 11631875689
1791530964 gw-search-role-w2 1530296946 1977565184 422655086 11631877525
1791530969 gw-search-role-w2 1530297567 1977565184 422655308 11631879306
1791530974 gw-search-role-w2 1530298058 1977565184 422655575 11631881043
1791530979 gw-search-role-w2 1530298346 1977565184 422655744 11631882878
1791530984 gw-search-role-w2 1530298760 1977565184 422655889 11631884733
1791530989 gw-search-role-w2 1530299107 1977565184 422656051 11631886571
1791530995 gw-search-role-w2 1530299587 1977565184 422656219 11631888413
1791531000 gw-search-role-w2 1530306002 1977565184 422656330 11631890310
1791531005 gw-search-role-w2 1530308914 1977565184 422656510 11631892130
1791531010 gw-search-role-w2 1530309473 1977565184 422656777 11631893855
1791531015 gw-search-role-w2 1530316654 1977565184 422657100 11631895525
1791531020 gw-search-role-w2 1530317083 1977565184 422657331 11631897284
1791531025 gw-search-role-w2 1530317361 1977565184 422657526 11631899087
1791531030 gw-search-role-w2 1530318047 1977565184 422657771 11631900846
1791531035 gw-search-role-w2 1530318381 1977565184 422658003 11631902613
1791531040 gw-search-role-w2 1530318883 1977565184 422658143 11631904472
1791531045 gw-search-role-w2 1530319167 1977565184 422658275 11631906344
1791531051 gw-search-role-w2 1530319611 1977565184 422658449 11631908168
1791531056 gw-search-role-w2 1530320112 1977565184 422658573 11631910043
1791531061 gw-search-role-w2 1530321543 1977565184 422658754 11631911866
1791531066 gw-search-role-w2 1530322108 1977565184 422658922 11631913694
1791531071 gw-search-role-w2 1530322385 1977565184 422659051 11631915562
1791531076 gw-search-role-w2 1530322851 1977565184 422659489 11631917129
1791531081 gw-search-role-w2 1530323223 1977565184 422659651 11631918966
1791531086 gw-search-role-w2 1530323708 1977565184 422659795 11631920824
1791531091 gw-search-role-w2 1530324145 1977565184 422659941 11631922675
1791531096 gw-search-role-w2 1530324585 1977565184 422660091 11631924527
1791531101 gw-search-role-w2 1530324936 1977565184 422660229 11631926378
1791531106 gw-search-role-w2 1530325479 1977565184 422660482 11631928123
1791531112 gw-search-role-w2 1530325945 1977565184 422660610 11631929998
1791531117 gw-search-role-w2 1530326309 1977565184 422660736 11631931866
1791531122 gw-search-role-w2 1530328944 1977565184 422660893 11631933709
1791531127 gw-search-role-w2 1530329246 1977565184 422661040 11631935554
1791531132 gw-search-role-w2 1530329737 1977565184 422661253 11631937342
1791531137 gw-search-role-w2 1530330007 1977565184 422661611 11631938988
1791531142 gw-search-role-w2 1530330603 1977565184 422661958 11631940650
1791531147 gw-search-role-w2 1530335549 1977565184 422662230 11631942368
1791531152 gw-search-role-w2 1530336183 1977565184 422662443 11631944158
1791531157 gw-search-role-w2 1530336568 1977565184 422662749 11631945849
1791531163 gw-search-role-w2 1530338184 1977565184 422663116 11631947484
1791531168 gw-search-role-w2 1530340093 1977565184 422663355 11631949246
1791531173 gw-search-role-w2 1530340790 1977565184 422663510 11631951095
1791531178 gw-search-role-w2 1530341779 1977565184 422663636 11631952978
1791531183 gw-search-role-w2 1530345014 1977565184 422664007 11631954604
1791531188 gw-search-role-w2 1530345760 1977565184 422664235 11631956381
1791531193 gw-search-role-w2 1530346135 1977565184 422664443 11631958176
1791531198 gw-search-role-w2 1530346744 1977565184 422664738 11631959879
1791531203 gw-search-role-w2 1530347041 1977565184 422664895 11631961720
1791531208 gw-search-role-w2 1530347718 1977565184 422665104 11631963516
1791531214 gw-search-role-w2 1530348092 1977565184 422665295 11631965330
1791531219 gw-search-role-w2 1530348571 1977565184 422665474 11631967150
1791531224 gw-search-role-w2 1530349039 1977565184 422665715 11631968907
1791531229 gw-search-role-w2 1530354482 1977569280 422665876 11631970745
1791531234 gw-search-role-w2 1530354959 1977569280 422666030 11631972595
1791531239 gw-search-role-w2 1530355408 1977569280 422666166 11631974456
1791531244 gw-search-role-w2 1530357595 1977569280 422666314 11631976307
1791531249 gw-search-role-w2 1530357950 1977569280 422666588 11631978035
1791531254 gw-search-role-w2 1530358400 1977569280 422666803 11631979826
1791531259 gw-search-role-w2 1530358808 1977569280 422667042 11631981591
1791531264 gw-search-role-w2 1530359299 1977569280 422667263 11631983378
1791531270 gw-search-role-w2 1530359873 1977569280 422667467 11631985175
1791531275 gw-search-role-w2 1530360329 1977569280 422667604 11631987039
1791531280 gw-search-role-w2 1530360807 1977569280 422667761 11631988885
1791531285 gw-search-role-w2 1530361342 1977569280 422668016 11631990628
1791531290 gw-search-role-w2 1530362309 1977569280 422668191 11631992451
1791531295 gw-search-role-w2 1530363815 1977569280 422668379 11631994263
1791531300 gw-search-role-w2 1530382051 1977569280 422668576 11631996077
1791531305 gw-search-role-w2 1530382630 1977569280 422668820 11631997840
1791531310 gw-search-role-w2 1530383160 1977569280 422668969 11631999695
1791531315 gw-search-role-w2 1530383430 1977569280 422669098 11632001571
1791531321 gw-search-role-w2 1530383892 1977569280 422669375 11632003298
1791531326 gw-search-role-w2 1530384221 1977569280 422669558 11632005110
1791531331 gw-search-role-w2 1530384930 1977569280 422669698 11632006974
1791531336 gw-search-role-w2 1530385366 1977569280 422669962 11632008707
1791531341 gw-search-role-w2 1530385726 1977569280 422670072 11632010593
1791531346 gw-search-role-w2 1530386157 1977569280 422670286 11632012388
1791531351 gw-search-role-w2 1530386496 1977569280 422670576 11632014098
1791531356 gw-search-role-w2 1530387135 1977569280 422670841 11632015841
1791531361 gw-search-role-w2 1530389186 1977569280 422671124 11632017557
1791531366 gw-search-role-w2 1530396210 1977573376 422671288 11632019393
1791531371 gw-search-role-w2 1530396560 1977565184 422671401 11632021282
1791531377 gw-search-role-w2 1530397087 1977565184 422671617 11632023071
1791531382 gw-search-role-w2 1530397381 1977565184 422671759 11632024933
1791531387 gw-search-role-w2 1530397957 1977565184 422671905 11632026796
1791531392 gw-search-role-w2 1530398564 1977565184 422672164 11632028537
1791531397 gw-search-role-w2 1530398955 1977565184 422672310 11632030387
1791531402 gw-search-role-w2 1530399502 1977565184 422672632 11632032062
1791531407 gw-search-role-w2 1530399779 1977565184 422672936 11632033756
1791531412 gw-search-role-w2 1530400212 1977565184 422673065 11632035623
1791531417 gw-search-role-w2 1530400506 1977565184 422673215 11632037476
1791531422 gw-search-role-w2 1530402154 1977565184 422673667 11632039024
1791531428 gw-search-role-w2 1530402504 1977565184 422673955 11632040736
1791531433 gw-search-role-w2 1530403100 1977565184 422674106 11632042592
1791531438 gw-search-role-w2 1530403420 1977565184 422674447 11632044247
1791531443 gw-search-role-w2 1530404051 1977565184 422674599 11632046092
1791531448 gw-search-role-w2 1530404677 1977565184 422674969 11632047721
1791531453 gw-search-role-w2 1530405006 1977565184 422675229 11632049464
1791531458 gw-search-role-w2 1530405497 1977565184 422675401 11632051287
1791531463 gw-search-role-w2 1530405843 1977565184 422675718 11632052967
1791531468 gw-search-role-w2 1530406287 1977565184 422676093 11632054589
1791531473 gw-search-role-w2 1530406664 1977565184 422676239 11632056437
1791531478 gw-search-role-w2 1530407345 1977565184 422676376 11632058304
1791531484 gw-search-role-w2 1530408557 1977565184 422676686 11632059991
1791531489 gw-search-role-w2 1530409122 1977565184 422676877 11632061805
1791531494 gw-search-role-w2 1530409478 1977565184 422677085 11632063595
1791531499 gw-search-role-w2 1530409945 1977565184 422677416 11632065256
1791531504 gw-search-role-w2 1530410209 1977565184 422677678 11632066994
1791531509 gw-search-role-w2 1530410845 1977565184 422677909 11632068765
1791531514 gw-search-role-w2 1530411390 1977565184 422678061 11632070613
1791531519 gw-search-role-w2 1530411953 1977565184 422678200 11632072474
1791531524 gw-search-role-w2 1530412925 1977565184 422678360 11632074311
1791531529 gw-search-role-w2 1530413431 1977565184 422678564 11632076108
1791531534 gw-search-role-w2 1530414318 1977565184 422678692 11632077984
1791531540 gw-search-role-w2 1530415350 1977565184 422678853 11632079818
1791531545 gw-search-role-w2 1530421034 1977565184 422679008 11632081668
1791531550 gw-search-role-w2 1530421427 1977565184 422679291 11632083388
1791531555 gw-search-role-w2 1530421996 1977565184 422679557 11632085123
1791531560 gw-search-role-w2 1530422409 1977565184 422679709 11632086972
1791531565 gw-search-role-w2 1530423776 1977565184 422679842 11632088836
1791531570 gw-search-role-w2 1530424580 1977565184 422679998 11632090685
1791531575 gw-search-role-w2 1530425956 1977565184 422680154 11632092526
1791531580 gw-search-role-w2 1530434345 1977569280 422680312 11632094368
1791531585 gw-search-role-w2 1530435024 1977569280 422680462 11632096214
1791531591 gw-search-role-w2 1530438196 1977569280 422680654 11632098023
1791531596 gw-search-role-w2 1530438614 1977569280 422680812 11632099866
1791531601 gw-search-role-w2 1530450794 1977569280 422680972 11632101706
1791531606 gw-search-role-w2 1530451237 1977569280 422681193 11632103484
1791531611 gw-search-role-w2 1530451724 1977569280 422681500 11632105178
1791531616 gw-search-role-w2 1530452278 1977569280 422681642 11632107036
1791531621 gw-search-role-w2 1530452620 1977569280 422681942 11632108728
1791531626 gw-search-role-w2 1530453148 1977569280 422682319 11632110358
1791531631 gw-search-role-w2 1530453628 1977569280 422682569 11632112106
1791531636 gw-search-role-w2 1530454109 1977569280 422682845 11632113824
1791531642 gw-search-role-w2 1530454461 1977569280 422683155 11632115524
1791531647 gw-search-role-w2 1530455004 1977569280 422683480 11632117198
1791531652 gw-search-role-w2 1530455343 1977569280 422683750 11632118925
1791531657 gw-search-role-w2 1530455838 1977569280 422683980 11632120695
1791531662 gw-search-role-w2 1530457393 1977569280 422684385 11632122287
1791531667 gw-search-role-w2 1530457913 1977569280 422684663 11632124009
1791531672 gw-search-role-w2 1530458388 1977569280 422685017 11632125654
1791531677 gw-search-role-w2 1530458804 1977569280 422685285 11632127380
1791531682 gw-search-role-w2 1530459313 1977569280 422685565 11632129106
1791531687 gw-search-role-w2 1530459646 1977569280 422685738 11632130936
1791531692 gw-search-role-w2 1530460371 1977569280 422685915 11632132755
1791531698 gw-search-role-w2 1530460757 1977569280 422686187 11632134485
1791531703 gw-search-role-w2 1530461194 1977569280 422686333 11632136340
1791531708 gw-search-role-w2 1530461508 1977569280 422686497 11632138169
1791531713 gw-search-role-w2 1530462042 1977569280 422686639 11632140034
1791531718 gw-search-role-w2 1530462528 1977569280 422686796 11632141878
1791531723 gw-search-role-w2 1530464076 1977569280 422686950 11632143719
1791531728 gw-search-role-w2 1530464585 1977569280 422687083 11632145585
1791531733 gw-search-role-w2 1530464995 1977569280 422687246 11632147426
1791531738 gw-search-role-w2 1530465463 1977569280 422687413 11632149263
1791531743 gw-search-role-w2 1530465856 1977569280 422687538 11632151135
1791531749 gw-search-role-w2 1530466505 1977569280 422687826 11632152854
1791531754 gw-search-role-w2 1530466889 1977569280 422688163 11632154504
1791531759 gw-search-role-w2 1530474072 1977565184 422688378 11632156291
1791531764 gw-search-role-w2 1530474446 1977565184 422688707 11632157964
1791531769 gw-search-role-w2 1530474959 1977565184 422689011 11632159655
1791531774 gw-search-role-w2 1530475360 1977565184 422689116 11632161550
1791531779 gw-search-role-w2 1530476008 1977565184 422689444 11632163223
1791531784 gw-search-role-w2 1530477568 1977565184 422689721 11632164944
1791531789 gw-search-role-w2 1530477970 1977565184 422689843 11632166825
1791531794 gw-search-role-w2 1530478482 1977565184 422690011 11632168661
1791531799 gw-search-role-w2 1530479041 1977565184 422690177 11632170491
1791531805 gw-search-role-w2 1530479712 1977565184 422690316 11632172356
1791531810 gw-search-role-w2 1530480737 1977565184 422690586 11632174082
1791531815 gw-search-role-w2 1530481529 1977565184 422690741 11632175923
1791531820 gw-search-role-w2 1530482018 1977565184 422690877 11632177791
1791531825 gw-search-role-w2 1530482598 1977565184 422691094 11632179573
1791531830 gw-search-role-w2 1530483126 1977565184 422691310 11632181369
1791531835 gw-search-role-w2 1530483730 1977565184 422691616 11632183060
1791531840 gw-search-role-w2 1530488683 1977565184 422691965 11632184706
1791531845 gw-search-role-w2 1530489031 1977565184 422692102 11632186570
1791531850 gw-search-role-w2 1530489569 1977565184 422692360 11632188308
1791531855 gw-search-role-w2 1530489892 1977565184 422692623 11632190047
1791531861 gw-search-role-w2 1530490284 1977565184 422692761 11632191906
1791531866 gw-search-role-w2 1530490595 1977565184 422692913 11632193757
1791531871 gw-search-role-w2 1530491344 1977565184 422693058 11632195620
1791531876 gw-search-role-w2 1530491714 1977565184 422693199 11632197477
1791531881 gw-search-role-w2 1530492283 1977565184 422693345 11632199330
1791531886 gw-search-role-w2 1530492597 1977565184 422693585 11632201092
1791531891 gw-search-role-w2 1530493063 1977565184 422693834 11632202847
1791531896 gw-search-role-w2 1530493501 1977565184 422694198 11632204489
1791531901 gw-search-role-w2 1530503406 1977565184 422694403 11632206283
1791531906 gw-search-role-w2 1530503838 1977565184 422694657 11632208030
1791531912 gw-search-role-w2 1530504104 1977565184 422694903 11632209788
1791531917 gw-search-role-w2 1530504600 1977565184 422695151 11632211537
1791531922 gw-search-role-w2 1530505050 1977565184 422695405 11632213287
1791531927 gw-search-role-w2 1530505604 1977565184 422695558 11632215140
1791531932 gw-search-role-w2 1530506103 1977565184 422695883 11632216817
1791531937 gw-search-role-w2 1530506589 1977565184 422696149 11632218562
1791531942 gw-search-role-w2 1530506913 1977565184 422696305 11632220415
1791531947 gw-search-role-w2 1530507328 1977565184 422696467 11632222257
1791531952 gw-search-role-w2 1530507811 1977565184 422696665 11632224058
1791531957 gw-search-role-w2 1530508090 1977565184 422696855 11632225872
1791531962 gw-search-role-w2 1530509737 1977565184 422697205 11632227521
1791531968 gw-search-role-w2 1530510175 1977565184 422697389 11632229341
1791531973 gw-search-role-w2 1530510761 1977565184 422697619 11632231111
1791531978 gw-search-role-w2 1530511102 1977565184 422697794 11632232939
1791531983 gw-search-role-w2 1530511602 1977565184 422697920 11632234815
1791531988 gw-search-role-w2 1530512137 1977565184 422698151 11632236589
1791531993 gw-search-role-w2 1530512789 1977565184 422698351 11632238389
1791531998 gw-search-role-w2 1530513172 1977565184 422698523 11632240215
1791532003 gw-search-role-w2 1530513722 1977565184 422698845 11632241903
1791532008 gw-search-role-w2 1530514149 1977565184 422699018 11632243732
1791532013 gw-search-role-w2 1530514716 1977565184 422699185 11632245566
1791532018 gw-search-role-w2 1530516850 1977565184 422699454 11632247301
1791532024 gw-search-role-w2 1530519894 1977565184 422699620 11632249132
1791532029 gw-search-role-w2 1530521838 1977565184 422699758 11632251008
1791532034 gw-search-role-w2 1530522234 1977565184 422700136 11632252629
1791532039 gw-search-role-w2 1530522956 1977565184 422700344 11632254422
1791532044 gw-search-role-w2 1530523334 1977565184 422700479 11632256288
1791532049 gw-search-role-w2 1530524164 1977565184 422700734 11632258032
1791532054 gw-search-role-w2 1530530127 1977569280 422700904 11632259878
1791532059 gw-search-role-w2 1530530621 1977569280 422701165 11632261620
1791532064 gw-search-role-w2 1530531039 1977569280 422701417 11632263370
1791532070 gw-search-role-w2 1530531282 1977569280 422701582 11632265208
1791532075 gw-search-role-w2 1530531737 1977569280 422701706 11632267089
1791532080 gw-search-role-w2 1530532201 1977569280 422701895 11632268904
1791532085 gw-search-role-w2 1530536254 1977569280 422702097 11632270706
1791532090 gw-search-role-w2 1530536659 1977569280 422702279 11632272527
1791532095 gw-search-role-w2 1530537121 1977569280 422702535 11632274272
1791532100 gw-search-role-w2 1530537520 1977569280 422702788 11632276021
1791532105 gw-search-role-w2 1530537988 1977569280 422702919 11632277897
1791532110 gw-search-role-w2 1530538476 1977569280 422703086 11632279732
1791532115 gw-search-role-w2 1530538959 1977569280 422703221 11632281599
1791532120 gw-search-role-w2 1530539479 1977569280 422703424 11632283400
1791532126 gw-search-role-w2 1530539815 1977569280 422703781 11632285044
1791532131 gw-search-role-w2 1530540310 1977569280 422703915 11632286907
1791532136 gw-search-role-w2 1530540569 1977569280 422704061 11632288761
1791532141 gw-search-role-w2 1530542114 1977569280 422704305 11632290520
1791532146 gw-search-role-w2 1530542416 1977569280 422704438 11632292389
1791532151 gw-search-role-w2 1530543065 1977569280 422704709 11632294113
1791532156 gw-search-role-w2 1530543459 1977569280 422705037 11632295778
1791532161 gw-search-role-w2 1530543950 1977569280 422705178 11632297638
1791532166 gw-search-role-w2 1530544355 1977569280 422705403 11632299414
1791532171 gw-search-role-w2 1530544966 1977569280 422705544 11632301273
1791532176 gw-search-role-w2 1530545268 1977569280 422705667 11632303155
1791532182 gw-search-role-w2 1530545747 1977569280 422705901 11632304920
1791532187 gw-search-role-w2 1530546217 1977569280 422706085 11632306737
1791532192 gw-search-role-w2 1530546609 1977569280 422706219 11632308602
1791532197 gw-search-role-w2 1530547176 1977569280 422706472 11632310348
1791532202 gw-search-role-w2 1530553776 1977569280 422706638 11632312182
1791532207 gw-search-role-w2 1530558624 1977565184 422706858 11632313967
1791532212 gw-search-role-w2 1530559068 1977565184 422707093 11632315728
1791532217 gw-search-role-w2 1530559564 1977565184 422707257 11632317561
1791532222 gw-search-role-w2 1530559852 1977565184 422707610 11632319214
1791532227 gw-search-role-w2 1530560272 1977565184 422707851 11632320973
1791532232 gw-search-role-w2 1530560705 1977565184 422708029 11632322794
1791532238 gw-search-role-w2 1530561351 1977565184 422708170 11632324649
1791532243 gw-search-role-w2 1530561782 1977565184 422708321 11632326496
1791532248 gw-search-role-w2 1530562092 1977565184 422708480 11632328331
1791532253 gw-search-role-w2 1530563523 1977565184 422708748 11632330068
1791532258 gw-search-role-w2 1530564503 1977565184 422709133 11632331691
1791532263 gw-search-role-w2 1530588976 1977565184 422709575 11632333249
1791532268 gw-search-role-w2 1530589415 1977565184 422709794 11632335035
1791532273 gw-search-role-w2 1530589971 1977565184 422710071 11632336763
1791532278 gw-search-role-w2 1530590344 1977565184 422710327 11632338507
1791532283 gw-search-role-w2 1530590842 1977565184 422710467 11632340366
1791532288 gw-search-role-w2 1530591388 1977565184 422710612 11632342224
1791532294 gw-search-role-w2 1530591903 1977565184 422710752 11632344079
1791532299 gw-search-role-w2 1530592342 1977565184 422711029 11632345806
1791532304 gw-search-role-w2 1530592624 1977565184 422711377 11632347460
1791532309 gw-search-role-w2 1530593168 1977565184 422711621 11632349218
1791532314 gw-search-role-w2 1530593529 1977565184 422711765 11632351074
1791532319 gw-search-role-w2 1530594196 1977565184 422711914 11632352935
1791532324 gw-search-role-w2 1530597103 1977565184 422712058 11632354789
1791532329 gw-search-role-w2 1530597577 1977565184 422712195 11632356655
1791532334 gw-search-role-w2 1530597886 1977565184 422712445 11632358413
1791532339 gw-search-role-w2 1530598385 1977565184 422712592 11632360272
1791532344 gw-search-role-w2 1530598720 1977565184 422712726 11632362138
1791532350 gw-search-role-w2 1530599271 1977565184 422712946 11632363913
1791532355 gw-search-role-w2 1530599770 1977565184 422713090 11632365776
1791532360 gw-search-role-w2 1530600067 1977565184 422713235 11632367636
1791532365 gw-search-role-w2 1530600630 1977565184 422713388 11632369483
1791532370 gw-search-role-w2 1530600977 1977565184 422713543 11632371331
1791532375 gw-search-role-w2 1530601496 1977565184 422713719 11632373160
1791532380 gw-search-role-w2 1530602828 1977565184 422713940 11632374937
1791532385 gw-search-role-w2 1530603292 1977565184 422714079 11632376803
1791532390 gw-search-role-w2 1530603613 1977565184 422714326 11632378561
1791532395 gw-search-role-w2 1530604157 1977565184 422714595 11632380285
1791532400 gw-search-role-w2 1530604572 1977565184 422714750 11632382123
1791532406 gw-search-role-w2 1530605127 1977565184 422714887 11632383987
1791532411 gw-search-role-w2 1530605823 1977565184 422715043 11632385832
1791532416 gw-search-role-w2 1530606110 1977565184 422715168 11632387715
1791532421 gw-search-role-w2 1530606539 1977565184 422715315 11632389567
1791532426 gw-search-role-w2 1530606834 1977565184 422715476 11632391407
1791532431 gw-search-role-w2 1530607251 1977565184 422715681 11632393199
1791532436 gw-search-role-w2 1530607503 1977565184 422715881 11632394998
1791532441 gw-search-role-w2 1530609816 1977565184 422716053 11632396823
1791532446 gw-search-role-w2 1530610494 1977565184 422716179 11632398703
1791532451 gw-search-role-w2 1530610980 1977565184 422716377 11632400503
1791532457 gw-search-role-w2 1530611274 1977565184 422716550 11632402331
1791532462 gw-search-role-w2 1530611882 1977565184 422716676 11632404206
1791532467 gw-search-role-w2 1530612343 1977565184 422716968 11632405912
1791532472 gw-search-role-w2 1530612862 1977565184 422717238 11632407641
1791532477 gw-search-role-w2 1530613351 1977565184 422717380 11632409502
1791532482 gw-search-role-w2 1530613776 1977565184 422717674 11632411204
