1791519876 gw-search-role-v1b 30915775 2354966528 2932732526 41540705759
1791519876 gw-search-role-v1a 29886476 2126999552 2932732526 41540705759
1791519881 gw-search-role-v1b 30925487 2355089408 2932733936 41540712498
1791519881 gw-search-role-v1a 29890340 2126999552 2932733936 41540712498
1791519886 gw-search-role-v1b 30982653 2089304064 2932735115 41540719488
1791519886 gw-search-role-v1a 29891642 2126999552 2932735115 41540719488
1791519891 gw-search-role-v1b 30986908 2089332736 2932737113 41540725754
1791519891 gw-search-role-v1a 36107872 2147479552 2932737113 41540725754
1791519896 gw-search-role-v1b 30988020 2089324544 2932738762 41540732320
1791519896 gw-search-role-v1a 42519416 2154889216 2932738762 41540732320
1791519902 gw-search-role-v1b 30988992 2089324544 2932740966 41540738325
1791519902 gw-search-role-v1a 48459664 2165567488 2932740966 41540738325
1791519907 gw-search-role-v1b 30989858 2089324544 2932743091 41540744575
1791519907 gw-search-role-v1a 55403510 2176999424 2932743091 41540744575
1791519912 gw-search-role-v1b 30993541 2089377792 2932744908 41540750948
1791519912 gw-search-role-v1a 61559562 2178310144 2932744908 41540750948
1791519917 gw-search-role-v1b 31001553 2089377792 2932746914 41540757129
1791519917 gw-search-role-v1a 67348353 2182217728 2932746914 41540757129
1791519922 gw-search-role-v1b 31002585 2089377792 2932748659 41540763591
1791519922 gw-search-role-v1a 73275855 2186756096 2932748659 41540763591
1791519928 gw-search-role-v1b 32520866 2093207552 2932750294 41540770122
1791519928 gw-search-role-v1a 76520454 2182860800 2932750294 41540770122
1791519933 gw-search-role-v1b 39404856 2094714880 2932752181 41540776444
1791519933 gw-search-role-v1a 76568121 2182844416 2932752181 41540776444
1791519938 gw-search-role-v1b 45956221 2129821696 2932753981 41540782834
1791519938 gw-search-role-v1a 76577799 2182844416 2932753981 41540782834
1791519943 gw-search-role-v1b 51678446 2139897856 2932755769 41540789207
1791519943 gw-search-role-v1a 76578611 2182844416 2932755769 41540789207
1791519948 gw-search-role-v1b 57564107 2152067072 2932757889 41540795328
1791519948 gw-search-role-v1a 76579600 2182844416 2932757889 41540795328
1791519954 gw-search-role-v1b 63567604 2160799744 2932760062 41540801325
1791519954 gw-search-role-v1a 76579958 2182844416 2932760062 41540801325
1791519959 gw-search-role-v1b 68983124 2169081856 2932762055 41540807517
1791519959 gw-search-role-v1a 76581035 2182844416 2932762055 41540807517
1791519964 gw-search-role-v1b 74890012 2176684032 2932764010 41540813713
1791519964 gw-search-role-v1a 76581669 2182844416 2932764010 41540813713
1791519969 gw-search-role-v1b 76746904 2183331840 2932765620 41540820280
1791519969 gw-search-role-v1a 76582135 2182844416 2932765620 41540820280
1791519974 gw-search-role-v1b 76787908 2183335936 2932766946 41540827156
1791519974 gw-search-role-v1a 76584714 2182840320 2932766946 41540827156
1791519979 gw-search-role-v1b 77811200 2078531584 2932768147 41540834144
1791519979 gw-search-role-v1a 76585369 2182840320 2932768147 41540834144
1791519985 gw-search-role-v1b 77812093 2078531584 2932769415 41540841111
1791519985 gw-search-role-v1a 76585863 2182840320 2932769415 41540841111
1791519990 gw-search-role-v1b 77814014 2078531584 2932770703 41540848044
1791519990 gw-search-role-v1a 76586603 2182840320 2932770703 41540848044
1791519995 gw-search-role-v1b 77814858 2078527488 2932772416 41540854515
1791519995 gw-search-role-v1a 76587075 2182840320 2932772416 41540854515
1791520000 gw-search-role-v1b 77815332 2078527488 2932773716 41540861423
1791520000 gw-search-role-v1a 77778725 1982111744 2932773716 41540861423
1791520005 gw-search-role-v1b 77816310 2078527488 2932774926 41540868417
1791520005 gw-search-role-v1a 78609002 1888993280 2932774926 41540868417
1791520011 gw-search-role-v1b 77817159 2078527488 2932776427 41540875114
1791520011 gw-search-role-v1a 78614704 1889013760 2932776427 41540875114
1791520016 gw-search-role-v1b 77817892 2078523392 2932777638 41540882111
1791520016 gw-search-role-v1a 78615566 1889013760 2932777638 41540882111
1791520021 gw-search-role-v1b 77818700 2078523392 2932778984 41540889004
1791520021 gw-search-role-v1a 78616453 1889013760 2932778984 41540889004
1791520026 gw-search-role-v1b 77819189 2078523392 2932780532 41540895642
1791520026 gw-search-role-v1a 78616999 1889013760 2932780532 41540895642
1791520031 gw-search-role-v1b 77820072 2078523392 2932781915 41540902447
1791520031 gw-search-role-v1a 78620147 1889026048 2932781915 41540902447
1791520037 gw-search-role-v1b 78820945 1879482368 2932783299 41540909268
1791520037 gw-search-role-v1a 78620777 1889026048 2932783299 41540909268
1791520042 gw-search-role-v1b 78821337 1879482368 2932784515 41540916252
1791520042 gw-search-role-v1a 78621457 1889026048 2932784515 41540916252
1791520047 gw-search-role-v1b 78823585 1879490560 2932786245 41540922657
1791520047 gw-search-role-v1a 78622199 1889026048 2932786245 41540922657
1791520052 gw-search-role-v1b 78824294 1879490560 2932787646 41540929464
1791520052 gw-search-role-v1a 78622643 1889026048 2932787646 41540929464
1791520057 gw-search-role-v1b 78824882 1879490560 2932788670 41540936657
1791520057 gw-search-role-v1a 78623270 1889026048 2932788670 41540936657
1791520063 gw-search-role-v1b 78825921 1879490560 2932789437 41540944149
1791520063 gw-search-role-v1a 78624519 1889026048 2932789437 41540944149
1791520068 gw-search-role-v1b 78826542 1879490560 2932791399 41540950385
1791520068 gw-search-role-v1a 78624923 1889026048 2932791399 41540950385
1791520073 gw-search-role-v1b 78827373 1879490560 2932792670 41540957311
1791520073 gw-search-role-v1a 78631657 1889038336 2932792670 41540957311
1791520078 gw-search-role-v1b 78828324 1879490560 2932795402 41540962763
1791520078 gw-search-role-v1a 89570984 1984049152 2932795402 41540962763
1791520083 gw-search-role-v1b 78828889 1879490560 2932798886 41540967451
1791520083 gw-search-role-v1a 102049176 2072989696 2932798886 41540967451
1791520088 gw-search-role-v1b 79745540 1878884352 2932802324 41540972205
1791520088 gw-search-role-v1a 113148662 2089807872 2932802324 41540972205
1791520094 gw-search-role-v1b 79746284 1878884352 2932805510 41540977264
1791520094 gw-search-role-v1a 125310915 2106494976 2932805510 41540977264
1791520099 gw-search-role-v1b 79746803 1878884352 2932808753 41540982175
1791520099 gw-search-role-v1a 137594892 2111270912 2932808753 41540982175
1791520104 gw-search-role-v1b 79747387 1878884352 2932811303 41540987809
1791520104 gw-search-role-v1a 147446726 2112876544 2932811303 41540987809
1791520109 gw-search-role-v1b 79748924 1878884352 2932814405 41540992862
1791520109 gw-search-role-v1a 159568944 2136338432 2932814405 41540992862
1791520114 gw-search-role-v1b 79749370 1878884352 2932817875 41540997587
1791520114 gw-search-role-v1a 172390942 2140409856 2932817875 41540997587
1791520120 gw-search-role-v1b 79750094 1878884352 2932820916 41541002708
1791520120 gw-search-role-v1a 183127289 2144825344 2932820916 41541002708
1791520125 gw-search-role-v1b 79750719 1878884352 2932823850 41541007979
1791520125 gw-search-role-v1a 195003564 2148179968 2932823850 41541007979
1791520130 gw-search-role-v1b 79751034 1878884352 2932826694 41541013365
1791520130 gw-search-role-v1a 205034315 2158764032 2932826694 41541013365
1791520135 gw-search-role-v1b 79751945 1878884352 2932829189 41541019052
1791520135 gw-search-role-v1a 214120519 2162311168 2932829189 41541019052
1791520140 gw-search-role-v1b 79752288 1878884352 2932830153 41541026302
1791520140 gw-search-role-v1a 214176966 2162257920 2932830153 41541026302
1791520146 gw-search-role-v1b 83349255 1889591296 2932831879 41541032784
1791520146 gw-search-role-v1a 216105420 2159443968 2932831879 41541032784
1791520151 gw-search-role-v1b 92752254 1958920192 2932835743 41541037095
1791520151 gw-search-role-v1a 224836131 2168365056 2932835743 41541037095
1791520156 gw-search-role-v1b 99775763 1969696768 2932839371 41541041695
1791520156 gw-search-role-v1a 232751332 2172338176 2932839371 41541041695
1791520161 gw-search-role-v1b 107298979 1982877696 2932843059 41541046194
1791520161 gw-search-role-v1a 239314364 2172493824 2932843059 41541046194
1791520166 gw-search-role-v1b 116105291 2037964800 2932847034 41541050419
1791520166 gw-search-role-v1a 247699120 2175975424 2932847034 41541050419
1791520171 gw-search-role-v1b 123843390 2036846592 2932850677 41541054954
1791520171 gw-search-role-v1a 254459714 2176364544 2932850677 41541054954
1791520177 gw-search-role-v1b 131201994 2045210624 2932854105 41541059734
1791520177 gw-search-role-v1a 261097112 2182844416 2932854105 41541059734
1791520182 gw-search-role-v1b 131243696 2045181952 2932855133 41541066957
1791520182 gw-search-role-v1a 261134133 2182807552 2932855133 41541066957
1791520187 gw-search-role-v1b 131255553 2045181952 2932856604 41541073685
1791520187 gw-search-role-v1a 262415991 1939369984 2932856604 41541073685
1791520192 gw-search-role-v1b 131255881 2045181952 2932859626 41541078846
1791520192 gw-search-role-v1a 274175158 2013675520 2932859626 41541078846
1791520197 gw-search-role-v1b 131256743 2045181952 2932862775 41541083886
1791520197 gw-search-role-v1a 287198827 2083360768 2932862775 41541083886
1791520203 gw-search-role-v1b 131257387 2045181952 2932866083 41541088367
1791520203 gw-search-role-v1a 299060792 2093129728 2932866083 41541088367
1791520208 gw-search-role-v1b 131257717 2045181952 2932869027 41541093705
1791520208 gw-search-role-v1a 311097411 2110021632 2932869027 41541093705
1791520213 gw-search-role-v1b 131261563 2045181952 2932872735 41541098147
1791520213 gw-search-role-v1a 324030074 2115493888 2932872735 41541098147
1791520218 gw-search-role-v1b 131261894 2045181952 2932876207 41541102865
1791520218 gw-search-role-v1a 334132942 2119471104 2932876207 41541102865
1791520223 gw-search-role-v1b 131262917 2045181952 2932879662 41541107599
1791520223 gw-search-role-v1a 346647920 2131058688 2932879662 41541107599
1791520229 gw-search-role-v1b 131267083 2045177856 2932882955 41541112471
1791520229 gw-search-role-v1a 358732222 2138234880 2932882955 41541112471
1791520234 gw-search-role-v1b 131267725 2045177856 2932886220 41541117382
1791520234 gw-search-role-v1a 370760975 2139951104 2932886220 41541117382
1791520239 gw-search-role-v1b 131268482 2045177856 2932889318 41541122483
1791520239 gw-search-role-v1a 384036103 2138533888 2932889318 41541122483
1791520244 gw-search-role-v1b 131268907 2045177856 2932892276 41541127730
1791520244 gw-search-role-v1a 394901208 2136756224 2932892276 41541127730
1791520249 gw-search-role-v1b 131269490 2045177856 2932895294 41541132916
1791520249 gw-search-role-v1a 404018935 2137542656 2932895294 41541132916
1791520255 gw-search-role-v1b 131270271 2045177856 2932896083 41541140358
1791520255 gw-search-role-v1a 404085862 2137501696 2932896083 41541140358
1791520260 gw-search-role-v1b 132821021 2045153280 2932897261 41541147438
1791520260 gw-search-role-v1a 405325818 2135851008 2932897261 41541147438
1791520265 gw-search-role-v1b 140934143 2044653568 2932901181 41541151706
1791520265 gw-search-role-v1a 413813404 2138890240 2932901181 41541151706
1791520270 gw-search-role-v1b 148417853 2049892352 2932904962 41541156139
1791520270 gw-search-role-v1a 422198861 2137436160 2932904962 41541156139
1791520275 gw-search-role-v1b 155682057 2050064384 2932908495 41541160787
1791520275 gw-search-role-v1a 428183196 2138271744 2932908495 41541160787
1791520281 gw-search-role-v1b 165638134 1951125504 2932912553 41541164916
1791520281 gw-search-role-v1a 436833950 2138300416 2932912553 41541164916
1791520286 gw-search-role-v1b 173017529 1967497216 2932916726 41541168923
1791520286 gw-search-role-v1a 444737633 2137194496 2932916726 41541168923
1791520291 gw-search-role-v1b 180266576 1981751296 2932920137 41541173686
1791520291 gw-search-role-v1a 451578763 2137698304 2932920137 41541173686
1791520296 gw-search-role-v1b 187073291 2035617792 2932923778 41541178223
1791520296 gw-search-role-v1a 460181358 2137223168 2932923778 41541178223
1791520301 gw-search-role-v1b 193527010 2037596160 2932927298 41541182894
1791520301 gw-search-role-v1a 465818148 2138689536 2932927298 41541182894
1791520306 gw-search-role-v1b 201362156 2046390272 2932931085 41541187277
1791520306 gw-search-role-v1a 473557323 2143956992 2932931085 41541187277
1791520312 gw-search-role-v1b 208561122 2045550592 2932934842 41541191737
1791520312 gw-search-role-v1a 482212740 2145091584 2932934842 41541191737
1791520317 gw-search-role-v1b 215103049 2051289088 2932938334 41541196419
1791520317 gw-search-role-v1a 488877015 2142990336 2932938334 41541196419
1791520322 gw-search-role-v1b 218603779 2052476928 2932940725 41541202228
1791520322 gw-search-role-v1a 492222737 2144198656 2932940725 41541202228
1791520327 gw-search-role-v1b 225683977 2603679744 2932942114 41541208991
1791520327 gw-search-role-v1a 492258457 2144165888 2932942114 41541208991
1791520332 gw-search-role-v1b 233458331 2506407936 2932944670 41541214669
1791520332 gw-search-role-v1a 496744799 2143948800 2932944670 41541214669
1791520338 gw-search-role-v1b 233459394 2506407936 2932947591 41541219982
1791520338 gw-search-role-v1a 504781949 2149081088 2932947591 41541219982
1791520343 gw-search-role-v1b 233516637 2241241088 2932950956 41541224816
1791520343 gw-search-role-v1a 512360481 2145214464 2932950956 41541224816
1791520348 gw-search-role-v1b 233518269 2241241088 2932953458 41541230456
1791520348 gw-search-role-v1a 519941688 2144976896 2932953458 41541230456
1791520353 gw-search-role-v1b 233519085 2241241088 2932957275 41541234863
1791520353 gw-search-role-v1a 532904099 2721480704 2932957275 41541234863
1791520358 gw-search-role-v1b 233519475 2241241088 2932960723 41541239584
1791520358 gw-search-role-v1a 545482589 2907508736 2932960723 41541239584
1791520364 gw-search-role-v1b 233520048 2241241088 2932963976 41541244491
1791520364 gw-search-role-v1a 557085094 2695770112 2932963976 41541244491
1791520369 gw-search-role-v1b 233520729 2241241088 2932967185 41541249504
1791520369 gw-search-role-v1a 565395197 2574733312 2932967185 41541249504
1791520374 gw-search-role-v1b 233527137 2241282048 2932970192 41541254661
1791520374 gw-search-role-v1a 572199280 2329956352 2932970192 41541254661
1791520379 gw-search-role-v1b 233527676 2241282048 2932973593 41541259456
1791520379 gw-search-role-v1a 580292907 2331467776 2932973593 41541259456
1791520384 gw-search-role-v1b 233528179 2241277952 2932977127 41541264116
1791520384 gw-search-role-v1a 588681932 2335166464 2932977127 41541264116
1791520390 gw-search-role-v1b 233528705 2241277952 2932980044 41541269376
1791520390 gw-search-role-v1a 595740402 2339237888 2932980044 41541269376
1791520395 gw-search-role-v1b 233529445 2241277952 2932981177 41541276497
1791520395 gw-search-role-v1a 595777751 2339209216 2932981177 41541276497
1791520400 gw-search-role-v1b 233530128 2241273856 2932981909 41541283991
1791520400 gw-search-role-v1a 595795825 2339205120 2932981909 41541283991
1791520405 gw-search-role-v1b 233530822 2241273856 2932984219 41541289861
1791520405 gw-search-role-v1a 601306071 2340024320 2932984219 41541289861
1791520410 gw-search-role-v1b 233532098 2241273856 2932987294 41541294978
1791520410 gw-search-role-v1a 607253017 2341273600 2932987294 41541294978
1791520416 gw-search-role-v1b 233532686 2241273856 2932989563 41541300926
1791520416 gw-search-role-v1a 611041057 2339102720 2932989563 41541300926
1791520421 gw-search-role-v1b 233532977 2241273856 2932992020 41541306636
1791520421 gw-search-role-v1a 615884115 2340958208 2932992020 41541306636
1791520426 gw-search-role-v1b 233533663 2241273856 2932994703 41541312116
1791520426 gw-search-role-v1a 621784941 2338856960 2932994703 41541312116
1791520431 gw-search-role-v1b 233534453 2241273856 2932997201 41541317828
1791520431 gw-search-role-v1a 626223166 2338181120 2932997201 41541317828
1791520436 gw-search-role-v1b 233534981 2241273856 2933000069 41541323169
1791520436 gw-search-role-v1a 630953089 2342367232 2933000069 41541323169
1791520441 gw-search-role-v1b 234843559 1923100672 2933003154 41541328254
1791520441 gw-search-role-v1a 635296514 2339348480 2933003154 41541328254
1791520447 gw-search-role-v1b 234843838 1923100672 2933005951 41541333782
1791520447 gw-search-role-v1a 640321763 2338201600 2933005951 41541333782
1791520452 gw-search-role-v1b 234844308 1923100672 2933008956 41541338944
1791520452 gw-search-role-v1a 645370370 2342723584 2933008956 41541338944
1791520457 gw-search-role-v1b 234844724 1923100672 2933011477 41541344603
1791520457 gw-search-role-v1a 650075595 2340323328 2933011477 41541344603
1791520462 gw-search-role-v1b 234845018 1923100672 2933013439 41541350804
1791520462 gw-search-role-v1a 653197303 2337792000 2933013439 41541350804
1791520468 gw-search-role-v1b 234851836 1923133440 2933014476 41541357991
1791520468 gw-search-role-v1a 653224312 2337779712 2933014476 41541357991
1791520473 gw-search-role-v1b 234852156 1923133440 2933015741 41541364921
1791520473 gw-search-role-v1a 656677307 2341244928 2933015741 41541364921
1791520478 gw-search-role-v1b 234852576 1923133440 2933019080 41541369806
1791520478 gw-search-role-v1a 668884288 2339385344 2933019080 41541369806
1791520483 gw-search-role-v1b 234853134 1923133440 2933022465 41541374634
1791520483 gw-search-role-v1a 680754751 2340192256 2933022465 41541374634
1791520488 gw-search-role-v1b 234853567 1923133440 2933025443 41541379884
1791520488 gw-search-role-v1a 691354810 2340265984 2933025443 41541379884
1791520493 gw-search-role-v1b 234854036 1923133440 2933028688 41541384828
1791520493 gw-search-role-v1a 705733748 2157928448 2933028688 41541384828
1791520499 gw-search-role-v1b 234854478 1923133440 2933031920 41541389780
1791520499 gw-search-role-v1a 716937196 2233286656 2933031920 41541389780
1791520504 gw-search-role-v1b 234854960 1923133440 2933036055 41541393649
1791520504 gw-search-role-v1a 728369488 2245963776 2933036055 41541393649
1791520509 gw-search-role-v1b 234855439 1923133440 2933039934 41541397974
1791520509 gw-search-role-v1a 740369600 2260082688 2933039934 41541397974
1791520514 gw-search-role-v1b 234855739 1923133440 2933043011 41541403135
1791520514 gw-search-role-v1a 750607402 2260025344 2933043011 41541403135
1791520519 gw-search-role-v1b 234856206 1923133440 2933046088 41541408263
1791520519 gw-search-role-v1a 762924201 2270679040 2933046088 41541408263
1791520525 gw-search-role-v1b 234856647 1923133440 2933049471 41541413088
1791520525 gw-search-role-v1a 775320111 2275815424 2933049471 41541413088
1791520530 gw-search-role-v1b 234858105 1923133440 2933052439 41541418299
1791520530 gw-search-role-v1a 785524697 2280919040 2933052439 41541418299
1791520535 gw-search-role-v1b 234858746 1923133440 2933053975 41541424967
1791520535 gw-search-role-v1a 789015827 2279759872 2933053975 41541424967
1791520540 gw-search-role-v1b 234865296 1923141632 2933054984 41541432156
1791520540 gw-search-role-v1a 789060890 2279743488 2933054984 41541432156
1791520545 gw-search-role-v1b 242303030 1975640064 2933057732 41541437630
1791520545 gw-search-role-v1a 794684093 2289655808 2933057732 41541437630
1791520551 gw-search-role-v1b 249772498 2013433856 2933061761 41541441801
1791520551 gw-search-role-v1a 802849045 2290221056 2933061761 41541441801
1791520556 gw-search-role-v1b 256659116 2024968192 2933065053 41541446689
1791520556 gw-search-role-v1a 808840454 2287218688 2933065053 41541446689
1791520561 gw-search-role-v1b 265102860 2057977856 2933068574 41541451345
1791520561 gw-search-role-v1a 816585136 2294312960 2933068574 41541451345
1791520566 gw-search-role-v1b 272226024 2089185280 2933072142 41541455988
1791520566 gw-search-role-v1a 825147226 2292645888 2933072142 41541455988
1791520571 gw-search-role-v1b 278796072 2094026752 2933075266 41541461103
1791520571 gw-search-role-v1a 830589681 2294325248 2933075266 41541461103
1791520577 gw-search-role-v1b 286662420 2099900416 2933079147 41541465411
1791520577 gw-search-role-v1a 839159054 2296852480 2933079147 41541465411
1791520582 gw-search-role-v1b 293636659 2098860032 2933083049 41541469718
1791520582 gw-search-role-v1a 847408243 2295357440 2933083049 41541469718
1791520587 gw-search-role-v1b 300978521 2096738304 2933086640 41541474359
1791520587 gw-search-role-v1a 853774166 2299916288 2933086640 41541474359
1791520592 gw-search-role-v1b 308715360 2103177216 2933090442 41541478747
1791520592 gw-search-role-v1a 862452798 2300203008 2933090442 41541478747
1791520597 gw-search-role-v1b 315351791 2099408896 2933094464 41541482911
1791520597 gw-search-role-v1a 871116346 2105827328 2933094464 41541482911
1791520602 gw-search-role-v1b 322377142 2104070144 2933097764 41541487802
1791520602 gw-search-role-v1a 878783849 2156191744 2933097764 41541487802
1791520608 gw-search-role-v1b 322422579 2104033280 2933098641 41541495187
1791520608 gw-search-role-v1a 878814197 2156163072 2933098641 41541495187
1791520613 gw-search-role-v1b 322436224 2104033280 2933099518 41541502522
1791520613 gw-search-role-v1a 879094530 2156441600 2933099518 41541502522
1791520618 gw-search-role-v1b 322436855 2104033280 2933102492 41541507742
1791520618 gw-search-role-v1a 887390849 2160459776 2933102492 41541507742
1791520623 gw-search-role-v1b 322437345 2104033280 2933105896 41541512483
1791520623 gw-search-role-v1a 897528738 2198544384 2933105896 41541512483
1791520628 gw-search-role-v1b 322437632 2104033280 2933108677 41541517888
1791520628 gw-search-role-v1a 903359821 2211971072 2933108677 41541517888
1791520634 gw-search-role-v1b 322438185 2104033280 2933112151 41541522615
1791520634 gw-search-role-v1a 912313891 2221346816 2933112151 41541522615
1791520639 gw-search-role-v1b 322438468 2104029184 2933115026 41541527942
1791520639 gw-search-role-v1a 920487436 2227113984 2933115026 41541527942
1791520644 gw-search-role-v1b 322438883 2104029184 2933117614 41541533492
1791520644 gw-search-role-v1a 926971614 2233430016 2933117614 41541533492
1791520649 gw-search-role-v1b 322440535 2104029184 2933120656 41541538642
1791520649 gw-search-role-v1a 935312754 2236805120 2933120656 41541538642
1791520654 gw-search-role-v1b 322440854 2104029184 2933123884 41541543652
1791520654 gw-search-role-v1a 941801013 2234523648 2933123884 41541543652
1791520660 gw-search-role-v1b 322441301 2104029184 2933126564 41541549171
1791520660 gw-search-role-v1a 949752515 2239545344 2933126564 41541549171
1791520665 gw-search-role-v1b 322441621 2104029184 2933129878 41541554047
1791520665 gw-search-role-v1a 959124803 2238255104 2933129878 41541554047
1791520670 gw-search-role-v1b 322442111 2104029184 2933132750 41541559379
1791520670 gw-search-role-v1a 964699036 2235117568 2933132750 41541559379
1791520675 gw-search-role-v1b 322442859 2104029184 2933134783 41541565532
1791520675 gw-search-role-v1a 970126279 2237444096 2933134783 41541565532
1791520680 gw-search-role-v1b 322443131 2104029184 2933135813 41541572714
1791520680 gw-search-role-v1a 970153475 2237407232 2933135813 41541572714
1791520686 gw-search-role-v1b 322444127 2104029184 2933137028 41541579710
1791520686 gw-search-role-v1a 971772648 2238386176 2933137028 41541579710
1791520691 gw-search-role-v1b 322444558 2104029184 2933139974 41541584941
1791520691 gw-search-role-v1a 976486947 2239086592 2933139974 41541584941
1791520696 gw-search-role-v1b 322445020 2104029184 2933142736 41541590369
1791520696 gw-search-role-v1a 981847201 2238103552 2933142736 41541590369
1791520701 gw-search-role-v1b 322445302 2104029184 2933145207 41541596050
1791520701 gw-search-role-v1a 986642265 2239954944 2933145207 41541596050
1791520706 gw-search-role-v1b 322456258 2104049664 2933147960 41541601445
1791520706 gw-search-role-v1a 991535051 2240598016 2933147960 41541601445
1791520711 gw-search-role-v1b 322456793 2104049664 2933150825 41541606787
1791520711 gw-search-role-v1a 995942975 2240917504 2933150825 41541606787
1791520717 gw-search-role-v1b 322457116 2104049664 2933153517 41541612351
1791520717 gw-search-role-v1a 1000991545 2241581056 2933153517 41541612351
1791520722 gw-search-role-v1b 322457549 2104049664 2933156195 41541617813
1791520722 gw-search-role-v1a 1006098187 2244620288 2933156195 41541617813
1791520727 gw-search-role-v1b 322457881 2104049664 2933159183 41541623028
1791520727 gw-search-role-v1a 1010796154 2245988352 2933159183 41541623028
1791520732 gw-search-role-v1b 322458314 2104049664 2933162280 41541628128
1791520732 gw-search-role-v1a 1016999358 2251677696 2933162280 41541628128
1791520737 gw-search-role-v1b 322458954 2104049664 2933164925 41541633722
1791520737 gw-search-role-v1a 1022502859 2254143488 2933164925 41541633722
1791520743 gw-search-role-v1b 322459275 2104049664 2933167688 41541638933
1791520743 gw-search-role-v1a 1026804603 2258427904 2933167688 41541638933
1791520748 gw-search-role-v1b 322459841 2104049664 2933169426 41541645337
1791520748 gw-search-role-v1a 1028743146 2254499840 2933169426 41541645337
1791520753 gw-search-role-v1b 322460181 2104049664 2933170122 41541652840
1791520753 gw-search-role-v1a 1028763566 2254499840 2933170122 41541652840
1791520758 gw-search-role-v1b 322460765 2104049664 2933172583 41541658585
1791520758 gw-search-role-v1a 1038692862 2260541440 2933172583 41541658585
1791520763 gw-search-role-v1b 322461263 2104049664 2933175717 41541663647
1791520763 gw-search-role-v1a 1051658884 2263875584 2933175717 41541663647
1791520769 gw-search-role-v1b 322465572 2104049664 2933178882 41541668667
1791520769 gw-search-role-v1a 1062164697 2261692416 2933178882 41541668667
1791520774 gw-search-role-v1b 322466040 2104049664 2933181786 41541673942
1791520774 gw-search-role-v1a 1074144772 2264850432 2933181786 41541673942
1791520779 gw-search-role-v1b 322466365 2104049664 2933185270 41541678633
1791520779 gw-search-role-v1a 1086238248 2266304512 2933185270 41541678633
1791520784 gw-search-role-v1b 322466805 2104049664 2933188266 41541683798
1791520784 gw-search-role-v1a 1096335601 2263425024 2933188266 41541683798
1791520789 gw-search-role-v1b 322467240 2104049664 2933191587 41541688668
1791520789 gw-search-role-v1a 1108657320 2268557312 2933191587 41541688668
1791520794 gw-search-role-v1b 322467666 2104049664 2933195382 41541693037
1791520794 gw-search-role-v1a 1121586014 2264256512 2933195382 41541693037
1791520800 gw-search-role-v1b 322468182 2104049664 2933198835 41541697782
1791520800 gw-search-role-v1a 1133358881 2268598272 2933198835 41541697782
1791520805 gw-search-role-v1b 322468482 2104049664 2933202138 41541702396
1791520805 gw-search-role-v1a 1145895403 2268991488 2933202138 41541702396
1791520810 gw-search-role-v1b 322468927 2104049664 2933205384 41541707334
1791520810 gw-search-role-v1a 1156194251 2267279360 2933205384 41541707334
1791520815 gw-search-role-v1b 322473896 2104049664 2933207733 41541713172
1791520815 gw-search-role-v1a 1165270408 2267361280 2933207733 41541713172
1791520820 gw-search-role-v1b 322474189 2104049664 2933208495 41541720693
1791520820 gw-search-role-v1a 1165342816 2267344896 2933208495 41541720693
1791520826 gw-search-role-v1b 324159276 2100695040 2933209333 41541728043
1791520826 gw-search-role-v1a 1166415641 2271043584 2933209333 41541728043
1791520831 gw-search-role-v1b 332955266 2105044992 2933213226 41541732386
1791520831 gw-search-role-v1a 1174507856 2269491200 2933213226 41541732386
1791520836 gw-search-role-v1b 342590190 2107289600 2933217344 41541736441
1791520836 gw-search-role-v1a 1181700755 2267750400 2933217344 41541736441
1791520841 gw-search-role-v1b 348193677 2105552896 2933220680 41541741297
1791520841 gw-search-role-v1a 1188137783 2269609984 2933220680 41541741297
1791520846 gw-search-role-v1b 356801514 2105954304 2933224779 41541745364
1791520846 gw-search-role-v1a 1195648995 2270617600 2933224779 41541745364
1791520852 gw-search-role-v1b 364689792 2105929728 2933228724 41541749677
1791520852 gw-search-role-v1a 1203183819 2267144192 2933228724 41541749677
1791520857 gw-search-role-v1b 371514392 2107187200 2933232160 41541754444
1791520857 gw-search-role-v1a 1210935990 2267770880 2933232160 41541754444
1791520862 gw-search-role-v1b 380403713 2109972480 2933235934 41541758862
1791520862 gw-search-role-v1a 1217998285 2272219136 2933235934 41541758862
1791520867 gw-search-role-v1b 386448307 2107748352 2933239527 41541763461
1791520867 gw-search-role-v1a 1226058977 2268741632 2933239527 41541763461
1791520872 gw-search-role-v1b 394404581 2112589824 2933243390 41541767762
1791520872 gw-search-role-v1a 1233954447 2268352512 2933243390 41541767762
1791520878 gw-search-role-v1b 402850712 2113806336 2933247729 41541771579
1791520878 gw-search-role-v1a 1241171306 2271096832 2933247729 41541771579
1791520883 gw-search-role-v1b 408535225 2109788160 2933250871 41541776611
1791520883 gw-search-role-v1a 1247588018 2269925376 2933250871 41541776611
1791520888 gw-search-role-v1b 412048612 2110300160 2933253027 41541782677
1791520888 gw-search-role-v1a 1251132074 2269372416 2933253027 41541782677
1791520893 gw-search-role-v1b 412080840 2110263296 2933254326 41541789555
1791520893 gw-search-role-v1a 1251164282 2269339648 2933254326 41541789555
1791520898 gw-search-role-v1b 412081297 2110263296 2933256164 41541795939
1791520898 gw-search-role-v1a 1255020195 2270879744 2933256164 41541795939
1791520903 gw-search-role-v1b 412081546 2110263296 2933259158 41541801140
1791520903 gw-search-role-v1a 1262995501 2273017856 2933259158 41541801140
1791520909 gw-search-role-v1b 412081996 2110263296 2933262407 41541806096
1791520909 gw-search-role-v1a 1269820853 2274639872 2933262407 41541806096
1791520914 gw-search-role-v1b 412082564 2110263296 2933265229 41541811392
1791520914 gw-search-role-v1a 1277021375 2269986816 2933265229 41541811392
1791520919 gw-search-role-v1b 412083203 2110263296 2933268545 41541816262
1791520919 gw-search-role-v1a 1283457539 2272137216 2933268545 41541816262
1791520924 gw-search-role-v1b 412083640 2110263296 2933271647 41541821316
1791520924 gw-search-role-v1a 1289856174 2273927168 2933271647 41541821316
1791520929 gw-search-role-v1b 412083868 2110263296 2933274692 41541826471
1791520929 gw-search-role-v1a 1297294400 2272534528 2933274692 41541826471
1791520935 gw-search-role-v1b 412084461 2110263296 2933277892 41541831438
1791520935 gw-search-role-v1a 1304425354 2274275328 2933277892 41541831438
1791520940 gw-search-role-v1b 412084857 2110263296 2933280342 41541837164
1791520940 gw-search-role-v1a 1310829622 2270048256 2933280342 41541837164
1791520945 gw-search-role-v1b 412085322 2110263296 2933283547 41541842167
1791520945 gw-search-role-v1a 1318618114 2273398784 2933283547 41541842167
1791520950 gw-search-role-v1b 412086575 2110259200 2933286668 41541847209
1791520950 gw-search-role-v1a 1325768909 2270593024 2933286668 41541847209
1791520955 gw-search-role-v1b 412086846 2110259200 2933290069 41541851975
1791520955 gw-search-role-v1a 1332331402 2275504128 2933290069 41541851975
1791520960 gw-search-role-v1b 412087489 2110259200 2933291031 41541859220
1791520960 gw-search-role-v1a 1332740580 2270982144 2933291031 41541859220
1791520966 gw-search-role-v1b 412087805 2110259200 2933292039 41541866410
1791520966 gw-search-role-v1a 1332760633 2271240192 2933292039 41541866410
1791520971 gw-search-role-v1b 412088377 2110259200 2933295262 41541871403
1791520971 gw-search-role-v1a 1336997465 2270601216 2933295262 41541871403
1791520976 gw-search-role-v1b 412089023 2110259200 2933298625 41541876225
1791520976 gw-search-role-v1a 1341785099 2270355456 2933298625 41541876225
1791520981 gw-search-role-v1b 412089330 2110259200 2933301185 41541881857
1791520981 gw-search-role-v1a 1347061242 2271109120 2933301185 41541881857
1791520986 gw-search-role-v1b 412089815 2110259200 2933305175 41541886098
1791520986 gw-search-role-v1a 1352842241 2271059968 2933305175 41541886098
1791520992 gw-search-role-v1b 412090071 2110259200 2933308195 41541891264
1791520992 gw-search-role-v1a 1357163027 2269212672 2933308195 41541891264
1791520997 gw-search-role-v1b 412090469 2110259200 2933311099 41541896521
1791520997 gw-search-role-v1a 1360952127 2268262400 2933311099 41541896521
1791521002 gw-search-role-v1b 412090852 2110259200 2933313926 41541901900
1791521002 gw-search-role-v1a 1366461401 2270056448 2933313926 41541901900
1791521007 gw-search-role-v1b 412092403 2110259200 2933316657 41541907352
1791521007 gw-search-role-v1a 1371105757 2268037120 2933316657 41541907352
1791521012 gw-search-role-v1b 412093092 2110259200 2933319129 41541913063
1791521012 gw-search-role-v1a 1376551100 2268594176 2933319129 41541913063
1791521018 gw-search-role-v1b 412093344 2110259200 2933321980 41541918343
1791521018 gw-search-role-v1a 1382685836 2268303360 2933321980 41541918343
1791521023 gw-search-role-v1b 412093820 2110259200 2933324932 41541923609
1791521023 gw-search-role-v1a 1386577568 2270113792 2933324932 41541923609
1791521028 gw-search-role-v1b 412094357 2110259200 2933327739 41541929039
1791521028 gw-search-role-v1a 1390115203 2274037760 2933327739 41541929039
1791521033 gw-search-role-v1b 412094673 2110259200 2933328626 41541936324
1791521033 gw-search-role-v1a 1390156025 2268504064 2933328626 41541936324
1791521038 gw-search-role-v1b 412095291 2110259200 2933330374 41541942750
1791521038 gw-search-role-v1a 1394018465 2270023680 2933330374 41541942750
1791521043 gw-search-role-v1b 412095590 2110259200 2933333614 41541947672
1791521043 gw-search-role-v1a 1407296888 2270924800 2933333614 41541947672
1791521049 gw-search-role-v1b 412096018 2110259200 2933336901 41541952566
1791521049 gw-search-role-v1a 1421286517 2269065216 2933336901 41541952566
1791521054 gw-search-role-v1b 412096452 2110259200 2933340318 41541957327
1791521054 gw-search-role-v1a 1434272618 2272964608 2933340318 41541957327
1791521059 gw-search-role-v1b 412096792 2110259200 2933344356 41541961498
1791521059 gw-search-role-v1a 1447413767 2271236096 2933344356 41541961498
1791521064 gw-search-role-v1b 412097192 2110263296 2933347580 41541966435
1791521064 gw-search-role-v1a 1460488865 2274902016 2933347580 41541966435
1791521069 gw-search-role-v1b 412100804 2110259200 2933351038 41541971153
1791521069 gw-search-role-v1a 1474242890 2275446784 2933351038 41541971153
1791521075 gw-search-role-v1b 412104678 2110271488 2933354861 41541975545
1791521075 gw-search-role-v1a 1487932531 2276573184 2933354861 41541975545
1791521080 gw-search-role-v1b 412104938 2110271488 2933358297 41541980267
1791521080 gw-search-role-v1a 1500477710 2275758080 2933358297 41541980267
1791521085 gw-search-role-v1b 412105417 2110271488 2933361868 41541984877
1791521085 gw-search-role-v1a 1514323979 2276040704 2933361868 41541984877
1791521090 gw-search-role-v1b 412105850 2110271488 2933365485 41541989484
1791521090 gw-search-role-v1a 1526600910 2281562112 2933365485 41541989484
1791521095 gw-search-role-v1b 412106351 2110271488 2933369479 41541993691
1791521095 gw-search-role-v1a 1539605312 2284118016 2933369479 41541993691
1791521101 gw-search-role-v1b 412106806 2110271488 2933371349 41542000064
1791521101 gw-search-role-v1a 1544571264 2294284288 2933371349 41542000064
1791521106 gw-search-role-v1b 412109230 2110271488 2933372503 41542007073
1791521106 gw-search-role-v1a 1544607773 2294243328 2933372503 41542007073
1791521111 gw-search-role-v1b 421888663 2111574016 2933376422 41542011355
1791521111 gw-search-role-v1a 1554119166 2288066560 2933376422 41542011355
1791521116 gw-search-role-v1b 433218634 2110304256 2933382105 41542013904
1791521116 gw-search-role-v1a 1565739706 2289324032 2933382105 41542013904
1791521121 gw-search-role-v1b 444634212 2110664704 2933387797 41542016419
1791521121 gw-search-role-v1a 1577326403 2290933760 2933387797 41542016419
1791521127 gw-search-role-v1b 458015806 2113257472 2933393491 41542018885
1791521127 gw-search-role-v1a 1589051569 2290958336 2933393491 41542018885
1791521132 gw-search-role-v1b 468970904 2113433600 2933398647 41542021920
1791521132 gw-search-role-v1a 1600531101 2291712000 2933398647 41542021920
1791521137 gw-search-role-v1b 480122633 2110500864 2933403915 41542024864
1791521137 gw-search-role-v1a 1612053288 2290741248 2933403915 41542024864
1791521142 gw-search-role-v1b 491007343 2116722688 2933408934 41542028074
1791521142 gw-search-role-v1a 1623711023 2295230464 2933408934 41542028074
1791521147 gw-search-role-v1b 502664970 2113794048 2933413981 41542031229
1791521147 gw-search-role-v1a 1635112167 2292563968 2933413981 41542031229
1791521152 gw-search-role-v1b 513242377 2116370432 2933419056 41542034387
1791521152 gw-search-role-v1a 1646164797 2293088256 2933419056 41542034387
1791521158 gw-search-role-v1b 524210088 2117791744 2933424463 41542037167
1791521158 gw-search-role-v1a 1657272809 2293338112 2933424463 41542037167
1791521163 gw-search-role-v1b 535858574 2122010624 2933430145 41542039629
1791521163 gw-search-role-v1a 1669040818 2292641792 2933430145 41542039629
1791521168 gw-search-role-v1b 545465856 2124550144 2933435079 41542042884
1791521168 gw-search-role-v1a 1680290732 2293649408 2933435079 41542042884
1791521173 gw-search-role-v1b 545518292 2124505088 2933435809 41542050327
1791521173 gw-search-role-v1a 1680327965 2293604352 2933435809 41542050327
1791521178 gw-search-role-v1b 545528924 2124505088 2933436679 41542057668
1791521178 gw-search-role-v1a 1681378723 2289631232 2933436679 41542057668
1791521184 gw-search-role-v1b 545529361 2124505088 2933440782 41542061725
1791521184 gw-search-role-v1a 1693945259 2296217600 2933440782 41542061725
1791521189 gw-search-role-v1b 545530816 2124505088 2933445135 41542065538
1791521189 gw-search-role-v1a 1705961689 2289934336 2933445135 41542065538
1791521194 gw-search-role-v1b 545531062 2124505088 2933449502 41542069355
1791521194 gw-search-role-v1a 1717642967 2292195328 2933449502 41542069355
1791521199 gw-search-role-v1b 545531490 2124505088 2933454120 41542072898
1791521199 gw-search-role-v1a 1728810483 2292219904 2933454120 41542072898
1791521204 gw-search-role-v1b 545531833 2124505088 2933458541 41542076677
1791521204 gw-search-role-v1a 1741095353 2290696192 2933458541 41542076677
1791521210 gw-search-role-v1b 545532277 2124505088 2933462735 41542080688
1791521210 gw-search-role-v1a 1752534973 2293981184 2933462735 41542080688
1791521215 gw-search-role-v1b 545533018 2124505088 2933466796 41542084809
1791521215 gw-search-role-v1a 1764397897 2291171328 2933466796 41542084809
1791521220 gw-search-role-v1b 545533311 2124500992 2933471001 41542088790
1791521220 gw-search-role-v1a 1775742279 2296713216 2933471001 41542088790
1791521225 gw-search-role-v1b 545533780 2124500992 2933475240 41542092710
1791521225 gw-search-role-v1a 1787496723 2294333440 2933475240 41542092710
1791521230 gw-search-role-v1b 545537771 2124500992 2933479216 41542096908
1791521230 gw-search-role-v1a 1798604204 2295570432 2933479216 41542096908
1791521235 gw-search-role-v1b 545538171 2124500992 2933483477 41542100845
1791521235 gw-search-role-v1a 1810146677 2293321728 2933483477 41542100845
1791521241 gw-search-role-v1b 545538689 2124500992 2933485938 41542106587
1791521241 gw-search-role-v1a 1815997431 2296889344 2933485938 41542106587
1791521246 gw-search-role-v1b 545539428 2124500992 2933486548 41542114160
1791521246 gw-search-role-v1a 1816042891 2296856576 2933486548 41542114160
1791521251 gw-search-role-v1b 545540575 2124500992 2933489245 41542119693
1791521251 gw-search-role-v1a 1820751915 2288533504 2933489245 41542119693
1791521256 gw-search-role-v1b 545540887 2124500992 2933493427 41542123697
1791521256 gw-search-role-v1a 1830016061 2291097600 2933493427 41542123697
1791521261 gw-search-role-v1b 545541273 2124500992 2933497880 41542127410
1791521261 gw-search-role-v1a 1839476193 2291728384 2933497880 41542127410
1791521267 gw-search-role-v1b 545541719 2124500992 2933502194 41542131281
1791521267 gw-search-role-v1a 1848611680 2290372608 2933502194 41542131281
1791521272 gw-search-role-v1b 545541960 2124500992 2933506312 41542135342
1791521272 gw-search-role-v1a 1858198025 2295410688 2933506312 41542135342
1791521277 gw-search-role-v1b 545542543 2124500992 2933510537 41542139277
1791521277 gw-search-role-v1a 1867480434 2290241536 2933510537 41542139277
1791521282 gw-search-role-v1b 545542812 2124500992 2933515098 41542142792
1791521282 gw-search-role-v1a 1876870977 2291576832 2933515098 41542142792
1791521287 gw-search-role-v1b 545543303 2124500992 2933519142 41542146983
1791521287 gw-search-role-v1a 1885604364 2291761152 2933519142 41542146983
1791521292 gw-search-role-v1b 545543608 2124500992 2933523344 41542150976
1791521292 gw-search-role-v1a 1893758432 2290556928 2933523344 41542150976
1791521298 gw-search-role-v1b 545544016 2124500992 2933527844 41542154668
1791521298 gw-search-role-v1a 1902701778 2294210560 2933527844 41542154668
1791521303 gw-search-role-v1b 545544543 2124500992 2933532048 41542158638
1791521303 gw-search-role-v1a 1913600845 2293006336 2933532048 41542158638
1791521308 gw-search-role-v1b 545546105 2124500992 2933536238 41542162627
1791521308 gw-search-role-v1a 1922304283 2291798016 2933536238 41542162627
1791521313 gw-search-role-v1b 545546697 2124500992 2933537750 41542169371
1791521313 gw-search-role-v1a 1923818358 2294095872 2933537750 41542169371
1791521318 gw-search-role-v1b 545546956 2124500992 2933538720 41542176630
1791521318 gw-search-role-v1a 1923836300 2294083584 2933538720 41542176630
1791521324 gw-search-role-v1b 545547477 2124500992 2933541571 41542181995
1791521324 gw-search-role-v1a 1935551740 2293850112 2933541571 41542181995
1791521329 gw-search-role-v1b 545548355 2124500992 2933544732 41542187003
1791521329 gw-search-role-v1a 1948452654 2289852416 2933544732 41542187003
1791521334 gw-search-role-v1b 545548650 2124500992 2933548259 41542191645
1791521334 gw-search-role-v1a 1961779488 2292998144 2933548259 41542191645
1791521339 gw-search-role-v1b 545549173 2124500992 2933552101 41542195976
1791521339 gw-search-role-v1a 1975437344 2292670464 2933552101 41542195976
1791521344 gw-search-role-v1b 545553941 2124509184 2933555236 41542201041
1791521344 gw-search-role-v1a 1988466254 2294206464 2933555236 41542201041
1791521350 gw-search-role-v1b 545554358 2124509184 2933558706 41542205745
1791521350 gw-search-role-v1a 2002276464 2291273728 2933558706 41542205745
1791521355 gw-search-role-v1b 545554820 2124509184 2933562158 41542210503
1791521355 gw-search-role-v1a 2015419060 2294988800 2933562158 41542210503
1791521360 gw-search-role-v1b 545555096 2124509184 2933565745 41542215089
1791521360 gw-search-role-v1a 2029639935 2292363264 2933565745 41542215089
1791521365 gw-search-role-v1b 545557957 2124509184 2933569130 41542219878
1791521365 gw-search-role-v1a 2042785273 2292637696 2933569130 41542219878
1791521370 gw-search-role-v1b 545558964 2124509184 2933572938 41542224300
1791521370 gw-search-role-v1a 2055539331 2295472128 2933572938 41542224300
1791521376 gw-search-role-v1b 545559374 2124509184 2933576216 41542229230
1791521376 gw-search-role-v1a 2068253037 2296930304 2933576216 41542229230
1791521381 gw-search-role-v1b 545560020 2124509184 2933578967 41542234673
1791521381 gw-search-role-v1a 2079110220 2292023296 2933578967 41542234673
1791521386 gw-search-role-v1b 545560314 2124509184 2933579842 41542242004
1791521386 gw-search-role-v1a 2079155307 2291974144 2933579842 41542242004
1791521391 gw-search-role-v1b 548349250 2117390336 2933581627 41542248448
1791521391 gw-search-role-v1a 2081561251 2290454528 2933581627 41542248448
1791521396 gw-search-role-v1b 561077144 2119372800 2933587815 41542250510
1791521396 gw-search-role-v1a 2093100137 2290630656 2933587815 41542250510
1791521402 gw-search-role-v1b 572478856 2121072640 2933593363 41542253123
1791521402 gw-search-role-v1a 2104758778 2295791616 2933593363 41542253123
1791521407 gw-search-role-v1b 582942556 2119548928 2933599400 41542255414
1791521407 gw-search-role-v1a 2115926524 2292649984 2933599400 41542255414
1791521412 gw-search-role-v1b 594094028 2122727424 2933604753 41542258261
1791521412 gw-search-role-v1a 2127418524 2293940224 2933604753 41542258261
1791521417 gw-search-role-v1b 606101085 2125832192 2933610003 41542261238
1791521417 gw-search-role-v1a 2139311275 2291982336 2933610003 41542261238
1791521422 gw-search-role-v1b 617387148 2130628608 2933615299 41542264133
1791521422 gw-search-role-v1a 2150724406 2295201792 2933615299 41542264133
1791521428 gw-search-role-v1b 627921641 2129633280 2933620199 41542267424
1791521428 gw-search-role-v1a 2161885079 2293354496 2933620199 41542267424
1791521433 gw-search-role-v1b 639153035 2133602304 2933625611 41542270215
1791521433 gw-search-role-v1a 2172956119 2292998144 2933625611 41542270215
1791521438 gw-search-role-v1b 650946379 2136932352 2933630935 41542273068
1791521438 gw-search-role-v1a 2184219106 2297040896 2933630935 41542273068
1791521443 gw-search-role-v1b 662109536 2144542720 2933636377 41542275814
1791521443 gw-search-role-v1a 2197182680 2293374976 2933636377 41542275814
1791521448 gw-search-role-v1b 672923641 2154029056 2933641766 41542278601
1791521448 gw-search-role-v1a 2208561501 2293825536 2933641766 41542278601
1791521454 gw-search-role-v1b 677597116 2149507072 2933644421 41542284124
1791521454 gw-search-role-v1a 2212908176 2297946112 2933644421 41542284124
1791521459 gw-search-role-v1b 677644188 2149478400 2933645347 41542291427
1791521459 gw-search-role-v1a 2212942479 2297909248 2933645347 41542291427
1791521464 gw-search-role-v1b 677644802 2149478400 2933648173 41542296738
1791521464 gw-search-role-v1a 2219727083 2293534720 2933648173 41542296738
1791521469 gw-search-role-v1b 677645228 2149478400 2933652264 41542300819
1791521469 gw-search-role-v1a 2232010405 2293424128 2933652264 41542300819
1791521474 gw-search-role-v1b 677645623 2149478400 2933656999 41542304260
1791521474 gw-search-role-v1a 2244142005 2294915072 2933656999 41542304260
1791521480 gw-search-role-v1b 677646024 2149478400 2933661373 41542308090
1791521480 gw-search-role-v1a 2255657474 2294427648 2933661373 41542308090
1791521485 gw-search-role-v1b 677646557 2149478400 2933665543 41542312075
1791521485 gw-search-role-v1a 2266031325 2293022720 2933665543 41542312075
1791521490 gw-search-role-v1b 677647813 2149478400 2933669683 41542316105
1791521490 gw-search-role-v1a 2276743770 2293899264 2933669683 41542316105
1791521495 gw-search-role-v1b 677648287 2149478400 2933673911 41542320062
1791521495 gw-search-role-v1a 2288625607 2293329920 2933673911 41542320062
1791521500 gw-search-role-v1b 678853868 1940570112 2933678392 41542323782
1791521500 gw-search-role-v1a 2299968412 2293071872 2933678392 41542323782
1791521505 gw-search-role-v1b 678854318 1940570112 2933682556 41542327836
1791521505 gw-search-role-v1a 2310648365 2295222272 2933682556 41542327836
1791521511 gw-search-role-v1b 678854613 1940570112 2933686688 41542331900
1791521511 gw-search-role-v1a 2321793143 2295603200 2933686688 41542331900
1791521516 gw-search-role-v1b 678855361 1940566016 2933690872 41542335921
1791521516 gw-search-role-v1a 2334150268 2296999936 2933690872 41542335921
1791521521 gw-search-role-v1b 678855635 1940566016 2933695030 41542339947
1791521521 gw-search-role-v1a 2345009928 2298626048 2933695030 41542339947
1791521526 gw-search-role-v1b 678856248 1940566016 2933696740 41542346419
1791521526 gw-search-role-v1a 2345168408 2300215296 2933696740 41542346419
1791521531 gw-search-role-v1b 678856903 1940566016 2933697688 41542353666
1791521531 gw-search-role-v1a 2345188500 2300215296 2933697688 41542353666
1791521537 gw-search-role-v1b 678857204 1940566016 2933702065 41542357532
1791521537 gw-search-role-v1a 2354986669 2292097024 2933702065 41542357532
1791521542 gw-search-role-v1b 678861747 1940574208 2933706597 41542361193
1791521542 gw-search-role-v1a 2364205045 2294300672 2933706597 41542361193
1791521547 gw-search-role-v1b 678863642 1940586496 2933710915 41542365025
1791521547 gw-search-role-v1a 2372353303 2290982912 2933710915 41542365025
1791521552 gw-search-role-v1b 678864111 1940586496 2933715573 41542368533
1791521552 gw-search-role-v1a 2381868412 2293297152 2933715573 41542368533
1791521557 gw-search-role-v1b 678864695 1940586496 2933719932 41542372370
1791521557 gw-search-role-v1a 2391720972 2292666368 2933719932 41542372370
1791521563 gw-search-role-v1b 678865103 1940586496 2933724115 41542376356
1791521563 gw-search-role-v1a 2399573892 2293501952 2933724115 41542376356
1791521568 gw-search-role-v1b 678865515 1940586496 2933728600 41542380075
1791521568 gw-search-role-v1a 2408854301 2292064256 2933728600 41542380075
1791521573 gw-search-role-v1b 678865955 1940586496 2933733571 41542383292
1791521573 gw-search-role-v1a 2417727480 2291974144 2933733571 41542383292
1791521578 gw-search-role-v1b 678866518 1940586496 2933737923 41542387127
1791521578 gw-search-role-v1a 2426318691 2292019200 2933737923 41542387127
1791521583 gw-search-role-v1b 678866910 1940586496 2933742496 41542390787
1791521583 gw-search-role-v1a 2435867073 2295087104 2933742496 41542390787
1791521589 gw-search-role-v1b 678867264 1940586496 2933747108 41542394382
1791521589 gw-search-role-v1a 2445626032 2292928512 2933747108 41542394382
1791521594 gw-search-role-v1b 678867658 1940586496 2933750603 41542399088
1791521594 gw-search-role-v1a 2452063943 2294906880 2933750603 41542399088
1791521599 gw-search-role-v1b 678868242 1940586496 2933751682 41542406201
1791521599 gw-search-role-v1a 2452097265 2294865920 2933751682 41542406201
1791521604 gw-search-role-v1b 679920086 1917444096 2933753739 41542412313
1791521604 gw-search-role-v1a 2456256687 2292056064 2933753739 41542412313
1791521609 gw-search-role-v1b 679921995 1917448192 2933757407 41542416878
1791521609 gw-search-role-v1a 2469098426 2297901056 2933757407 41542416878
1791521615 gw-search-role-v1b 679922347 1917448192 2933760901 41542421569
1791521615 gw-search-role-v1a 2483209491 2292666368 2933760901 41542421569
1791521620 gw-search-role-v1b 679922748 1917448192 2933764565 41542426118
1791521620 gw-search-role-v1a 2497167326 2293059584 2933764565 41542426118
1791521625 gw-search-role-v1b 679923052 1917448192 2933768317 41542430555
1791521625 gw-search-role-v1a 2510530177 2293243904 2933768317 41542430555
1791521630 gw-search-role-v1b 679923399 1917448192 2933772011 41542435080
1791521630 gw-search-role-v1a 2523232887 2298363904 2933772011 41542435080
1791521635 gw-search-role-v1b 679924227 1917448192 2933775604 41542439704
1791521635 gw-search-role-v1a 2537130144 2292740096 2933775604 41542439704
1791521640 gw-search-role-v1b 679924460 1917448192 2933779224 41542444301
1791521640 gw-search-role-v1a 2549741487 2293407744 2933779224 41542444301
1791521646 gw-search-role-v1b 679924876 1917448192 2933783248 41542448368
1791521646 gw-search-role-v1a 2562966132 2294366208 2933783248 41542448368
1791521651 gw-search-role-v1b 679925173 1917448192 2933786470 41542453356
1791521651 gw-search-role-v1a 2576917759 2293772288 2933786470 41542453356
1791521656 gw-search-role-v1b 679925505 1917448192 2933789798 41542458213
1791521656 gw-search-role-v1a 2589839069 2292355072 2933789798 41542458213
1791521661 gw-search-role-v1b 679925721 1917448192 2933793098 41542463103
1791521661 gw-search-role-v1a 2603137346 2296799232 2933793098 41542463103
1791521666 gw-search-role-v1b 679931016 1917472768 2933795074 41542469329
1791521666 gw-search-role-v1a 2607265745 2298335232 2933795074 41542469329
1791521672 gw-search-role-v1b 679934710 1917476864 2933795967 41542476658
1791521672 gw-search-role-v1a 2607305538 2298306560 2933795967 41542476658
1791521677 gw-search-role-v1b 688860710 2008301568 2933799850 41542481026
1791521677 gw-search-role-v1a 2615379535 2295873536 2933799850 41542481026
1791521682 gw-search-role-v1b 701445894 2093690880 2933805278 41542483767
1791521682 gw-search-role-v1a 2626566827 2297618432 2933805278 41542483767
1791521687 gw-search-role-v1b 713089044 2097033216 2933810608 41542486648
1791521687 gw-search-role-v1a 2637757336 2297573376 2933810608 41542486648
1791521692 gw-search-role-v1b 724618331 2097803264 2933815756 41542489679
1791521692 gw-search-role-v1a 2649331069 2301247488 2933815756 41542489679
1791521698 gw-search-role-v1b 735760810 2108518400 2933820596 41542493032
1791521698 gw-search-role-v1a 2660016623 2297692160 2933820596 41542493032
1791521703 gw-search-role-v1b 747569332 2111565824 2933826276 41542495444
1791521703 gw-search-role-v1a 2671400157 2297106432 2933826276 41542495444
1791521708 gw-search-role-v1b 758875007 2113945600 2933831621 41542498369
1791521708 gw-search-role-v1a 2682383106 2298941440 2933831621 41542498369
1791521713 gw-search-role-v1b 770654432 2118397952 2933836798 41542501402
1791521713 gw-search-role-v1a 2694109464 2304176128 2933836798 41542501402
1791521718 gw-search-role-v1b 781836924 2128580608 2933842560 41542503818
1791521718 gw-search-role-v1a 2704904421 2299330560 2933842560 41542503818
1791521724 gw-search-role-v1b 793976573 2131931136 2933848407 41542506228
1791521724 gw-search-role-v1a 2717226536 2292363264 2933848407 41542506228
1791521729 gw-search-role-v1b 806046699 2139115520 2933853738 41542509114
1791521729 gw-search-role-v1a 2728799031 2293297152 2933853738 41542509114
1791521734 gw-search-role-v1b 816653151 2147946496 2933858797 41542512256
1791521734 gw-search-role-v1a 2739922839 2290864128 2933858797 41542512256
1791521739 gw-search-role-v1b 816705512 2147921920 2933859996 41542519261
1791521739 gw-search-role-v1a 2739953685 2290823168 2933859996 41542519261
1791521744 gw-search-role-v1b 816724660 2147921920 2933861106 41542526382
1791521744 gw-search-role-v1a 2740875614 2292383744 2933861106 41542526382
1791521750 gw-search-role-v1b 816725141 2147921920 2933865696 41542529974
1791521750 gw-search-role-v1a 2753871021 2291724288 2933865696 41542529974
1791521755 gw-search-role-v1b 816725764 2147921920 2933869820 41542534024
1791521755 gw-search-role-v1a 2764752798 2295865344 2933869820 41542534024
1791521760 gw-search-role-v1b 816726290 2147921920 2933874707 41542537326
1791521760 gw-search-role-v1a 2775162546 2292772864 2933874707 41542537326
1791521765 gw-search-role-v1b 816726689 2147921920 2933879136 41542541044
1791521765 gw-search-role-v1a 2785591558 2294173696 2933879136 41542541044
1791521770 gw-search-role-v1b 816727155 2147917824 2933883631 41542544708
1791521770 gw-search-role-v1a 2797662853 2297278464 2933883631 41542544708
1791521775 gw-search-role-v1b 816727390 2147917824 2933887898 41542548649
1791521775 gw-search-role-v1a 2808293722 2294153216 2933887898 41542548649
1791521781 gw-search-role-v1b 816727983 2147917824 2933892011 41542552740
1791521781 gw-search-role-v1a 2819458368 2294669312 2933892011 41542552740
1791521786 gw-search-role-v1b 817630544 1937260544 2933896408 41542556507
1791521786 gw-search-role-v1a 2830219013 2297888768 2933896408 41542556507
1791521791 gw-search-role-v1b 817631959 1937268736 2933900886 41542560244
1791521791 gw-search-role-v1a 2842167074 2296385536 2933900886 41542560244
1791521796 gw-search-role-v1b 817632529 1937264640 2933906483 41542562847
1791521796 gw-search-role-v1a 2852891513 2295885824 2933906483 41542562847
1791521801 gw-search-role-v1b 817632842 1937264640 2933910753 41542566779
1791521801 gw-search-role-v1a 2863782319 2296803328 2933910753 41542566779
1791521807 gw-search-role-v1b 817636462 1937264640 2933913784 41542571944
1791521807 gw-search-role-v1a 2869665087 2299768832 2933913784 41542571944
1791521812 gw-search-role-v1b 817636955 1937264640 2933915347 41542578592
1791521812 gw-search-role-v1a 2869703852 2299727872 2933915347 41542578592
1791521817 gw-search-role-v1b 817637439 1937264640 2933917625 41542584536
1791521817 gw-search-role-v1a 2874232162 2298589184 2933917625 41542584536
1791521822 gw-search-role-v1b 817637940 1937264640 2933922098 41542588204
1791521822 gw-search-role-v1a 2884630879 2291716096 2933922098 41542588204
1791521827 gw-search-role-v1b 817638369 1937264640 2933926594 41542591906
1791521827 gw-search-role-v1a 2894568119 2295689216 2933926594 41542591906
1791521833 gw-search-role-v1b 817638898 1937264640 2933930972 41542595712
1791521833 gw-search-role-v1a 2903570949 2291322880 2933930972 41542595712
1791521838 gw-search-role-v1b 817639448 1937264640 2933935008 41542599868
1791521838 gw-search-role-v1a 2911620684 2292719616 2933935008 41542599868
1791521843 gw-search-role-v1b 817639839 1937264640 2933939339 41542603717
1791521843 gw-search-role-v1a 2919747412 2293116928 2933939339 41542603717
1791521848 gw-search-role-v1b 817641265 1937264640 2933944054 41542607180
1791521848 gw-search-role-v1a 2929102233 2293927936 2933944054 41542607180
1791521853 gw-search-role-v1b 817641645 1937264640 2933948078 41542611315
1791521853 gw-search-role-v1a 2937919362 2298363904 2933948078 41542611315
1791521858 gw-search-role-v1b 817642251 1937264640 2933952754 41542614819
1791521858 gw-search-role-v1a 2948404197 2295922688 2933952754 41542614819
1791521864 gw-search-role-v1b 817642633 1937264640 2933957311 41542618438
1791521864 gw-search-role-v1a 2957665123 2292596736 2933957311 41542618438
1791521869 gw-search-role-v1b 817643239 1937264640 2933961776 41542622196
1791521869 gw-search-role-v1a 2966826113 2291773440 2933961776 41542622196
1791521874 gw-search-role-v1b 817643644 1937264640 2933965945 41542626220
1791521874 gw-search-role-v1a 2975984366 2294059008 2933965945 41542626220
1791521879 gw-search-role-v1b 817644183 1937264640 2933967574 41542632803
1791521879 gw-search-role-v1a 2976627463 2293956608 2933967574 41542632803
1791521884 gw-search-role-v1b 817644804 1937264640 2933968928 41542639654
1791521884 gw-search-role-v1a 2976642862 2293948416 2933968928 41542639654
1791521890 gw-search-role-v1b 817645142 1937264640 2933971730 41542645078
1791521890 gw-search-role-v1a 2987601231 2292396032 2933971730 41542645078
1791521895 gw-search-role-v1b 818661690 1923104768 2933975346 41542649641
1791521895 gw-search-role-v1a 3000662188 2293104640 2933975346 41542649641
1791521900 gw-search-role-v1b 818662125 1923104768 2933978910 41542654271
1791521900 gw-search-role-v1a 3013705274 2295971840 2933978910 41542654271
1791521905 gw-search-role-v1b 818662538 1923108864 2933982597 41542658784
1791521905 gw-search-role-v1a 3026997915 2294362112 2933982597 41542658784
1791521910 gw-search-role-v1b 818664364 1923129344 2933986109 41542663424
1791521910 gw-search-role-v1a 3041594218 2295758848 2933986109 41542663424
1791521916 gw-search-role-v1b 818664658 1923129344 2933989417 41542668331
1791521916 gw-search-role-v1a 3054711668 2296197120 2933989417 41542668331
1791521921 gw-search-role-v1b 818665106 1923133440 2933993140 41542672794
1791521921 gw-search-role-v1a 3067843799 2296242176 2933993140 41542672794
1791521926 gw-search-role-v1b 818665574 1923133440 2933996891 41542677225
1791521926 gw-search-role-v1a 3082447420 2293628928 2933996891 41542677225
1791521931 gw-search-role-v1b 818665785 1923133440 2934000574 41542681729
1791521931 gw-search-role-v1a 3095879413 2297692160 2934000574 41542681729
1791521936 gw-search-role-v1b 818666469 1923137536 2934003599 41542686879
1791521936 gw-search-role-v1a 3108323620 2295173120 2934003599 41542686879
1791521942 gw-search-role-v1b 818666717 1923137536 2934006981 41542691762
1791521942 gw-search-role-v1a 3122851625 2294792192 2934006981 41542691762
1791521947 gw-search-role-v1b 818667074 1923137536 2934010484 41542696450
1791521947 gw-search-role-v1a 3135302051 2296864768 2934010484 41542696450
1791521952 gw-search-role-v1b 818667784 1923141632 2934011321 41542703803
1791521952 gw-search-role-v1a 3135340002 2296799232 2934011321 41542703803
1791521957 gw-search-role-v1b 820163402 1946075136 2934012873 41542710440
1791521957 gw-search-role-v1a 3136813756 2296168448 2934012873 41542710440
1791521962 gw-search-role-v1b 834555565 2084376576 2934018510 41542713000
1791521962 gw-search-role-v1a 3148925974 2298048512 2934018510 41542713000
1791521967 gw-search-role-v1b 847667521 2093010944 2934024131 41542715645
1791521967 gw-search-role-v1a 3161756168 2296336384 2934024131 41542715645
1791521973 gw-search-role-v1b 860799839 2102489088 2934029597 41542718407
1791521973 gw-search-role-v1a 3174216319 2298474496 2934029597 41542718407
1791521978 gw-search-role-v1b 873005583 2109624320 2934035454 41542720755
1791521978 gw-search-role-v1a 3185632756 2296881152 2934035454 41542720755
1791521983 gw-search-role-v1b 885556006 2118389760 2934040926 41542723486
1791521983 gw-search-role-v1a 3198907822 2293207040 2934040926 41542723486
1791521988 gw-search-role-v1b 897562920 2120888320 2934046611 41542725982
1791521988 gw-search-role-v1a 3211880604 2294468608 2934046611 41542725982
1791521993 gw-search-role-v1b 909837858 2127101952 2934052474 41542728273
1791521993 gw-search-role-v1a 3224422913 2296700928 2934052474 41542728273
1791521999 gw-search-role-v1b 922019141 2140209152 2934058051 41542730879
1791521999 gw-search-role-v1a 3237145531 2296434688 2934058051 41542730879
1791522004 gw-search-role-v1b 933914406 2139906048 2934063193 41542732374
1791522004 gw-search-role-v1a 3249619626 2295189504 2934063193 41542732374
1791522009 gw-search-role-v1b 945167148 2148794368 2934069568 41542734050
1791522009 gw-search-role-v1a 3260476273 2298920960 2934069568 41542734050
1791522014 gw-search-role-v1b 956870965 2152562688 2934075823 41542736008
1791522014 gw-search-role-v1a 3272139867 2296217600 2934075823 41542736008
1791522020 gw-search-role-v1b 962040290 2156216320 2934079647 41542740401
1791522020 gw-search-role-v1a 3277260037 2294513664 2934079647 41542740401
1791522025 gw-search-role-v1b 962089058 2156183552 2934081081 41542747125
1791522025 gw-search-role-v1a 3277309587 2294468608 2934081081 41542747125
1791522030 gw-search-role-v1b 962091266 2156187648 2934083913 41542752479
1791522030 gw-search-role-v1a 3283818605 2295377920 2934083913 41542752479
1791522035 gw-search-role-v1b 962091778 2156187648 2934088703 41542755850
1791522035 gw-search-role-v1a 3297757565 2294288384 2934088703 41542755850
1791522040 gw-search-role-v1b 962092058 2156187648 2934093114 41542759654
1791522040 gw-search-role-v1a 3310361561 2298277888 2934093114 41542759654
1791522045 gw-search-role-v1b 962092636 2156183552 2934097796 41542763114
1791522045 gw-search-role-v1a 3323110978 2294824960 2934097796 41542763114
1791522051 gw-search-role-v1b 962093249 2156183552 2934102070 41542767015
1791522051 gw-search-role-v1a 3336422851 2296602624 2934102070 41542767015
1791522056 gw-search-role-v1b 962093678 2156183552 2934106935 41542770332
1791522056 gw-search-role-v1a 3348610078 2296623104 2934106935 41542770332
1791522061 gw-search-role-v1b 962097225 2156191744 2934111935 41542773482
1791522061 gw-search-role-v1a 3361865042 2299813888 2934111935 41542773482
1791522066 gw-search-role-v1b 962097428 2156191744 2934117035 41542776556
1791522066 gw-search-role-v1a 3375317027 2294915072 2934117035 41542776556
1791522071 gw-search-role-v1b 963280999 1945899008 2934122331 41542779438
1791522071 gw-search-role-v1a 3388419485 2297937920 2934122331 41542779438
1791522077 gw-search-role-v1b 963281515 1945899008 2934127258 41542782759
1791522077 gw-search-role-v1a 3400576313 2301370368 2934127258 41542782759
1791522082 gw-search-role-v1b 963281819 1945899008 2934131711 41542786479
1791522082 gw-search-role-v1a 3413627357 2298646528 2934131711 41542786479
1791522087 gw-search-role-v1b 963284104 1945907200 2934136512 41542789869
1791522087 gw-search-role-v1a 3426018771 2299252736 2934136512 41542789869
1791522092 gw-search-role-v1b 963284784 1945907200 2934138704 41542795897
1791522092 gw-search-role-v1a 3427721653 2299539456 2934138704 41542795897
1791522097 gw-search-role-v1b 963285237 1945907200 2934139699 41542803146
1791522097 gw-search-role-v1a 3427752939 2299527168 2934139699 41542803146
1791522103 gw-search-role-v1b 963286148 1945907200 2934144066 41542806951
1791522103 gw-search-role-v1a 3437038317 2299138048 2934144066 41542806951
1791522108 gw-search-role-v1b 963286378 1945907200 2934149717 41542809488
1791522108 gw-search-role-v1a 3449701727 2294157312 2934149717 41542809488
1791522113 gw-search-role-v1b 963286827 1945907200 2934155415 41542811971
1791522113 gw-search-role-v1a 3461643229 2297438208 2934155415 41542811971
1791522118 gw-search-role-v1b 963287417 1945907200 2934160688 41542814899
1791522118 gw-search-role-v1a 3473089678 2296692736 2934160688 41542814899
1791522123 gw-search-role-v1b 963287841 1945907200 2934166384 41542817279
1791522123 gw-search-role-v1a 3485883277 2294673408 2934166384 41542817279
1791522129 gw-search-role-v1b 963288405 1945907200 2934172624 41542819241
1791522129 gw-search-role-v1a 3497575597 2295005184 2934172624 41542819241
1791522134 gw-search-role-v1b 963288806 1945907200 2934178217 41542821857
1791522134 gw-search-role-v1a 3508441359 2297597952 2934178217 41542821857
1791522139 gw-search-role-v1b 963289300 1945907200 2934183827 41542824409
1791522139 gw-search-role-v1a 3520048525 2298036224 2934183827 41542824409
1791522144 gw-search-role-v1b 963289845 1945907200 2934189662 41542826784
1791522144 gw-search-role-v1a 3531178988 2298056704 2934189662 41542826784
1791522149 gw-search-role-v1b 963292364 1945907200 2934195369 41542829237
1791522149 gw-search-role-v1a 3542710339 2297810944 2934195369 41542829237
1791522155 gw-search-role-v1b 963292736 1945907200 2934200785 41542832041
1791522155 gw-search-role-v1a 3554980339 2299547648 2934200785 41542832041
1791522160 gw-search-role-v1b 963293178 1945907200 2934205337 41542835692
1791522160 gw-search-role-v1a 3564373761 2296840192 2934205337 41542835692
1791522165 gw-search-role-v1b 963293866 1945907200 2934206453 41542842795
1791522165 gw-search-role-v1a 3564415535 2296791040 2934206453 41542842795
1791522170 gw-search-role-v1b 963294372 1945907200 2934207767 41542849655
1791522170 gw-search-role-v1a 3566245104 2295447552 2934207767 41542849655
1791522175 gw-search-role-v1b 964611124 1931878400 2934211626 41542854026
1791522175 gw-search-role-v1a 3579557982 2295373824 2934211626 41542854026
1791522181 gw-search-role-v1b 964611638 1931878400 2934215374 41542858462
1791522181 gw-search-role-v1a 3592960870 2297987072 2934215374 41542858462
1791522186 gw-search-role-v1b 964611960 1931878400 2934218753 41542863271
1791522186 gw-search-role-v1a 3606354099 2295808000 2934218753 41542863271
1791522191 gw-search-role-v1b 964612578 1931882496 2934222316 41542867918
1791522191 gw-search-role-v1a 3619625604 2295767040 2934222316 41542867918
1791522196 gw-search-role-v1b 964612848 1931882496 2934225563 41542872898
1791522196 gw-search-role-v1a 3633476849 2299342848 2934225563 41542872898
1791522201 gw-search-role-v1b 964613248 1931882496 2934229064 41542877608
1791522201 gw-search-role-v1a 3646728484 2296307712 2934229064 41542877608
1791522207 gw-search-role-v1b 964615400 1931902976 2934232335 41542882543
1791522207 gw-search-role-v1a 3660089440 2297868288 2934232335 41542882543
1791522212 gw-search-role-v1b 964615850 1931902976 2934235762 41542887322
1791522212 gw-search-role-v1a 3673307550 2294435840 2934235762 41542887322
1791522217 gw-search-role-v1b 964616228 1931907072 2934239325 41542891968
1791522217 gw-search-role-v1a 3686957370 2295902208 2934239325 41542891968
1791522222 gw-search-role-v1b 964620713 1931894784 2934243154 41542896328
1791522222 gw-search-role-v1a 3700290840 2301161472 2934243154 41542896328
1791522227 gw-search-role-v1b 964621191 1931894784 2934246189 41542901483
1791522227 gw-search-role-v1a 3713230552 2298773504 2934246189 41542901483
1791522233 gw-search-role-v1b 964621511 1931894784 2934248365 41542907528
1791522233 gw-search-role-v1a 3719304833 2298753024 2934248365 41542907528
1791522238 gw-search-role-v1b 964622208 1931898880 2934249173 41542914923
1791522238 gw-search-role-v1a 3719358985 2298691584 2934249173 41542914923
1791522243 gw-search-role-v1b 964622699 1931898880 2934250021 41542922317
1791522243 gw-search-role-v1a 3719364468 2298691584 2934250021 41542922317
1791522248 gw-search-role-v1b 964623070 1931898880 2934251116 41542929401
1791522248 gw-search-role-v1a 3719368655 2298691584 2934251116 41542929401
1791522253 gw-search-role-v1b 964623693 1931902976 2934251905 41542936870
1791522253 gw-search-role-v1a 3719381981 2298691584 2934251905 41542936870
1791522259 gw-search-role-v1b 964623950 1931902976 2934252992 41542944012
1791522259 gw-search-role-v1a 3719386027 2298691584 2934252992 41542944012
1791522264 gw-search-role-v1b 964624467 1931902976 2934253853 41542951415
1791522264 gw-search-role-v1a 3719391619 2298691584 2934253853 41542951415
1791522269 gw-search-role-v1b 964633036 1931993088 2934254349 41542959145
1791522269 gw-search-role-v1a 3719397128 2298691584 2934254349 41542959145
1791522274 gw-search-role-v1b 964633350 1931993088 2934255449 41542966268
1791522274 gw-search-role-v1a 3719407018 2298695680 2934255449 41542966268
1791522279 gw-search-role-v1b 964633867 1931993088 2934256494 41542973434
1791522279 gw-search-role-v1a 3719413420 2298691584 2934256494 41542973434
1791522285 gw-search-role-v1b 964634256 1931997184 2934257427 41542980692
1791522285 gw-search-role-v1a 3719416940 2298691584 2934257427 41542980692
1791522290 gw-search-role-v1b 964634809 1931997184 2934258083 41542988260
1791522290 gw-search-role-v1a 3719423351 2298691584 2934258083 41542988260
1791522295 gw-search-role-v1b 964635522 1932001280 2934258892 41542995676
1791522295 gw-search-role-v1a 3719429529 2298691584 2934258892 41542995676
1791522300 gw-search-role-v1b 964635750 1932001280 2934259718 41543003048
1791522300 gw-search-role-v1a 3719433140 2298691584 2934259718 41543003048
1791522305 gw-search-role-v1b 964636400 1932001280 2934260809 41543010087
1791522305 gw-search-role-v1a 3719438605 2298691584 2934260809 41543010087
1791522310 gw-search-role-v1b 964636767 1932001280 2934261773 41543017281
1791522310 gw-search-role-v1a 3719443261 2298691584 2934261773 41543017281
1791522316 gw-search-role-v1b 964637305 1932005376 2934262746 41543024517
1791522316 gw-search-role-v1a 3719450733 2298691584 2934262746 41543024517
1791522321 gw-search-role-v1b 964637762 1932005376 2934263745 41543031692
1791522321 gw-search-role-v1a 3719456917 2298691584 2934263745 41543031692
1791522326 gw-search-role-v1b 964638253 1932005376 2934264591 41543039083
1791522326 gw-search-role-v1a 3719460694 2298691584 2934264591 41543039083
1791522331 gw-search-role-v1b 964639897 1932021760 2934265729 41543046184
1791522331 gw-search-role-v1a 3719467000 2298691584 2934265729 41543046184
1791522336 gw-search-role-v1b 964640171 1932021760 2934266462 41543053674
1791522336 gw-search-role-v1a 3719470910 2298691584 2934266462 41543053674
1791522342 gw-search-role-v1b 964640779 1932025856 2934267426 41543060909
1791522342 gw-search-role-v1a 3719477649 2298691584 2934267426 41543060909
1791522347 gw-search-role-v1b 964641372 1932025856 2934268240 41543068308
1791522347 gw-search-role-v1a 3719482943 2298691584 2934268240 41543068308
1791522352 gw-search-role-v1b 964645875 1932034048 2934270104 41543074612
1791522352 gw-search-role-v1a 3719487426 2298691584 2934270104 41543074612
1791522357 gw-search-role-v1b 964646933 1932038144 2934270985 41543081964
1791522357 gw-search-role-v1a 3719494673 2298691584 2934270985 41543081964
1791522362 gw-search-role-v1b 964651866 1932038144 2934271637 41543089530
1791522362 gw-search-role-v1a 3719498490 2298691584 2934271637 41543089530
1791522368 gw-search-role-v1b 964652616 1932038144 2934272629 41543096769
1791522368 gw-search-role-v1a 3719506064 2298691584 2934272629 41543096769
1791522373 gw-search-role-v1b 964653236 1932042240 2934273393 41543104262
1791522373 gw-search-role-v1a 3719512731 2298691584 2934273393 41543104262
1791522378 gw-search-role-v1b 964653635 1932042240 2934274493 41543111381
1791522378 gw-search-role-v1a 3719516747 2298691584 2934274493 41543111381
1791522383 gw-search-role-v1b 964654101 1932042240 2934276016 41543118033
1791522383 gw-search-role-v1a 3719522520 2298691584 2934276016 41543118033
1791522388 gw-search-role-v1b 964655758 1932054528 2934277569 41543124661
1791522388 gw-search-role-v1a 3719528688 2298691584 2934277569 41543124661
1791522394 gw-search-role-v1b 964656232 1932054528 2934278860 41543131484
1791522394 gw-search-role-v1a 3719533946 2298691584 2934278860 41543131484
1791522399 gw-search-role-v1b 964656706 1932054528 2934280473 41543138065
1791522399 gw-search-role-v1a 3719538544 2298691584 2934280473 41543138065
1791522404 gw-search-role-v1b 964656982 1932058624 2934281864 41543144873
1791522404 gw-search-role-v1a 3719543915 2298691584 2934281864 41543144873
1791522409 gw-search-role-v1b 964657643 1932058624 2934283353 41543151577
1791522409 gw-search-role-v1a 3719548261 2298691584 2934283353 41543151577
1791522414 gw-search-role-v1b 964657928 1932058624 2934285148 41543157982
1791522414 gw-search-role-v1a 3719552977 2298691584 2934285148 41543157982
1791522420 gw-search-role-v1b 964658682 1932062720 2934286477 41543164885
1791522420 gw-search-role-v1a 3719565564 2298724352 2934286477 41543164885
1791522425 gw-search-role-v1b 964659272 1932062720 2934287494 41543172093
1791522425 gw-search-role-v1a 3719569538 2298720256 2934287494 41543172093
1791522430 gw-search-role-v1b 964659616 1932062720 2934288443 41543179378
1791522430 gw-search-role-v1a 3719574836 2298720256 2934288443 41543179378
1791522435 gw-search-role-v1b 964660160 1932062720 2934290006 41543185989
1791522435 gw-search-role-v1a 3719580417 2298720256 2934290006 41543185989
1791522440 gw-search-role-v1b 964660388 1932062720 2934291439 41543192756
1791522440 gw-search-role-v1a 3719608605 2298720256 2934291439 41543192756
1791522446 gw-search-role-v1b 964668336 1932124160 2934292243 41543200173
1791522446 gw-search-role-v1a 3719613639 2298728448 2934292243 41543200173
1791522451 gw-search-role-v1b 964671361 1932136448 2934293235 41543207406
1791522451 gw-search-role-v1a 3719618441 2298728448 2934293235 41543207406
1791522456 gw-search-role-v1b 964671738 1932136448 2934294780 41543214095
1791522456 gw-search-role-v1a 3719624485 2298728448 2934294780 41543214095
1791522461 gw-search-role-v1b 964672211 1932136448 2934296127 41543220947
1791522461 gw-search-role-v1a 3719630409 2298728448 2934296127 41543220947
1791522466 gw-search-role-v1b 964672550 1932136448 2934296922 41543228341
1791522466 gw-search-role-v1a 3719634170 2298728448 2934296922 41543228341
1791522472 gw-search-role-v1b 964673191 1932140544 2934297758 41543235709
1791522472 gw-search-role-v1a 3719639970 2298728448 2934297758 41543235709
1791522477 gw-search-role-v1b 964673682 1932140544 2934299315 41543242328
1791522477 gw-search-role-v1a 3719644549 2298728448 2934299315 41543242328
1791522482 gw-search-role-v1b 964674095 1932144640 2934300064 41543249807
1791522482 gw-search-role-v1a 3719650944 2298728448 2934300064 41543249807
1791522487 gw-search-role-v1b 964674472 1932144640 2934300909 41543257173
1791522487 gw-search-role-v1a 3719657140 2298728448 2934300909 41543257173
1791522492 gw-search-role-v1b 964674863 1932144640 2934301850 41543264450
1791522492 gw-search-role-v1a 3719662027 2298728448 2934301850 41543264450
1791522497 gw-search-role-v1b 964675413 1932148736 2934302967 41543271557
1791522497 gw-search-role-v1a 3719667794 2298728448 2934302967 41543271557
1791522503 gw-search-role-v1b 964675714 1932148736 2934303745 41543278986
1791522503 gw-search-role-v1a 3719672118 2298728448 2934303745 41543278986
1791522508 gw-search-role-v1b 964677526 1932152832 2934304792 41543286145
1791522508 gw-search-role-v1a 3719677158 2298728448 2934304792 41543286145
1791522513 gw-search-role-v1b 964678122 1932156928 2934305538 41543293562
1791522513 gw-search-role-v1a 3719682693 2298728448 2934305538 41543293562
1791522518 gw-search-role-v1b 964678449 1932156928 2934306238 41543301072
1791522518 gw-search-role-v1a 3719687595 2298728448 2934306238 41543301072
1791522523 gw-search-role-v1b 964679043 1932156928 2934307129 41543308404
1791522523 gw-search-role-v1a 3719694009 2298728448 2934307129 41543308404
1791522529 gw-search-role-v1b 964679442 1932161024 2934308172 41543315562
1791522529 gw-search-role-v1a 3719697820 2298728448 2934308172 41543315562
1791522534 gw-search-role-v1b 964679987 1932161024 2934309377 41543322583
1791522534 gw-search-role-v1a 3719706650 2298728448 2934309377 41543322583
1791522539 gw-search-role-v1b 964680611 1932161024 2934310521 41543329636
1791522539 gw-search-role-v1a 3719712606 2298728448 2934310521 41543329636
1791522544 gw-search-role-v1b 964680965 1932165120 2934311133 41543337241
1791522544 gw-search-role-v1a 3719716866 2298728448 2934311133 41543337241
1791522549 gw-search-role-v1b 964681514 1932165120 2934312010 41543344604
1791522549 gw-search-role-v1a 3719725544 2298728448 2934312010 41543344604
1791522555 gw-search-role-v1b 964681780 1932165120 2934312676 41543352128
1791522555 gw-search-role-v1a 3719730634 2298728448 2934312676 41543352128
1791522560 gw-search-role-v1b 964696127 1932222464 2934313534 41543359445
1791522560 gw-search-role-v1a 3719735247 2298728448 2934313534 41543359445
1791522565 gw-search-role-v1b 976478205 2032349184 2934318813 41543362397
1791522565 gw-search-role-v1a 3732575259 2295418880 2934318813 41543362397
1791522570 gw-search-role-v1b 989852118 2098868224 2934324587 41543364844
1791522570 gw-search-role-v1a 3744876993 2294677504 2934324587 41543364844
1791522575 gw-search-role-v1b 1002157270 2107703296 2934330334 41543367316
1791522575 gw-search-role-v1a 3757672034 2297327616 2934330334 41543367316
1791522580 gw-search-role-v1b 1014901092 2116894720 2934335853 41543369972
1791522580 gw-search-role-v1a 3769403208 2297192448 2934335853 41543369972
1791522586 gw-search-role-v1b 1026952986 2121482240 2934341531 41543372508
1791522586 gw-search-role-v1a 3782924709 2296459264 2934341531 41543372508
1791522591 gw-search-role-v1b 1040101850 2124451840 2934347212 41543375086
1791522591 gw-search-role-v1a 3795237463 2298699776 2934347212 41543375086
1791522596 gw-search-role-v1b 1053104206 2134835200 2934353012 41543377483
1791522596 gw-search-role-v1a 3806949346 2295861248 2934353012 41543377483
1791522601 gw-search-role-v1b 1067388687 2133536768 2934359125 41543379495
1791522601 gw-search-role-v1a 3820109907 2297896960 2934359125 41543379495
1791522607 gw-search-role-v1b 1079514833 2134994944 2934365516 41543381082
1791522607 gw-search-role-v1a 3830506503 2297032704 2934365516 41543381082
1791522612 gw-search-role-v1b 1091769656 2136907776 2934371459 41543383348
1791522612 gw-search-role-v1a 3842721980 2297176064 2934371459 41543383348
1791522617 gw-search-role-v1b 1103349298 2136268800 2934377719 41543385285
1791522617 gw-search-role-v1a 3853893615 2299600896 2934377719 41543385285
1791522623 gw-search-role-v1b 1111073468 2137190400 2934382157 41543389030
1791522623 gw-search-role-v1a 3861515444 2298109952 2934382157 41543389030
1791522628 gw-search-role-v1b 1111125293 2137145344 2934383806 41543395611
1791522628 gw-search-role-v1a 3861553923 2298052608 2934383806 41543395611
1791522633 gw-search-role-v1b 1111132588 2137145344 2934386528 41543401052
1791522633 gw-search-role-v1a 3864951745 2304139264 2934386528 41543401052
1791522638 gw-search-role-v1b 1111133106 2137145344 2934391392 41543404361
1791522638 gw-search-role-v1a 3878683397 2295803904 2934391392 41543404361
1791522643 gw-search-role-v1b 1111133398 2137145344 2934396885 41543407066
1791522643 gw-search-role-v1a 3890074182 2300444672 2934396885 41543407066
1791522649 gw-search-role-v1b 1111133956 2137145344 2934401340 41543410809
1791522649 gw-search-role-v1a 3902269414 2299490304 2934401340 41543410809
1791522654 gw-search-role-v1b 1111134525 2137141248 2934405816 41543414532
1791522654 gw-search-role-v1a 3914572728 2299478016 2934405816 41543414532
1791522659 gw-search-role-v1b 1111134931 2137141248 2934411071 41543417512
1791522659 gw-search-role-v1a 3926635613 2297253888 2934411071 41543417512
1791522664 gw-search-role-v1b 1111135561 2137141248 2934415754 41543420870
1791522664 gw-search-role-v1a 3938256077 2302226432 2934415754 41543420870
1791522669 gw-search-role-v1b 1111135916 2137141248 2934420315 41543424488
1791522669 gw-search-role-v1a 3950008816 2301030400 2934420315 41543424488
1791522675 gw-search-role-v1b 1111136268 2137141248 2934424830 41543428160
1791522675 gw-search-role-v1a 3962632310 2296233984 2934424830 41543428160
1791522680 gw-search-role-v1b 1111136895 2137141248 2934429386 41543431777
1791522680 gw-search-role-v1a 3974269824 2298523648 2934429386 41543431777
1791522685 gw-search-role-v1b 1111137466 2137141248 2934434107 41543435212
1791522685 gw-search-role-v1a 3986202283 2295410688 2934434107 41543435212
1791522690 gw-search-role-v1b 1111138461 2137141248 2934438890 41543438613
1791522690 gw-search-role-v1a 3998981413 2298871808 2934438890 41543438613
1791522695 gw-search-role-v1b 1111138895 2137141248 2934441800 41543443883
1791522695 gw-search-role-v1a 4002757939 2297946112 2934441800 41543443883
1791522700 gw-search-role-v1b 1111139429 2137141248 2934442655 41543451218
1791522700 gw-search-role-v1a 4002807339 2297905152 2934442655 41543451218
1791522706 gw-search-role-v1b 1111140172 2137141248 2934444950 41543457102
1791522706 gw-search-role-v1a 4007133402 2300444672 2934444950 41543457102
1791522711 gw-search-role-v1b 1112125541 1941401600 2934450254 41543459965
1791522711 gw-search-role-v1a 4018613719 2295267328 2934450254 41543459965
1791522716 gw-search-role-v1b 1112126130 1941401600 2934456061 41543462372
1791522716 gw-search-role-v1a 4031324662 2296795136 2934456061 41543462372
1791522721 gw-search-role-v1b 1112126518 1941401600 2934461666 41543464945
1791522721 gw-search-role-v1a 4043253093 2299326464 2934461666 41543464945
1791522726 gw-search-role-v1b 1112127037 1941401600 2934467479 41543467330
1791522726 gw-search-role-v1a 4055356177 2297212928 2934467479 41543467330
1791522732 gw-search-role-v1b 1112127387 1941401600 2934473114 41543469874
1791522732 gw-search-role-v1a 4066569343 2301407232 2934473114 41543469874
1791522737 gw-search-role-v1b 1112127773 1941401600 2934479139 41543472031
1791522737 gw-search-role-v1a 4077895327 2297876480 2934479139 41543472031
1791522742 gw-search-role-v1b 1112128195 1941401600 2934484920 41543474418
1791522742 gw-search-role-v1a 4089856346 2296356864 2934484920 41543474418
1791522747 gw-search-role-v1b 1112130448 1941401600 2934490346 41543477157
1791522747 gw-search-role-v1a 4102573077 2298101760 2934490346 41543477157
1791522752 gw-search-role-v1b 1112131285 1941401600 2934495806 41543479941
1791522752 gw-search-role-v1a 4114394814 2296569856 2934495806 41543479941
1791522758 gw-search-role-v1b 1112135286 1941409792 2934501267 41543482684
1791522758 gw-search-role-v1a 4126849107 2296303616 2934501267 41543482684
1791522763 gw-search-role-v1b 1112135659 1941409792 2934506954 41543485182
1791522763 gw-search-role-v1a 4138504408 2297348096 2934506954 41543485182
1791522768 gw-search-role-v1b 1112136205 1941409792 2934509431 41543490883
1791522768 gw-search-role-v1a 4140170516 2300911616 2934509431 41543490883
1791522773 gw-search-role-v1b 1112136510 1941409792 2934510487 41543498018
1791522773 gw-search-role-v1a 4140205358 2300882944 2934510487 41543498018
1791522778 gw-search-role-v1b 1112137283 1941409792 2934512566 41543504104
1791522778 gw-search-role-v1a 4147054043 2297348096 2934512566 41543504104
1791522783 gw-search-role-v1b 1112137701 1941409792 2934516452 41543508400
1791522783 gw-search-role-v1a 4160810806 2295549952 2934516452 41543508400
1791522789 gw-search-role-v1b 1112138057 1941409792 2934520164 41543512875
1791522789 gw-search-role-v1a 4174261637 2298966016 2934520164 41543512875
1791522794 gw-search-role-v1b 1112138566 1941409792 2934523949 41543517269
1791522794 gw-search-role-v1a 4187362608 2299105280 2934523949 41543517269
1791522799 gw-search-role-v1b 1112138957 1941409792 2934527543 41543521880
1791522799 gw-search-role-v1a 4201188288 2298200064 2934527543 41543521880
1791522804 gw-search-role-v1b 1112139266 1941409792 2934531299 41543526298
1791522804 gw-search-role-v1a 4214461155 2297450496 2934531299 41543526298
1791522809 gw-search-role-v1b 1112140796 1941409792 2934535002 41543530760
1791522809 gw-search-role-v1a 4228436590 2298531840 2934535002 41543530760
1791522815 gw-search-role-v1b 1112141239 1941409792 2934538612 41543535353
1791522815 gw-search-role-v1a 4242389726 2296279040 2934538612 41543535353
1791522820 gw-search-role-v1b 1113164661 1932361728 2934542244 41543539896
1791522820 gw-search-role-v1a 4255951261 2295148544 2934542244 41543539896
1791522825 gw-search-role-v1b 1113164896 1932361728 2934545679 41543544651
1791522825 gw-search-role-v1a 4269389773 2295656448 2934545679 41543544651
1791522830 gw-search-role-v1b 1113165306 1932361728 2934549659 41543548909
1791522830 gw-search-role-v1a 4283874980 2297565184 2934549659 41543548909
1791522835 gw-search-role-v1b 1113165760 1932361728 2934553038 41543553723
1791522835 gw-search-role-v1a 4296672773 2300690432 2934553038 41543553723
1791522841 gw-search-role-v1b 1113166288 1932361728 2934554096 41543560897
1791522841 gw-search-role-v1a 4298059699 2295582720 2934554096 41543560897
1791522846 gw-search-role-v1b 1113170343 1932374016 2934554897 41543568311
1791522846 gw-search-role-v1a 4298081777 2295566336 2934554897 41543568311
1791522851 gw-search-role-v1b 1122974522 2026987520 2934559014 41543572458
1791522851 gw-search-role-v1a 4307111151 2296160256 2934559014 41543572458
1791522856 gw-search-role-v1b 1136667294 2099646464 2934564587 41543575078
1791522856 gw-search-role-v1a 4319261361 2296598528 2934564587 41543575078
1791522861 gw-search-role-v1b 1149408565 2105274368 2934570314 41543577593
1791522861 gw-search-role-v1a 4330878059 2299150336 2934570314 41543577593
1791522867 gw-search-role-v1b 1161278213 2108911616 2934576210 41543579876
1791522867 gw-search-role-v1a 4343220289 2296885248 2934576210 41543579876
1791522872 gw-search-role-v1b 1173409950 2117894144 2934581929 41543582388
1791522872 gw-search-role-v1a 4355232577 2301423616 2934581929 41543582388
1791522877 gw-search-role-v1b 1185047987 2119716864 2934587533 41543584989
1791522877 gw-search-role-v1a 4367457788 2298945536 2934587533 41543584989
1791522882 gw-search-role-v1b 1195993141 2129154048 2934593117 41543587618
1791522882 gw-search-role-v1a 4380932551 2296729600 2934593117 41543587618
1791522887 gw-search-role-v1b 1207769395 2128998400 2934598663 41543590281
1791522887 gw-search-role-v1a 4393394102 2299199488 2934598663 41543590281
1791522893 gw-search-role-v1b 1220343437 2136068096 2934604541 41543592608
1791522893 gw-search-role-v1a 4406463878 2297942016 2934604541 41543592608
1791522898 gw-search-role-v1b 1232743089 2148040704 2934610091 41543595234
1791522898 gw-search-role-v1a 4419377645 2300649472 2934610091 41543595234
1791522903 gw-search-role-v1b 1245200677 2146025472 2934615937 41543596989
1791522903 gw-search-role-v1a 4431703898 2299891712 2934615937 41543596989
1791522908 gw-search-role-v1b 1255262992 2155724800 2934621176 41543599959
1791522908 gw-search-role-v1a 4441213829 2299797504 2934621176 41543599959
1791522913 gw-search-role-v1b 1255302491 2155675648 2934622498 41543606865
1791522913 gw-search-role-v1a 4441262641 2295828480 2934622498 41543606865
1791522919 gw-search-role-v1b 1255318558 2155679744 2934624430 41543613112
1791522919 gw-search-role-v1a 4442742932 2298679296 2934624430 41543613112
1791522924 gw-search-role-v1b 1255318795 2155675648 2934629883 41543615886
1791522924 gw-search-role-v1a 4455007517 2299596800 2934629883 41543615886
1791522929 gw-search-role-v1b 1255321188 2155692032 2934634659 41543619282
1791522929 gw-search-role-v1a 4468163622 2299486208 2934634659 41543619282
1791522934 gw-search-role-v1b 1255321950 2155692032 2934639294 41543622786
1791522934 gw-search-role-v1a 4480806160 2300375040 2934639294 41543622786
1791522939 gw-search-role-v1b 1255322248 2155692032 2934644908 41543625344
1791522939 gw-search-role-v1a 4493536281 2297241600 2934644908 41543625344
1791522945 gw-search-role-v1b 1255323434 2155692032 2934650241 41543628169
1791522945 gw-search-role-v1a 4506492936 2294816768 2934650241 41543628169
1791522950 gw-search-role-v1b 1255323829 2155692032 2934654821 41543631650
1791522950 gw-search-role-v1a 4515808304 2297159680 2934654821 41543631650
1791522955 gw-search-role-v1b 1255324373 2155692032 2934659065 41543635513
1791522955 gw-search-role-v1a 4525940689 2296999936 2934659065 41543635513
1791522960 gw-search-role-v1b 1256330672 1946726400 2934664245 41543638495
1791522960 gw-search-role-v1a 4538006903 2296848384 2934664245 41543638495
1791522965 gw-search-role-v1b 1256330997 1946726400 2934668922 41543641954
1791522965 gw-search-role-v1a 4550420168 2302349312 2934668922 41543641954
1791522971 gw-search-role-v1b 1256331548 1946722304 2934673878 41543645175
1791522971 gw-search-role-v1a 4563758833 2296213504 2934673878 41543645175
1791522976 gw-search-role-v1b 1256336247 1946722304 2934679085 41543648181
1791522976 gw-search-role-v1a 4577146954 2296520704 2934679085 41543648181
1791522981 gw-search-role-v1b 1256337040 1946722304 2934682091 41543653374
1791522981 gw-search-role-v1a 4583542966 2295373824 2934682091 41543653374
1791522986 gw-search-role-v1b 1256337884 1946722304 2934683760 41543659959
1791522986 gw-search-role-v1a 4583584185 2295336960 2934683760 41543659959
1791522991 gw-search-role-v1b 1256340108 1946734592 2934687222 41543664697
1791522991 gw-search-role-v1a 4589704035 2299551744 2934687222 41543664697
1791522997 gw-search-role-v1b 1256340507 1946734592 2934693028 41543667051
1791522997 gw-search-role-v1a 4600325462 2299326464 2934693028 41543667051
1791523002 gw-search-role-v1b 1256340934 1946734592 2934698968 41543669224
1791523002 gw-search-role-v1a 4612031132 2296586240 2934698968 41543669224
1791523007 gw-search-role-v1b 1256341376 1946734592 2934705109 41543671224
1791523007 gw-search-role-v1a 4624008383 2295386112 2934705109 41543671224
1791523012 gw-search-role-v1b 1256341764 1946734592 2934711228 41543673250
1791523012 gw-search-role-v1a 4636292588 2297364480 2934711228 41543673250
1791523017 gw-search-role-v1b 1256342529 1946734592 2934716950 41543675645
1791523017 gw-search-role-v1a 4646604596 2296094720 2934716950 41543675645
1791523023 gw-search-role-v1b 1256342918 1946734592 2934722948 41543677748
1791523023 gw-search-role-v1a 4658445165 2296344576 2934722948 41543677748
1791523028 gw-search-role-v1b 1256343354 1946734592 2934728925 41543679936
1791523028 gw-search-role-v1a 4668593887 2297819136 2934728925 41543679936
1791523033 gw-search-role-v1b 1256343914 1946734592 2934735017 41543682014
1791523033 gw-search-role-v1a 4679119629 2300014592 2934735017 41543682014
1791523038 gw-search-role-v1b 1256344158 1946734592 2934740948 41543684174
1791523038 gw-search-role-v1a 4689066849 2295218176 2934740948 41543684174
1791523043 gw-search-role-v1b 1256344747 1946734592 2934746801 41543686457
1791523043 gw-search-role-v1a 4700343633 2296782848 2934746801 41543686457
1791523049 gw-search-role-v1b 1256346457 1946734592 2934752978 41543688399
1791523049 gw-search-role-v1a 4712718800 2294734848 2934752978 41543688399
1791523054 gw-search-role-v1b 1256346738 1946734592 2934755064 41543694415
1791523054 gw-search-role-v1a 4713726282 2294681600 2934755064 41543694415
1791523059 gw-search-role-v1b 1256347285 1946734592 2934756710 41543700850
1791523059 gw-search-role-v1a 4713749710 2294673408 2934756710 41543700850
1791523064 gw-search-role-v1b 1256794167 1946734592 2934758804 41543706830
1791523064 gw-search-role-v1a 4713754338 2294673408 2934758804 41543706830
1791523069 gw-search-role-v1b 1257355175 1931870208 2934761271 41543712430
1791523069 gw-search-role-v1a 4713757944 2294673408 2934761271 41543712430
1791523075 gw-search-role-v1b 1257355757 1931874304 2934763750 41543718078
1791523075 gw-search-role-v1a 4713763281 2294673408 2934763750 41543718078
1791523080 gw-search-role-v1b 1257356238 1931874304 2934765603 41543724269
1791523080 gw-search-role-v1a 4713767443 2294673408 2934765603 41543724269
1791523085 gw-search-role-v1b 1257356718 1931874304 2934767617 41543730282
1791523085 gw-search-role-v1a 4713772517 2294673408 2934767617 41543730282
1791523090 gw-search-role-v1b 1257357043 1931878400 2934770097 41543735860
1791523090 gw-search-role-v1a 4713776210 2294673408 2934770097 41543735860
1791523095 gw-search-role-v1b 1257357428 1931878400 2934772168 41543741821
1791523095 gw-search-role-v1a 4713782874 2294673408 2934772168 41543741821
1791523100 gw-search-role-v1b 1257357845 1931878400 2934774052 41543748050
1791523100 gw-search-role-v1a 4713787495 2294673408 2934774052 41543748050
1791523106 gw-search-role-v1b 1257358385 1931882496 2934775913 41543754259
1791523106 gw-search-role-v1a 4713790661 2294673408 2934775913 41543754259
1791523111 gw-search-role-v1b 1257360747 1931902976 2934778105 41543760101
1791523111 gw-search-role-v1a 4713796071 2293886976 2934778105 41543760101
1791523116 gw-search-role-v1b 1257360979 1931902976 2934779713 41543766655
1791523116 gw-search-role-v1a 4713800355 2292834304 2934779713 41543766655
1791523121 gw-search-role-v1b 1257361403 1931907072 2934782679 41543771837
1791523121 gw-search-role-v1a 4713805280 2292834304 2934782679 41543771837
1791523126 gw-search-role-v1b 1257361860 1931907072 2934783955 41543778738
1791523126 gw-search-role-v1a 4713811932 2292834304 2934783955 41543778738
1791523132 gw-search-role-v1b 1257362115 1931907072 2934785443 41543785386
1791523132 gw-search-role-v1a 4713816013 2292834304 2934785443 41543785386
1791523137 gw-search-role-v1a 622374 35418112 2934786644 41543792350
1791523137 gw-search-role-v1b 1257362955 1931911168 2934786644 41543792350
1791523142 gw-search-role-v1a 6243523 316628992 2934788552 41543798682
1791523142 gw-search-role-v1b 1257363206 1931911168 2934788552 41543798682
1791523147 gw-search-role-v1a 23122892 2645417984 2934791220 41543804157
1791523147 gw-search-role-v1b 1257363545 1931911168 2934791220 41543804157
1791523152 gw-search-role-v1a 34083661 3654619136 2934793782 41543809820
1791523152 gw-search-role-v1b 1257363955 1931915264 2934793782 41543809820
1791523158 gw-search-role-v1b 3613870 175673344 2934795889 41543815881
1791523158 gw-search-role-v1a 34319722 3403661312 2934795889 41543815881
1791523163 gw-search-role-v1b 19597428 1768353792 2934798842 41543821084
1791523163 gw-search-role-v1a 34374351 3137458176 2934798842 41543821084
1791523168 gw-search-role-v1b 30309763 2631716864 2934801483 41543826658
1791523168 gw-search-role-v1a 34382917 3137482752 2934801483 41543826658
1791523173 gw-search-role-v1b 32318339 2375045120 2934803002 41543833364
1791523173 gw-search-role-v1a 34390868 3137474560 2934803002 41543833364
1791523178 gw-search-role-v1b 32389451 2106810368 2934803935 41543840681
1791523178 gw-search-role-v1a 34402037 3137474560 2934803935 41543840681
1791523184 gw-search-role-v1b 32390388 2106810368 2934804716 41543848082
1791523184 gw-search-role-v1a 34412199 3137490944 2934804716 41543848082
1791523189 gw-search-role-v1b 32395767 2106834944 2934805870 41543855123
1791523189 gw-search-role-v1a 34418854 3137490944 2934805870 41543855123
1791523194 gw-search-role-v1b 32396544 2106834944 2934806755 41543862460
1791523194 gw-search-role-v1a 34426225 3137490944 2934806755 41543862460
1791523199 gw-search-role-v1b 32397666 2106834944 2934807864 41543869553
1791523199 gw-search-role-v1a 34434615 3137490944 2934807864 41543869553
1791523204 gw-search-role-v1b 32401409 2106847232 2934809307 41543876161
1791523204 gw-search-role-v1a 34445050 3137490944 2934809307 41543876161
1791523210 gw-search-role-v1b 32403477 2106847232 2934810145 41543883508
1791523210 gw-search-role-v1a 34815571 3143090176 2934810145 41543883508
1791523215 gw-search-role-v1b 32404136 2106847232 2934812143 41543889613
1791523215 gw-search-role-v1a 40086717 3143749632 2934812143 41543889613
1791523220 gw-search-role-v1b 32405136 2106847232 2934813857 41543896033
1791523220 gw-search-role-v1a 45349237 3153739776 2934813857 41543896033
1791523225 gw-search-role-v1b 32408100 2106847232 2934815815 41543902260
1791523225 gw-search-role-v1a 51316591 3167395840 2934815815 41543902260
1791523230 gw-search-role-v1b 32408598 2106843136 2934818129 41543908125
1791523230 gw-search-role-v1a 56936776 3181371392 2934818129 41543908125
1791523235 gw-search-role-v1b 32409760 2106839040 2934820813 41543913642
1791523235 gw-search-role-v1a 64279318 3193810944 2934820813 41543913642
1791523241 gw-search-role-v1b 32414613 2106843136 2934822714 41543919914
1791523241 gw-search-role-v1a 70335284 3194736640 2934822714 41543919914
1791523246 gw-search-role-v1b 32415091 2106843136 2934825134 41543925673
1791523246 gw-search-role-v1a 76460199 3194945536 2934825134 41543925673
1791523251 gw-search-role-v1b 32416345 2106843136 2934827144 41543931848
1791523251 gw-search-role-v1a 81780141 3197063168 2934827144 41543931848
1791523256 gw-search-role-v1b 38983229 2114936832 2934829258 41543937927
1791523256 gw-search-role-v1a 82459898 3195617280 2934829258 41543937927
1791523261 gw-search-role-v1b 45897665 2178387968 2934831214 41543944254
1791523261 gw-search-role-v1a 82487990 3195609088 2934831214 41543944254
1791523267 gw-search-role-v1b 52687335 2150354944 2934833208 41543950492
1791523267 gw-search-role-v1a 82496190 3195609088 2934833208 41543950492
1791523272 gw-search-role-v1b 59078454 2148093952 2934835257 41543956636
1791523272 gw-search-role-v1a 82502084 3195609088 2934835257 41543956636
1791523277 gw-search-role-v1b 65266441 2149666816 2934837216 41543962880
1791523277 gw-search-role-v1a 82512921 3195613184 2934837216 41543962880
1791523282 gw-search-role-v1b 71154765 2155053056 2934839537 41543968724
1791523282 gw-search-role-v1a 82519844 3195613184 2934839537 41543968724
1791523287 gw-search-role-v1b 77708489 2151211008 2934841787 41543974694
1791523287 gw-search-role-v1a 82525475 3195613184 2934841787 41543974694
1791523293 gw-search-role-v1b 80099601 2156060672 2934844139 41543980533
1791523293 gw-search-role-v1a 82532397 3195609088 2934844139 41543980533
1791523298 gw-search-role-v1b 80146427 2156081152 2934845455 41543987405
1791523298 gw-search-role-v1a 82538021 3195609088 2934845455 41543987405
1791523303 gw-search-role-v1b 80150173 2156081152 2934846568 41543994484
1791523303 gw-search-role-v1a 82545606 3195613184 2934846568 41543994484
1791523308 gw-search-role-v1b 80150911 2156081152 2934848704 41544000536
1791523308 gw-search-role-v1a 82552252 3195613184 2934848704 41544000536
1791523313 gw-search-role-v1b 80152173 2156081152 2934850168 41544007289
1791523313 gw-search-role-v1a 82557576 3195613184 2934850168 41544007289
1791523319 gw-search-role-v1b 80152524 2156081152 2934851687 41544013945
1791523319 gw-search-role-v1a 82570504 3195662336 2934851687 41544013945
1791523324 gw-search-role-v1b 80153408 2156081152 2934853229 41544020551
1791523324 gw-search-role-v1a 83613990 2994827264 2934853229 41544020551
1791523329 gw-search-role-v1b 80154227 2156081152 2934854864 41544027082
1791523329 gw-search-role-v1a 83622767 2994827264 2934854864 41544027082
1791523334 gw-search-role-v1b 80154632 2156077056 2934856348 41544033802
1791523334 gw-search-role-v1a 83627928 2994827264 2934856348 41544033802
1791523339 gw-search-role-v1b 80155674 2156077056 2934857742 41544040605
1791523339 gw-search-role-v1a 84646410 2892812288 2934857742 41544040605
1791523344 gw-search-role-v1b 80157840 2156077056 2934859399 41544047179
1791523344 gw-search-role-v1a 84653087 2892812288 2934859399 41544047179
1791523350 gw-search-role-v1b 80158660 2156077056 2934860970 41544053782
1791523350 gw-search-role-v1a 84658141 2892812288 2934860970 41544053782
1791523355 gw-search-role-v1b 80159693 2156072960 2934862459 41544060502
1791523355 gw-search-role-v1a 84667082 2892812288 2934862459 41544060502
1791523360 gw-search-role-v1b 80160039 2156072960 2934864063 41544067105
1791523360 gw-search-role-v1a 84672053 2892816384 2934864063 41544067105
1791523365 gw-search-role-v1b 81214155 1960501248 2934865806 41544073572
1791523365 gw-search-role-v1a 84678481 2892816384 2934865806 41544073572
1791523370 gw-search-role-v1b 82003988 1878810624 2934866892 41544080716
1791523370 gw-search-role-v1a 84686797 2892816384 2934866892 41544080716
1791523376 gw-search-role-v1b 82004500 1878810624 2934870232 41544085596
1791523376 gw-search-role-v1a 99617093 3053588480 2934870232 41544085596
1791523381 gw-search-role-v1b 82005654 1878810624 2934874207 41544089774
1791523381 gw-search-role-v1a 114029759 3089395712 2934874207 41544089774
1791523386 gw-search-role-v1b 82006110 1878810624 2934877661 41544094477
1791523386 gw-search-role-v1a 126202903 3113213952 2934877661 41544094477
1791523391 gw-search-role-v1b 82007052 1878810624 2934880863 41544099470
1791523391 gw-search-role-v1a 139862177 3122196480 2934880863 41544099470
1791523396 gw-search-role-v1b 82007649 1878810624 2934884237 41544104313
1791523396 gw-search-role-v1a 153348967 3135102976 2934884237 41544104313
1791523402 gw-search-role-v1b 82009672 1878818816 2934887854 41544108889
1791523402 gw-search-role-v1a 165080806 3144454144 2934887854 41544108889
1791523407 gw-search-role-v1b 82010365 1878818816 2934891202 41544113749
1791523407 gw-search-role-v1a 178564315 3163574272 2934891202 41544113749
1791523412 gw-search-role-v1b 82011103 1878818816 2934894624 41544118529
1791523412 gw-search-role-v1a 191095629 3176640512 2934894624 41544118529
1791523417 gw-search-role-v1b 82011614 1878818816 2934897843 41544123501
1791523417 gw-search-role-v1a 203547216 3183292416 2934897843 41544123501
1791523422 gw-search-role-v1b 82012323 1878818816 2934901309 41544128247
1791523422 gw-search-role-v1a 217465776 3205451776 2934901309 41544128247
1791523428 gw-search-role-v1b 82013282 1878818816 2934904547 41544133213
1791523428 gw-search-role-v1a 228847334 3211231232 2934904547 41544133213
1791523433 gw-search-role-v1b 82013735 1878818816 2934906965 41544138949
1791523433 gw-search-role-v1a 237759093 3206799360 2934906965 41544138949
1791523438 gw-search-role-v1b 82014604 1878818816 2934907905 41544146196
1791523438 gw-search-role-v1a 237815189 3206725632 2934907905 41544146196
1791523443 gw-search-role-v1b 85100215 1901592576 2934909533 41544152779
1791523443 gw-search-role-v1a 240428135 3207446528 2934909533 41544152779
1791523448 gw-search-role-v1b 94733560 1970032640 2934914605 41544155904
1791523448 gw-search-role-v1a 251231373 3206225920 2934914605 41544155904
1791523453 gw-search-role-v1b 102179134 1980747776 2934918753 41544159951
1791523453 gw-search-role-v1a 259497152 3209764864 2934918753 41544159951
1791523459 gw-search-role-v1b 109364783 1993621504 2934922026 41544164847
1791523459 gw-search-role-v1a 266474580 3213602816 2934922026 41544164847
1791523464 gw-search-role-v1b 116671985 2048172032 2934926229 41544168824
1791523464 gw-search-role-v1a 274894334 3212378112 2934926229 41544168824
1791523469 gw-search-role-v1b 123803406 2050682880 2934930159 41544173068
1791523469 gw-search-role-v1a 281623946 3212300288 2934930159 41544173068
1791523474 gw-search-role-v1b 131878530 2055573504 2934934401 41544177008
1791523474 gw-search-role-v1a 289845237 3210964992 2934934401 41544177008
1791523479 gw-search-role-v1b 139491034 2055745536 2934938392 41544181172
1791523479 gw-search-role-v1a 298320526 3214692352 2934938392 41544181172
1791523484 gw-search-role-v1b 146065691 2059755520 2934941702 41544186021
1791523484 gw-search-role-v1a 304125422 3209420800 2934941702 41544186021
1791523490 gw-search-role-v1b 154146728 2063224832 2934945515 41544190387
1791523490 gw-search-role-v1a 312835450 3213541376 2934945515 41544190387
1791523495 gw-search-role-v1b 161465117 2065817600 2934950165 41544193912
1791523495 gw-search-role-v1a 321173784 3210878976 2934950165 41544193912
1791523500 gw-search-role-v1b 168539696 2078093312 2934953766 41544198493
1791523500 gw-search-role-v1a 327499515 3213348864 2934953766 41544198493
1791523505 gw-search-role-v1b 171195921 2080518144 2934956064 41544204395
1791523505 gw-search-role-v1a 329786378 3211038720 2934956064 41544204395
1791523510 gw-search-role-v1b 171225640 2080505856 2934957621 41544211076
1791523510 gw-search-role-v1a 329809749 3211014144 2934957621 41544211076
1791523516 gw-search-role-v1b 171226139 2080505856 2934960053 41544216836
1791523516 gw-search-role-v1a 335641490 3213242368 2934960053 41544216836
1791523521 gw-search-role-v1b 171227837 2080505856 2934962972 41544222065
1791523521 gw-search-role-v1a 344498939 3218386944 2934962972 41544222065
1791523526 gw-search-role-v1b 171228459 2080505856 2934966163 41544227026
1791523526 gw-search-role-v1a 350695955 3217362944 2934966163 41544227026
1791523531 gw-search-role-v1b 171228909 2080505856 2934969116 41544232284
1791523531 gw-search-role-v1a 358629012 3216023552 2934969116 41544232284
1791523536 gw-search-role-v1b 171229338 2080505856 2934972203 41544237352
1791523536 gw-search-role-v1a 367517988 3214172160 2934972203 41544237352
1791523542 gw-search-role-v1b 171229856 2080501760 2934975070 41544242669
1791523542 gw-search-role-v1a 373308548 3215872000 2934975070 41544242669
1791523547 gw-search-role-v1b 171230134 2080501760 2934978359 41544247552
1791523547 gw-search-role-v1a 382179930 3215876096 2934978359 41544247552
1791523552 gw-search-role-v1b 172462924 1890488320 2934981637 41544252424
1791523552 gw-search-role-v1a 390739375 3216044032 2934981637 41544252424
1791523557 gw-search-role-v1b 172463421 1890480128 2934984453 41544257797
1791523557 gw-search-role-v1a 398941145 2943639552 2934984453 41544257797
1791523562 gw-search-role-v1b 172463817 1890480128 2934987591 41544262849
1791523562 gw-search-role-v1a 409548446 3004014592 2934987591 41544262849
1791523568 gw-search-role-v1b 172464309 1890480128 2934991406 41544267211
1791523568 gw-search-role-v1a 417122620 3015413760 2934991406 41544267211
1791523573 gw-search-role-v1b 172464595 1890480128 2934993899 41544272912
1791523573 gw-search-role-v1a 425172394 3077287936 2934993899 41544272912
1791523578 gw-search-role-v1b 172465252 1890480128 2934994767 41544280309
1791523578 gw-search-role-v1a 425206460 3077242880 2934994767 41544280309
1791523583 gw-search-role-v1b 172474473 1890488320 2934995581 41544287710
1791523583 gw-search-role-v1a 425504448 3078119424 2934995581 41544287710
1791523588 gw-search-role-v1b 172474745 1890488320 2934998274 41544293217
1791523588 gw-search-role-v1a 431168086 3081035776 2934998274 41544293217
1791523594 gw-search-role-v1b 172475205 1890488320 2935001934 41544297766
1791523594 gw-search-role-v1a 435907981 3080540160 2935001934 41544297766
1791523599 gw-search-role-v1b 172475527 1890488320 2935004815 41544303040
1791523599 gw-search-role-v1a 441168958 3085836288 2935004815 41544303040
1791523604 gw-search-role-v1b 172476010 1890488320 2935007634 41544308467
1791523604 gw-search-role-v1a 447274467 3092807680 2935007634 41544308467
1791523609 gw-search-role-v1b 172477583 1890488320 2935010694 41544313568
1791523609 gw-search-role-v1a 452288648 3090374656 2935010694 41544313568
1791523614 gw-search-role-v1b 172477881 1890488320 2935013813 41544318639
1791523614 gw-search-role-v1a 458357766 3097632768 2935013813 41544318639
1791523619 gw-search-role-v1b 172478329 1890488320 2935016608 41544323992
1791523619 gw-search-role-v1a 465068086 3097935872 2935016608 41544323992
1791523625 gw-search-role-v1b 172478662 1890488320 2935019807 41544328949
1791523625 gw-search-role-v1a 469958191 3092283392 2935019807 41544328949
1791523630 gw-search-role-v1b 172479172 1890488320 2935022073 41544334835
1791523630 gw-search-role-v1a 474648553 3092795392 2935022073 41544334835
1791523635 gw-search-role-v1b 172479478 1890488320 2935024891 41544340226
1791523635 gw-search-role-v1a 480414157 3094274048 2935024891 41544340226
1791523640 gw-search-role-v1b 172480168 1890488320 2935027495 41544345846
1791523640 gw-search-role-v1a 484728532 3092930560 2935027495 41544345846
1791523645 gw-search-role-v1b 172482277 1890488320 2935029473 41544352059
1791523645 gw-search-role-v1a 488187672 3093045248 2935029473 41544352059
1791523651 gw-search-role-v1b 172488519 1890496512 2935030665 41544359084
1791523651 gw-search-role-v1a 488216536 3093024768 2935030665 41544359084
1791523656 gw-search-role-v1b 172489170 1890496512 2935032470 41544365456
1791523656 gw-search-role-v1a 492962698 3092574208 2935032470 41544365456
1791523661 gw-search-role-v1b 172489498 1890496512 2935035985 41544370119
1791523661 gw-search-role-v1a 507169929 3095859200 2935035985 41544370119
1791523666 gw-search-role-v1b 172489956 1890496512 2935039800 41544374531
1791523666 gw-search-role-v1a 522287282 3104419840 2935039800 41544374531
1791523671 gw-search-role-v1b 172490648 1890496512 2935042932 41544379651
1791523671 gw-search-role-v1a 534214378 3105607680 2935042932 41544379651
1791523677 gw-search-role-v1b 172491024 1890496512 2935046358 41544384450
1791523677 gw-search-role-v1a 548600179 3128844288 2935046358 41544384450
1791523682 gw-search-role-v1b 172491697 1890496512 2935050106 41544388897
1791523682 gw-search-role-v1a 561848241 3130384384 2935050106 41544388897
1791523687 gw-search-role-v1b 172491956 1890496512 2935053915 41544393259
1791523687 gw-search-role-v1a 575389367 3134570496 2935053915 41544393259
1791523692 gw-search-role-v1b 172492475 1890496512 2935057894 41544397484
1791523692 gw-search-role-v1a 589755595 3151855616 2935057894 41544397484
1791523697 gw-search-role-v1b 172492892 1890496512 2935061412 41544402105
1791523697 gw-search-role-v1a 601862444 3150495744 2935061412 41544402105
1791523703 gw-search-role-v1b 172494675 1890496512 2935065135 41544406601
1791523703 gw-search-role-v1a 616929423 3150766080 2935065135 41544406601
1791523708 gw-search-role-v1b 172495107 1890496512 2935069049 41544410859
1791523708 gw-search-role-v1a 630670143 3149680640 2935069049 41544410859
1791523713 gw-search-role-v1b 172495587 1890496512 2935072752 41544415387
1791523713 gw-search-role-v1a 642145625 3150733312 2935072752 41544415387
1791523718 gw-search-role-v1b 172496152 1890496512 2935074507 41544421794
1791523718 gw-search-role-v1a 644914839 3151798272 2935074507 41544421794
1791523723 gw-search-role-v1b 172505605 1890504704 2935076110 41544428413
1791523723 gw-search-role-v1a 644954423 3151757312 2935076110 41544428413
1791523728 gw-search-role-v1b 181029323 1953566720 2935079991 41544432749
1791523728 gw-search-role-v1a 652804332 3148177408 2935079991 41544432749
1791523734 gw-search-role-v1b 190205617 1975271424 2935084236 41544436686
1791523734 gw-search-role-v1a 660039943 3147452416 2935084236 41544436686
1791523739 gw-search-role-v1b 197854217 2023268352 2935088506 41544440591
1791523739 gw-search-role-v1a 666965944 3148726272 2935088506 41544440591
1791523744 gw-search-role-v1b 206836424 2046427136 2935092711 41544444603
1791523744 gw-search-role-v1a 675318202 3147710464 2935092711 41544444603
1791523749 gw-search-role-v1b 216014441 2049949696 2935097157 41544448349
1791523749 gw-search-role-v1a 682709057 3150934016 2935097157 41544448349
1791523754 gw-search-role-v1b 222003698 2052849664 2935100862 41544452832
1791523754 gw-search-role-v1a 689719616 3150819328 2935100862 41544452832
1791523760 gw-search-role-v1b 230660662 2053259264 2935105239 41544456671
1791523760 gw-search-role-v1a 697924924 3149651968 2935105239 41544456671
1791523765 gw-search-role-v1b 239091356 2055081984 2935109562 41544460532
1791523765 gw-search-role-v1a 705446171 3151777792 2935109562 41544460532
1791523770 gw-search-role-v1b 245552653 2054402048 2935113560 41544464695
1791523770 gw-search-role-v1a 712440036 3149840384 2935113560 41544464695
1791523775 gw-search-role-v1b 254465130 2059825152 2935117710 41544468772
1791523775 gw-search-role-v1a 719781652 3152916480 2935117710 41544468772
1791523780 gw-search-role-v1b 261011222 2055716864 2935121626 41544473030
1791523780 gw-search-role-v1a 726691889 3150471168 2935121626 41544473030
1791523785 gw-search-role-v1b 267380630 2061352960 2935125423 41544477428
1791523785 gw-search-role-v1a 733285975 3152584704 2935125423 41544477428
1791523791 gw-search-role-v1b 267430013 2061316096 2935126823 41544484208
1791523791 gw-search-role-v1a 733322691 3152543744 2935126823 41544484208
1791523796 gw-search-role-v1b 267436781 2061316096 2935128187 41544491041
1791523796 gw-search-role-v1a 734263469 3150684160 2935128187 41544491041
1791523801 gw-search-role-v1b 267437372 2061316096 2935131785 41544495593
1791523801 gw-search-role-v1a 743888564 3150737408 2935131785 41544495593
1791523807 gw-search-role-v1b 267437707 2061316096 2935136689 41544498966
1791523807 gw-search-role-v1a 752778435 3153354752 2935136689 41544498966
1791523812 gw-search-role-v1b 267438200 2061312000 2935139800 41544504009
1791523812 gw-search-role-v1a 759927575 3151081472 2935139800 41544504009
1791523817 gw-search-role-v1b 267438655 2061312000 2935144009 41544507998
1791523817 gw-search-role-v1a 767925493 3156127744 2935144009 41544507998
1791523822 gw-search-role-v1b 267440107 2061312000 2935148334 41544511855
1791523822 gw-search-role-v1a 774572064 3153670144 2935148334 41544511855
1791523828 gw-search-role-v1b 267440817 2061312000 2935152081 41544516297
1791523828 gw-search-role-v1a 782597621 3154518016 2935152081 41544516297
1791523833 gw-search-role-v1b 267441198 2061312000 2935155669 41544520935
1791523833 gw-search-role-v1a 790817078 3150516224 2935155669 41544520935
1791523838 gw-search-role-v1b 267441775 2061312000 2935159027 41544525782
1791523838 gw-search-role-v1a 797754080 3153096704 2935159027 41544525782
1791523843 gw-search-role-v1b 267442058 2061312000 2935163051 41544529945
1791523843 gw-search-role-v1a 806966344 3150897152 2935163051 41544529945
1791523848 gw-search-role-v1b 267442526 2061312000 2935166579 41544534621
1791523848 gw-search-role-v1a 814404750 3154345984 2935166579 41544534621
1791523854 gw-search-role-v1b 267443283 2061312000 2935169768 41544539632
1791523854 gw-search-role-v1a 821189049 3150196736 2935169768 41544539632
1791523859 gw-search-role-v1b 267443671 2061312000 2935172113 41544545491
1791523859 gw-search-role-v1a 824157479 3151597568 2935172113 41544545491
1791523864 gw-search-role-v1b 267447284 2061324288 2935174667 41544551083
1791523864 gw-search-role-v1a 824188940 3151568896 2935174667 41544551083
1791523869 gw-search-role-v1b 267447628 2061324288 2935177343 41544556578
1791523869 gw-search-role-v1a 828129773 3154243584 2935177343 41544556578
1791523874 gw-search-role-v1b 267448049 2061324288 2935180478 41544561649
1791523874 gw-search-role-v1a 833927366 3152683008 2935180478 41544561649
1791523879 gw-search-role-v1b 267448608 2061324288 2935184407 41544565912
1791523879 gw-search-role-v1a 838312784 3151343616 2935184407 41544565912
1791523885 gw-search-role-v1b 267449813 2061324288 2935187672 41544570773
1791523885 gw-search-role-v1a 842804672 3151724544 2935187672 41544570773
1791523890 gw-search-role-v1b 267450250 2061324288 2935191252 41544575378
1791523890 gw-search-role-v1a 848668646 3152220160 2935191252 41544575378
1791523895 gw-search-role-v1b 267450595 2061324288 2935194697 41544580143
1791523895 gw-search-role-v1a 853375561 3151589376 2935194697 41544580143
1791523900 gw-search-role-v1b 267451127 2061324288 2935197943 41544585074
1791523900 gw-search-role-v1a 858382884 3152941056 2935197943 41544585074
1791523905 gw-search-role-v1b 267451486 2061324288 2935201127 41544590087
1791523905 gw-search-role-v1a 863444990 3150598144 2935201127 41544590087
1791523911 gw-search-role-v1b 267452067 2061324288 2935204677 41544594744
1791523911 gw-search-role-v1a 867039428 3151806464 2935204677 41544594744
1791523916 gw-search-role-v1b 267452460 2061324288 2935208779 41544598785
1791523916 gw-search-role-v1a 872843369 3151130624 2935208779 41544598785
1791523921 gw-search-role-v1b 267452769 2061324288 2935212273 41544603515
1791523921 gw-search-role-v1a 878301527 3151400960 2935212273 41544603515
1791523926 gw-search-role-v1b 267453183 2061324288 2935215475 41544608490
1791523926 gw-search-role-v1a 883204392 3153895424 2935215475 41544608490
1791523931 gw-search-role-v1b 267453482 2061324288 2935217613 41544614526
1791523931 gw-search-role-v1a 883227256 3153772544 2935217613 41544614526
1791523936 gw-search-role-v1b 267454016 2061324288 2935219019 41544621323
1791523936 gw-search-role-v1a 883237009 3153768448 2935219019 41544621323
1791523942 gw-search-role-v1b 267455585 2061324288 2935222325 41544626209
1791523942 gw-search-role-v1a 895552534 3153068032 2935222325 41544626209
1791523947 gw-search-role-v1b 267455923 2061324288 2935226896 41544629890
1791523947 gw-search-role-v1a 910677955 3152687104 2935226896 41544629890
1791523952 gw-search-role-v1b 267456408 2061324288 2935230852 41544634128
1791523952 gw-search-role-v1a 922406188 3152670720 2935230852 41544634128
1791523957 gw-search-role-v1b 267456815 2061324288 2935234716 41544638460
1791523957 gw-search-role-v1a 936648399 3150196736 2935234716 41544638460
1791523962 gw-search-role-v1b 267457209 2061324288 2935238681 41544642654
1791523962 gw-search-role-v1a 950205765 3150671872 2935238681 41544642654
1791523968 gw-search-role-v1b 267457785 2061324288 2935242648 41544646840
1791523968 gw-search-role-v1a 963551631 3150884864 2935242648 41544646840
1791523973 gw-search-role-v1b 267458192 2061324288 2935246929 41544650787
1791523973 gw-search-role-v1a 977582563 3155410944 2935246929 41544650787
1791523978 gw-search-role-v1b 267458733 2061324288 2935250973 41544654924
1791523978 gw-search-role-v1a 991575957 3151851520 2935250973 41544654924
1791523983 gw-search-role-v1b 267459826 2061324288 2935255140 41544658915
1791523983 gw-search-role-v1a 1003818913 3161055232 2935255140 41544658915
1791523988 gw-search-role-v1b 267460298 2061324288 2935259703 41544662532
1791523988 gw-search-role-v1a 1017715388 3156250624 2935259703 41544662532
1791523994 gw-search-role-v1b 267460758 2061324288 2935263837 41544666591
1791523994 gw-search-role-v1a 1030795850 3154014208 2935263837 41544666591
1791523999 gw-search-role-v1b 267461401 2061324288 2935268465 41544670130
1791523999 gw-search-role-v1a 1040007052 3153915904 2935268465 41544670130
1791524004 gw-search-role-v1b 267463148 2061324288 2935272694 41544674139
1791524004 gw-search-role-v1a 1040072193 3153825792 2935272694 41544674139
1791524009 gw-search-role-v1b 270394145 2057498624 2935277729 41544677335
1791524009 gw-search-role-v1a 1042416283 3152371712 2935277729 41544677335
1791524014 gw-search-role-v1b 281087846 2058883072 2935284488 41544678799
1791524014 gw-search-role-v1a 1051054984 3152941056 2935284488 41544678799
1791524020 gw-search-role-v1b 290038271 2058440704 2935290759 41544680809
1791524020 gw-search-role-v1a 1058207856 3153506304 2935290759 41544680809
1791524025 gw-search-role-v1b 297776265 2063982592 2935297337 41544682471
1791524025 gw-search-role-v1a 1065470454 3153457152 2935297337 41544682471
1791524030 gw-search-role-v1b 306634665 2064171008 2935303349 41544684651
1791524030 gw-search-role-v1a 1073105476 3158261760 2935303349 41544684651
1791524035 gw-search-role-v1b 313720420 2062798848 2935309275 41544686929
1791524035 gw-search-role-v1a 1079781071 3154944000 2935309275 41544686929
1791524040 gw-search-role-v1b 321989005 2065211392 2935315546 41544688803
1791524040 gw-search-role-v1a 1088026035 3153858560 2935315546 41544688803
1791524046 gw-search-role-v1b 331187783 2066374656 2935322572 41544689967
1791524046 gw-search-role-v1a 1095459758 3154202624 2935322572 41544689967
1791524051 gw-search-role-v1b 337556708 2063798272 2935328757 41544692013
1791524051 gw-search-role-v1a 1103353932 3153059840 2935328757 41544692013
1791524056 gw-search-role-v1b 347347051 2063802368 2935335682 41544693333
1791524056 gw-search-role-v1a 1111771968 3152912384 2935335682 41544693333
1791524061 gw-search-role-v1b 355995617 2063847424 2935342230 41544694983
1791524061 gw-search-role-v1a 1120159187 3150835712 2935342230 41544694983
1791524066 gw-search-role-v1b 362198857 2064351232 2935347745 41544697649
1791524066 gw-search-role-v1a 1127490288 3151400960 2935347745 41544697649
1791524072 gw-search-role-v1b 364521253 2066825216 2935352282 41544701379
1791524072 gw-search-role-v1a 1129721277 3152850944 2935352282 41544701379
1791524077 gw-search-role-v1b 364546378 2066792448 2935356616 41544705276
1791524077 gw-search-role-v1a 1129766423 3152855040 2935356616 41544705276
1791524082 gw-search-role-v1b 364546833 2066792448 2935361791 41544708309
1791524082 gw-search-role-v1a 1135552355 3154145280 2935361791 41544708309
1791524087 gw-search-role-v1b 364547177 2066792448 2935367552 41544710759
1791524087 gw-search-role-v1a 1142970640 3153272832 2935367552 41544710759
1791524092 gw-search-role-v1b 364547800 2066792448 2935372649 41544713856
1791524092 gw-search-role-v1a 1149997845 3156492288 2935372649 41544713856
1791524097 gw-search-role-v1b 364548067 2066792448 2935378013 41544716682
1791524097 gw-search-role-v1a 1158420002 3153874944 2935378013 41544716682
1791524103 gw-search-role-v1b 364552711 2066812928 2935383211 41544719438
1791524103 gw-search-role-v1a 1166433516 3153154048 2935383211 41544719438
1791524108 gw-search-role-v1b 364553227 2066808832 2935387968 41544722987
1791524108 gw-search-role-v1a 1173201462 3156033536 2935387968 41544722987
1791524113 gw-search-role-v1b 364553532 2066808832 2935392826 41544726310
1791524113 gw-search-role-v1a 1181262624 3156701184 2935392826 41544726310
1791524118 gw-search-role-v1b 364553976 2066808832 2935397823 41544729504
1791524118 gw-search-role-v1a 1188207841 3153522688 2935397823 41544729504
1791524123 gw-search-role-v1b 364555627 2066808832 2935402540 41544732970
1791524123 gw-search-role-v1a 1195709896 3153084416 2935402540 41544732970
1791524129 gw-search-role-v1b 364556056 2066808832 2935407226 41544736519
1791524129 gw-search-role-v1a 1203493648 3157692416 2935407226 41544736519
1791524134 gw-search-role-v1b 364556524 2066808832 2935412094 41544739853
1791524134 gw-search-role-v1a 1210067115 3154001920 2935412094 41544739853
1791524139 gw-search-role-v1b 364556792 2066808832 2935417208 41544742896
1791524139 gw-search-role-v1a 1217153973 3155066880 2935417208 41544742896
1791524144 gw-search-role-v1b 364557661 2066808832 2935420157 41544748160
1791524144 gw-search-role-v1a 1217192126 3155038208 2935420157 41544748160
1791524149 gw-search-role-v1b 364558101 2066808832 2935423405 41544753138
1791524149 gw-search-role-v1a 1217382984 3155623936 2935423405 41544753138
1791524155 gw-search-role-v1b 364558527 2066808832 2935427775 41544756963
1791524155 gw-search-role-v1a 1223686531 3156082688 2935427775 41544756963
1791524160 gw-search-role-v1b 364559022 2066808832 2935432687 41544760345
1791524160 gw-search-role-v1a 1229852467 3155705856 2935432687 41544760345
1791524165 gw-search-role-v1b 364559329 2066808832 2935439012 41544762111
1791524165 gw-search-role-v1a 1234019029 3157184512 2935439012 41544762111
1791524170 gw-search-role-v1b 364559730 2066808832 2935445299 41544764063
1791524170 gw-search-role-v1a 1239455397 3156770816 2935445299 41544764063
1791524175 gw-search-role-v1b 364560020 2066808832 2935451428 41544766167
1791524175 gw-search-role-v1a 1247156621 3152973824 2935451428 41544766167
1791524181 gw-search-role-v1b 364562878 2066812928 2935457076 41544768760
1791524181 gw-search-role-v1a 1252263562 3151335424 2935457076 41544768760
1791524186 gw-search-role-v1b 364563482 2066812928 2935462067 41544772009
1791524186 gw-search-role-v1a 1256837937 3155599360 2935462067 41544772009
1791524191 gw-search-role-v1b 364563742 2066812928 2935466864 41544775414
1791524191 gw-search-role-v1a 1260699999 3152617472 2935466864 41544775414
1791524196 gw-search-role-v1b 364564293 2066812928 2935470932 41544779529
1791524196 gw-search-role-v1a 1266554790 3155935232 2935470932 41544779529
1791524201 gw-search-role-v1b 364564519 2066812928 2935475743 41544782895
1791524201 gw-search-role-v1a 1271643637 3154173952 2935475743 41544782895
1791524207 gw-search-role-v1b 364564907 2066812928 2935480052 41544786826
1791524207 gw-search-role-v1a 1277210840 3152224256 2935480052 41544786826
1791524212 gw-search-role-v1b 364565292 2066812928 2935484608 41544790480
1791524212 gw-search-role-v1a 1280052325 3153530880 2935484608 41544790480
1791524217 gw-search-role-v1b 364565728 2066812928 2935488286 41544794985
1791524217 gw-search-role-v1a 1280068179 3153518592 2935488286 41544794985
1791524222 gw-search-role-v1b 364566185 2066812928 2935492085 41544799362
1791524222 gw-search-role-v1a 1284911116 3152867328 2935492085 41544799362
1791524227 gw-search-role-v1b 364566487 2066812928 2935498604 41544801090
1791524227 gw-search-role-v1a 1300285064 3156418560 2935498604 41544801090
1791524232 gw-search-role-v1b 364566840 2066812928 2935504468 41544803468
1791524232 gw-search-role-v1a 1315250800 3155292160 2935504468 41544803468
1791524238 gw-search-role-v1b 364567116 2066812928 2935509803 41544806327
1791524238 gw-search-role-v1a 1330049148 3155935232 2935509803 41544806327
1791524243 gw-search-role-v1b 364568708 2066812928 2935515033 41544809270
1791524243 gw-search-role-v1a 1344660797 3155255296 2935515033 41544809270
1791524248 gw-search-role-v1b 364569179 2066812928 2935520413 41544812061
1791524248 gw-search-role-v1a 1360649936 3159031808 2935520413 41544812061
1791524253 gw-search-role-v1b 364569489 2066812928 2935526467 41544814223
1791524253 gw-search-role-v1a 1376162165 3156496384 2935526467 41544814223
1791524258 gw-search-role-v1b 364569864 2066812928 2935531891 41544817038
1791524258 gw-search-role-v1a 1391609049 3155582976 2935531891 41544817038
1791524264 gw-search-role-v1b 364570147 2066812928 2935537383 41544819757
1791524264 gw-search-role-v1a 1407007686 3152261120 2935537383 41544819757
1791524269 gw-search-role-v1b 364570634 2066812928 2935542961 41544822420
1791524269 gw-search-role-v1a 1421822618 3153178624 2935542961 41544822420
1791524274 gw-search-role-v1b 364571337 2066812928 2935548434 41544825150
1791524274 gw-search-role-v1a 1437378552 3154288640 2935548434 41544825150
1791524279 gw-search-role-v1b 364571602 2066812928 2935554190 41544827562
1791524279 gw-search-role-v1a 1452183847 3157106688 2935554190 41544827562
1791524284 gw-search-role-v1b 364572021 2066812928 2935558845 41544831088
1791524284 gw-search-role-v1a 1456531971 3154227200 2935558845 41544831088
1791524290 gw-search-role-v1b 364574082 2066812928 2935562065 41544836054
1791524290 gw-search-role-v1a 1456571311 3154178048 2935562065 41544836054
1791524295 gw-search-role-v1b 375681708 2067750912 2935567532 41544838799
1791524295 gw-search-role-v1a 1465953952 3155582976 2935567532 41544838799
1791524300 gw-search-role-v1b 388647431 2073174016 2935574900 41544839731
1791524300 gw-search-role-v1a 1478774739 3159646208 2935574900 41544839731
1791524305 gw-search-role-v1b 402252149 2086498304 2935582170 41544840682
1791524305 gw-search-role-v1a 1491388665 3164114944 2935582170 41544840682
1791524310 gw-search-role-v1b 415428191 2085871616 2935589282 41544841780
1791524310 gw-search-role-v1a 1504322618 3162042368 2935589282 41544841780
1791524316 gw-search-role-v1b 428306827 2092269568 2935596251 41544843014
1791524316 gw-search-role-v1a 1517064112 3160850432 2935596251 41544843014
1791524321 gw-search-role-v1b 441199153 2094985216 2935603311 41544844207
1791524321 gw-search-role-v1a 1530336091 3160887296 2935603311 41544844207
1791524326 gw-search-role-v1b 456251460 2107228160 2935610384 41544845388
1791524326 gw-search-role-v1a 1543462730 3162685440 2935610384 41544845388
1791524331 gw-search-role-v1b 469177822 2110148608 2935617617 41544846399
1791524331 gw-search-role-v1a 1556608935 3166621696 2935617617 41544846399
1791524336 gw-search-role-v1b 481543978 2115031040 2935623596 41544848643
1791524336 gw-search-role-v1a 1568968351 3166412800 2935623596 41544848643
1791524342 gw-search-role-v1b 494178793 2111094784 2935630148 41544850248
1791524342 gw-search-role-v1a 1582931225 3161100288 2935630148 41544850248
1791524347 gw-search-role-v1b 508897075 2110382080 2935636868 41544851927
1791524347 gw-search-role-v1a 1596217681 3160666112 2935636868 41544851927
1791524352 gw-search-role-v1b 520677791 2109526016 2935642103 41544854855
1791524352 gw-search-role-v1a 1607713137 3168944128 2935642103 41544854855
1791524357 gw-search-role-v1b 520745260 2109468672 2935643370 41544861814
1791524357 gw-search-role-v1a 1607767060 3168870400 2935643370 41544861814
1791524362 gw-search-role-v1b 520772339 2109468672 2935644726 41544868699
1791524362 gw-search-role-v1a 1608861995 3162243072 2935644726 41544868699
1791524368 gw-search-role-v1b 520772741 2109468672 2935649524 41544872060
1791524368 gw-search-role-v1a 1623391460 3160293376 2935649524 41544872060
1791524373 gw-search-role-v1b 520773152 2109468672 2935653789 41544875997
1791524373 gw-search-role-v1a 1636261588 3162804224 2935653789 41544875997
1791524378 gw-search-role-v1b 520773416 2109468672 2935658283 41544879676
1791524378 gw-search-role-v1a 1649228631 3167694848 2935658283 41544879676
1791524383 gw-search-role-v1b 520773843 2109464576 2935662855 41544883258
1791524383 gw-search-role-v1a 1661787310 3162398720 2935662855 41544883258
1791524388 gw-search-role-v1b 520774419 2109464576 2935667513 41544886830
1791524388 gw-search-role-v1a 1675680800 3163123712 2935667513 41544886830
1791524394 gw-search-role-v1b 520774887 2109464576 2935671836 41544890691
1791524394 gw-search-role-v1a 1688476291 3161862144 2935671836 41544890691
1791524399 gw-search-role-v1b 520779315 2109468672 2935676212 41544894523
1791524399 gw-search-role-v1a 1701430992 3161628672 2935676212 41544894523
1791524404 gw-search-role-v1b 520779591 2109464576 2935681701 41544896628
1791524404 gw-search-role-v1a 1714106662 3167580160 2935681701 41544896628
1791524409 gw-search-role-v1b 520780080 2109464576 2935686723 41544899754
1791524409 gw-search-role-v1a 1727833631 3163738112 2935686723 41544899754
1791524414 gw-search-role-v1b 520780481 2109460480 2935691372 41544903302
1791524414 gw-search-role-v1a 1741423021 3161665536 2935691372 41544903302
1791524420 gw-search-role-v1b 520780969 2109460480 2935695926 41544906938
1791524420 gw-search-role-v1a 1754209535 3166076928 2935695926 41544906938
1791524425 gw-search-role-v1b 520782657 2109460480 2935698760 41544912284
1791524425 gw-search-role-v1a 1761905912 3165097984 2935698760 41544912284
1791524430 gw-search-role-v1b 520783033 2109460480 2935699647 41544919594
1791524430 gw-search-role-v1a 1761957538 3165040640 2935699647 41544919594
1791524435 gw-search-role-v1b 520783535 2109460480 2935701185 41544926246
1791524435 gw-search-role-v1a 1764677390 3161612288 2935701185 41544926246
1791524440 gw-search-role-v1b 520783857 2109460480 2935705517 41544930101
1791524440 gw-search-role-v1a 1775258660 3166601216 2935705517 41544930101
1791524445 gw-search-role-v1b 520784198 2109460480 2935710065 41544933728
1791524445 gw-search-role-v1a 1784851479 3163381760 2935710065 41544933728
1791524451 gw-search-role-v1b 520784664 2109460480 2935714653 41544937314
1791524451 gw-search-role-v1a 1794244837 3163418624 2935714653 41544937314
1791524456 gw-search-role-v1b 520784928 2109460480 2935718784 41544941342
1791524456 gw-search-role-v1a 1802419812 3161382912 2935718784 41544941342
1791524461 gw-search-role-v1b 520785320 2109460480 2935723039 41544945277
1791524461 gw-search-role-v1a 1812508959 3162628096 2935723039 41544945277
1791524466 gw-search-role-v1b 520785632 2109460480 2935727647 41544948759
1791524466 gw-search-role-v1a 1822554861 3163467776 2935727647 41544948759
1791524471 gw-search-role-v1b 520786029 2109460480 2935732157 41544952402
1791524471 gw-search-role-v1a 1831436095 3161841664 2935732157 41544952402
1791524476 gw-search-role-v1b 520786602 2109460480 2935736353 41544956377
1791524476 gw-search-role-v1a 1841256350 3161227264 2935736353 41544956377
1791524482 gw-search-role-v1b 520787808 2109460480 2935740916 41544959986
1791524482 gw-search-role-v1a 1849874983 3161022464 2935740916 41544959986
1791524487 gw-search-role-v1b 520788257 2109460480 2935745283 41544963821
1791524487 gw-search-role-v1a 1860236695 3162136576 2935745283 41544963821
1791524492 gw-search-role-v1b 520788580 2109460480 2935749547 41544967743
1791524492 gw-search-role-v1a 1869832217 3161714688 2935749547 41544967743
1791524497 gw-search-role-v1b 520789011 2109460480 2935751971 41544973543
1791524497 gw-search-role-v1a 1873285739 3166679040 2935751971 41544973543
1791524502 gw-search-role-v1b 520789464 2109460480 2935752800 41544980927
1791524502 gw-search-role-v1a 1873312586 3166658560 2935752800 41544980927
1791524508 gw-search-role-v1b 520789873 2109460480 2935756090 41544985816
1791524508 gw-search-role-v1a 1882239360 3163316224 2935756090 41544985816
1791524513 gw-search-role-v1b 520790420 2109460480 2935760007 41544990121
1791524513 gw-search-role-v1a 1896941196 3163508736 2935760007 41544990121
1791524518 gw-search-role-v1b 520790673 2109460480 2935763391 41544994941
1791524518 gw-search-role-v1a 1911410904 3163979776 2935763391 41544994941
1791524523 gw-search-role-v1b 520791094 2109460480 2935767559 41544998946
1791524523 gw-search-role-v1a 1926413076 3164336128 2935767559 41544998946
1791524528 gw-search-role-v1b 520791530 2109460480 2935771257 41545003484
1791524528 gw-search-role-v1a 1941870508 3161788416 2935771257 41545003484
1791524534 gw-search-role-v1b 520791847 2109460480 2935775271 41545007662
1791524534 gw-search-role-v1a 1956522377 3163951104 2935775271 41545007662
1791524539 gw-search-role-v1b 520792339 2109460480 2935778964 41545012113
1791524539 gw-search-role-v1a 1971383570 3161071616 2935778964 41545012113
1791524544 gw-search-role-v1b 520793975 2109460480 2935783075 41545016178
1791524544 gw-search-role-v1a 1986293987 3165929472 2935783075 41545016178
1791524549 gw-search-role-v1b 520794421 2109460480 2935786552 41545020851
1791524549 gw-search-role-v1a 2000826651 3166605312 2935786552 41545020851
1791524554 gw-search-role-v1b 520794701 2109460480 2935790671 41545024942
1791524554 gw-search-role-v1a 2016114627 3165364224 2935790671 41545024942
1791524560 gw-search-role-v1b 520795094 2109460480 2935794363 41545029421
1791524560 gw-search-role-v1a 2029820256 3166760960 2935794363 41545029421
1791524565 gw-search-role-v1b 520795565 2109460480 2935798271 41545033684
1791524565 gw-search-role-v1a 2044734190 3166646272 2935798271 41545033684
1791524570 gw-search-role-v1b 520796102 2109460480 2935799374 41545040760
1791524570 gw-search-role-v1a 2045325222 3169120256 2935799374 41545040760
1791524575 gw-search-role-v1b 520800457 2109460480 2935800251 41545048063
1791524575 gw-search-role-v1a 2045360662 3169107968 2935800251 41545048063
1791524580 gw-search-role-v1b 535030167 2111012864 2935805924 41545050627
1791524580 gw-search-role-v1a 2059091009 3163447296 2935805924 41545050627
1791524586 gw-search-role-v1b 548398236 2110033920 2935811856 41545052840
1791524586 gw-search-role-v1a 2072167152 3167137792 2935811856 41545052840
1791524591 gw-search-role-v1b 560886302 2111332352 2935817572 41545055363
1791524591 gw-search-role-v1a 2085176761 3164913664 2935817572 41545055363
1791524596 gw-search-role-v1b 575556710 2111590400 2935823583 41545057582
1791524596 gw-search-role-v1a 2098441228 3168468992 2935823583 41545057582
1791524601 gw-search-role-v1b 588679995 2110111744 2935829400 41545059962
1791524601 gw-search-role-v1a 2111179288 3169312768 2935829400 41545059962
1791524606 gw-search-role-v1b 601365151 2111176704 2935835074 41545062489
1791524606 gw-search-role-v1a 2123932656 3171241984 2935835074 41545062489
1791524612 gw-search-role-v1b 614130754 2113048576 2935841059 41545064756
1791524612 gw-search-role-v1a 2136454579 3168555008 2935841059 41545064756
1791524617 gw-search-role-v1b 627940035 2114248704 2935847482 41545066568
1791524617 gw-search-role-v1a 2149486019 3170062336 2935847482 41545066568
1791524622 gw-search-role-v1b 641241645 2113191936 2935853278 41545068970
1791524622 gw-search-role-v1a 2162447141 3176837120 2935853278 41545068970
1791524627 gw-search-role-v1b 654001472 2113015808 2935859156 41545071288
1791524627 gw-search-role-v1a 2175542962 3190165504 2935859156 41545071288
1791524632 gw-search-role-v1b 668043428 2111488000 2935865347 41545073275
1791524632 gw-search-role-v1a 2188375830 3203395584 2935865347 41545073275
1791524638 gw-search-role-v1b 676862586 2110836736 2935870163 41545076719
1791524638 gw-search-role-v1a 2196660618 3218522112 2935870163 41545076719
1791524643 gw-search-role-v1b 676930281 2110738432 2935870861 41545084271
1791524643 gw-search-role-v1a 2196721651 3218526208 2935870861 41545084271
1791524648 gw-search-role-v1b 676941049 2110742528 2935872738 41545090564
1791524648 gw-search-role-v1a 2199375607 3220467712 2935872738 41545090564
1791524653 gw-search-role-v1b 676941510 2110742528 2935877893 41545093602
1791524653 gw-search-role-v1a 2213391248 3246104576 2935877893 41545093602
1791524658 gw-search-role-v1b 676941818 2110742528 2935882484 41545097196
1791524658 gw-search-role-v1a 2226337150 3260657664 2935882484 41545097196
1791524663 gw-search-role-v1b 676946952 2110742528 2935886857 41545101007
1791524663 gw-search-role-v1a 2238935532 3270803456 2935886857 41545101007
1791524669 gw-search-role-v1b 676947245 2110742528 2935891847 41545104228
1791524669 gw-search-role-v1a 2251501595 3291795456 2935891847 41545104228
1791524674 gw-search-role-v1b 676947675 2110738432 2935896585 41545107691
1791524674 gw-search-role-v1a 2265118954 3303628800 2935896585 41545107691
1791524679 gw-search-role-v1b 676948133 2110738432 2935901425 41545111004
1791524679 gw-search-role-v1a 2277299637 3310903296 2935901425 41545111004
1791524684 gw-search-role-v1b 676948423 2110738432 2935905692 41545114929
1791524684 gw-search-role-v1a 2291766733 3017080832 2935905692 41545114929
1791524689 gw-search-role-v1b 676949210 2110738432 2935910600 41545118228
1791524689 gw-search-role-v1a 2304702901 3123802112 2935910600 41545118228
1791524695 gw-search-role-v1b 676949530 2110738432 2935915993 41545121060
1791524695 gw-search-role-v1a 2318624150 3146440704 2935915993 41545121060
1791524700 gw-search-role-v1b 676949917 2110738432 2935920600 41545124619
1791524700 gw-search-role-v1a 2331395576 3154501632 2935920600 41545124619
1791524705 gw-search-role-v1b 676950360 2110734336 2935925918 41545126783
1791524705 gw-search-role-v1a 2345070469 3168219136 2935925918 41545126783
1791524710 gw-search-role-v1b 676950600 2110734336 2935928582 41545132366
1791524710 gw-search-role-v1a 2350110094 3171233792 2935928582 41545132366
1791524716 gw-search-role-v1b 676950980 2110734336 2935930166 41545139005
1791524716 gw-search-role-v1a 2350154748 3171192832 2935930166 41545139005
1791524721 gw-search-role-v1b 676951396 2110734336 2935934086 41545143244
1791524721 gw-search-role-v1a 2355342847 3173515264 2935934086 41545143244
1791524726 gw-search-role-v1b 676953234 2110734336 2935939551 41545145922
1791524726 gw-search-role-v1a 2364399797 3180572672 2935939551 41545145922
1791524731 gw-search-role-v1b 676953508 2110734336 2935944075 41545149580
1791524731 gw-search-role-v1a 2374347727 3189940224 2935944075 41545149580
1791524736 gw-search-role-v1b 676953927 2110734336 2935948067 41545153759
1791524736 gw-search-role-v1a 2383537831 3192573952 2935948067 41545153759
1791524741 gw-search-role-v1b 676954521 2110734336 2935952543 41545157486
1791524741 gw-search-role-v1a 2393651958 3196665856 2935952543 41545157486
1791524747 gw-search-role-v1b 676954747 2110734336 2935957242 41545160973
1791524747 gw-search-role-v1a 2402619048 3201163264 2935957242 41545160973
1791524752 gw-search-role-v1b 676955318 2110734336 2935961846 41545164570
1791524752 gw-search-role-v1a 2413107461 3204112384 2935961846 41545164570
1791524757 gw-search-role-v1b 676955639 2110734336 2935966141 41545168485
1791524757 gw-search-role-v1a 2422576883 3206451200 2935966141 41545168485
1791524762 gw-search-role-v1b 676956110 2110734336 2935970251 41545172464
1791524762 gw-search-role-v1a 2431214825 3209428992 2935970251 41545172464
1791524767 gw-search-role-v1b 676956462 2110734336 2935975649 41545175244
1791524767 gw-search-role-v1a 2440758134 3211722752 2935975649 41545175244
1791524773 gw-search-role-v1b 676961012 2110738432 2935980487 41545178551
1791524773 gw-search-role-v1a 2450937276 3213697024 2935980487 41545178551
1791524778 gw-search-role-v1b 676961458 2110738432 2935985147 41545182107
1791524778 gw-search-role-v1a 2461285792 3222315008 2935985147 41545182107
1791524783 gw-search-role-v1b 676963145 2110738432 2935986754 41545188697
1791524783 gw-search-role-v1a 2461327195 3222269952 2935986754 41545188697
1791524788 gw-search-role-v1b 676963611 2110738432 2935987842 41545195845
1791524788 gw-search-role-v1a 2461345610 3222274048 2935987842 41545195845
1791524793 gw-search-role-v1b 676963997 2110738432 2935991297 41545200612
1791524793 gw-search-role-v1a 2477910407 3087118336 2935991297 41545200612
1791524799 gw-search-role-v1b 676964338 2110738432 2935995224 41545204838
1791524799 gw-search-role-v1a 2492148424 3132534784 2935995224 41545204838
1791524804 gw-search-role-v1b 676964695 2110738432 2935999224 41545209031
1791524804 gw-search-role-v1a 2507236187 3153100800 2935999224 41545209031
1791524809 gw-search-role-v1b 676965203 2110738432 2936002899 41545213570
1791524809 gw-search-role-v1a 2522142120 3158052864 2936002899 41545213570
1791524814 gw-search-role-v1b 676965576 2110738432 2936006590 41545218028
1791524814 gw-search-role-v1a 2535708132 3156049920 2936006590 41545218028
1791524819 gw-search-role-v1b 676966288 2110738432 2936010743 41545222101
1791524819 gw-search-role-v1a 2550540858 3162218496 2936010743 41545222101
1791524825 gw-search-role-v1b 676966503 2110738432 2936014866 41545226134
1791524825 gw-search-role-v1a 2564713449 3157098496 2936014866 41545226134
1791524830 gw-search-role-v1b 676966889 2110738432 2936018473 41545230712
1791524830 gw-search-role-v1a 2580102028 3162103808 2936018473 41545230712
1791524835 gw-search-role-v1b 676967184 2110738432 2936022055 41545235359
1791524835 gw-search-role-v1a 2595199036 3164528640 2936022055 41545235359
1791524840 gw-search-role-v1b 676967756 2110738432 2936025722 41545239921
1791524840 gw-search-role-v1a 2610064319 3164471296 2936025722 41545239921
1791524845 gw-search-role-v1b 676969153 2110738432 2936029544 41545244266
1791524845 gw-search-role-v1a 2624788289 3167113216 2936029544 41545244266
1791524850 gw-search-role-v1b 676969415 2110738432 2936032480 41545249461
1791524850 gw-search-role-v1a 2636162413 3164610560 2936032480 41545249461
1791524856 gw-search-role-v1b 676969864 2110738432 2936033349 41545256817
1791524856 gw-search-role-v1a 2636214485 3164536832 2936033349 41545256817
1791524861 gw-search-role-v1b 677787020 2111451136 2936034893 41545263464
1791524861 gw-search-role-v1a 2637024326 3166089216 2936034893 41545263464
1791524866 gw-search-role-v1b 693435423 2109771776 2936040702 41545265847
1791524866 gw-search-role-v1a 2650148101 3168776192 2936040702 41545265847
1791524871 gw-search-role-v1b 706479053 2111066112 2936046932 41545267830
1791524871 gw-search-role-v1a 2662604840 3169710080 2936046932 41545267830
1791524876 gw-search-role-v1b 720195203 2109693952 2936053587 41545269436
1791524876 gw-search-role-v1a 2676292531 3169701888 2936053587 41545269436
1791524882 gw-search-role-v1b 733589434 2111320064 2936059914 41545271353
1791524882 gw-search-role-v1a 2689509740 3170635776 2936059914 41545271353
1791524887 gw-search-role-v1b 746945419 2114940928 2936066082 41545273514
1791524887 gw-search-role-v1a 2703560240 3169017856 2936066082 41545273514
1791524892 gw-search-role-v1b 759669944 2115399680 2936072293 41545275567
1791524892 gw-search-role-v1a 2716701623 3168624640 2936072293 41545275567
1791524897 gw-search-role-v1b 773909824 2111483904 2936078475 41545277616
1791524897 gw-search-role-v1a 2729906092 3168739328 2936078475 41545277616
1791524903 gw-search-role-v1b 786778577 2113314816 2936084404 41545279868
1791524903 gw-search-role-v1a 2742204252 3167059968 2936084404 41545279868
1791524908 gw-search-role-v1b 799801228 2114887680 2936089910 41545282566
1791524908 gw-search-role-v1a 2755507578 3169165312 2936089910 41545282566
1791524913 gw-search-role-v1b 812756239 2113556480 2936096094 41545284610
1791524913 gw-search-role-v1a 2768948528 3170418688 2936096094 41545284610
1791524918 gw-search-role-v1b 826402458 2112196608 2936101936 41545286997
1791524918 gw-search-role-v1a 2781532524 3172237312 2936101936 41545286997
1791524923 gw-search-role-v1b 833063560 2113507328 2936105739 41545291391
1791524923 gw-search-role-v1a 2788347906 3171737600 2936105739 41545291391
1791524929 gw-search-role-v1b 833123493 2113425408 2936106980 41545298353
1791524929 gw-search-role-v1a 2788402690 3171655680 2936106980 41545298353
1791524934 gw-search-role-v1b 833126732 2113425408 2936109647 41545303922
1791524934 gw-search-role-v1a 2794168576 3171713024 2936109647 41545303922
1791524939 gw-search-role-v1b 833126945 2113421312 2936114675 41545307096
1791524939 gw-search-role-v1a 2807466590 3168083968 2936114675 41545307096
1791524944 gw-search-role-v1b 833127438 2113421312 2936119573 41545310369
1791524944 gw-search-role-v1a 2820803213 3168280576 2936119573 41545310369
1791524949 gw-search-role-v1b 833127659 2113421312 2936124359 41545313786
1791524949 gw-search-role-v1a 2833217133 3171708928 2936124359 41545313786
1791524955 gw-search-role-v1b 833128077 2113421312 2936128747 41545317569
1791524955 gw-search-role-v1a 2845880360 3170402304 2936128747 41545317569
1791524960 gw-search-role-v1b 833130352 2113417216 2936133624 41545320856
1791524960 gw-search-role-v1a 2857816576 3174793216 2936133624 41545320856
1791524965 gw-search-role-v1b 833132133 2113417216 2936138021 41545324596
1791524965 gw-search-role-v1a 2870678619 3168870400 2936138021 41545324596
1791524970 gw-search-role-v1b 833132558 2113417216 2936142761 41545328049
1791524970 gw-search-role-v1a 2883258524 3174612992 2936142761 41545328049
1791524975 gw-search-role-v1b 833132870 2113417216 2936147663 41545331294
1791524975 gw-search-role-v1a 2896978220 3167694848 2936147663 41545331294
1791524980 gw-search-role-v1b 833133191 2113417216 2936152682 41545334503
1791524980 gw-search-role-v1a 2910663203 3168247808 2936152682 41545334503
1791524986 gw-search-role-v1b 833133655 2113417216 2936157888 41545337488
1791524986 gw-search-role-v1a 2923349905 3170570240 2936157888 41545337488
1791524991 gw-search-role-v1b 833134086 2113413120 2936162419 41545341147
1791524991 gw-search-role-v1a 2936097707 3169550336 2936162419 41545341147
1791524996 gw-search-role-v1b 833134545 2113413120 2936164308 41545347438
1791524996 gw-search-role-v1a 2938153732 3173875712 2936164308 41545347438
1791525001 gw-search-role-v1b 833138187 2113413120 2936165787 41545354083
1791525001 gw-search-role-v1a 2938182246 3173855232 2936165787 41545354083
1791525007 gw-search-role-v1b 833138729 2113413120 2936170840 41545357415
1791525007 gw-search-role-v1a 2949350115 3168620544 2936170840 41545357415
1791525012 gw-search-role-v1b 833139168 2113413120 2936175431 41545361023
1791525012 gw-search-role-v1a 2959625805 3168833536 2936175431 41545361023
1791525017 gw-search-role-v1b 833139459 2113413120 2936179944 41545364739
1791525017 gw-search-role-v1a 2969265074 3167301632 2936179944 41545364739
1791525022 gw-search-role-v1b 833140728 2113413120 2936184855 41545368031
1791525022 gw-search-role-v1a 2978472838 3166232576 2936184855 41545368031
1791525028 gw-search-role-v1b 833140994 2113413120 2936189288 41545371776
1791525028 gw-search-role-v1a 2987637062 3168911360 2936189288 41545371776
1791525033 gw-search-role-v1b 833141522 2113413120 2936193243 41545375974
1791525033 gw-search-role-v1a 2997292505 3170058240 2936193243 41545375974
1791525038 gw-search-role-v1b 833142342 2113413120 2936197752 41545379650
1791525038 gw-search-role-v1a 3006349823 3167453184 2936197752 41545379650
1791525043 gw-search-role-v1b 833142663 2113413120 2936202383 41545383242
1791525043 gw-search-role-v1a 3017677864 3168788480 2936202383 41545383242
1791525048 gw-search-role-v1b 833143125 2113413120 2936206348 41545387468
1791525048 gw-search-role-v1a 3026016364 3171295232 2936206348 41545387468
1791525053 gw-search-role-v1b 833143677 2113413120 2936210474 41545391509
1791525053 gw-search-role-v1a 3034737554 3172536320 2936210474 41545391509
1791525059 gw-search-role-v1b 833144060 2113413120 2936214790 41545395355
1791525059 gw-search-role-v1a 3044330547 3167289344 2936214790 41545395355
1791525064 gw-search-role-v1b 833144511 2113413120 2936218552 41545399711
1791525064 gw-search-role-v1a 3053202041 3169800192 2936218552 41545399711
1791525069 gw-search-role-v1b 833144880 2113413120 2936219490 41545406961
1791525069 gw-search-role-v1a 3053235276 3169746944 2936219490 41545406961
1791525074 gw-search-role-v1b 833145333 2113413120 2936220486 41545414152
1791525074 gw-search-role-v1a 3055954763 3166572544 2936220486 41545414152
1791525079 gw-search-role-v1b 833145664 2113413120 2936224707 41545418153
1791525079 gw-search-role-v1a 3071865633 3167813632 2936224707 41545418153
1791525085 gw-search-role-v1b 833146857 2113413120 2936229028 41545422031
1791525085 gw-search-role-v1a 3087705845 3167043584 2936229028 41545422031
1791525090 gw-search-role-v1b 833147102 2113413120 2936232954 41545426277
1791525090 gw-search-role-v1a 3103481179 3171586048 2936232954 41545426277
1791525095 gw-search-role-v1b 833147533 2113413120 2936236727 41545430683
1791525095 gw-search-role-v1a 3119066246 3168964608 2936236727 41545430683
1791525100 gw-search-role-v1b 833147879 2113413120 2936240614 41545434986
1791525100 gw-search-role-v1a 3135305424 3170467840 2936240614 41545434986
1791525105 gw-search-role-v1b 833148198 2113413120 2936245019 41545438724
1791525105 gw-search-role-v1a 3151019233 3172671488 2936245019 41545438724
1791525110 gw-search-role-v1b 833148724 2113413120 2936249183 41545442756
1791525110 gw-search-role-v1a 3165908433 3168780288 2936249183 41545442756
1791525116 gw-search-role-v1b 833148968 2113413120 2936253095 41545447035
1791525116 gw-search-role-v1a 3181404001 3173249024 2936253095 41545447035
1791525121 gw-search-role-v1b 833149355 2113413120 2936256965 41545451379
1791525121 gw-search-role-v1a 3197407251 3174854656 2936256965 41545451379
1791525126 gw-search-role-v1b 833149679 2113413120 2936261009 41545455615
1791525126 gw-search-role-v1a 3213242328 3168247808 2936261009 41545455615
1791525131 gw-search-role-v1b 833149981 2113413120 2936264567 41545460219
1791525131 gw-search-role-v1a 3227713754 3172298752 2936264567 41545460219
1791525136 gw-search-role-v1b 833150472 2113413120 2936266869 41545466098
1791525136 gw-search-role-v1a 3235814988 3168313344 2936266869 41545466098
1791525142 gw-search-role-v1b 833151913 2113413120 2936267775 41545473372
1791525142 gw-search-role-v1a 3235862568 3168251904 2936267775 41545473372
1791525147 gw-search-role-v1b 838883595 2111762432 2936270281 41545479087
1791525147 gw-search-role-v1a 3241996487 3171381248 2936270281 41545479087
1791525152 gw-search-role-v1b 854478513 2110947328 2936276794 41545480794
1791525152 gw-search-role-v1a 3256736739 3170631680 2936276794 41545480794
1791525157 gw-search-role-v1b 869377303 2109972480 2936283132 41545482704
1791525157 gw-search-role-v1a 3272204563 3170209792 2936283132 41545482704
1791525162 gw-search-role-v1b 883293443 2114240512 2936289263 41545484806
1791525162 gw-search-role-v1a 3286159936 3169525760 2936289263 41545484806
1791525168 gw-search-role-v1b 898286274 2114105344 2936295469 41545486804
1791525168 gw-search-role-v1a 3301067310 3173707776 2936295469 41545486804
1791525173 gw-search-role-v1b 912804256 2117279744 2936302240 41545488264
1791525173 gw-search-role-v1a 3315473068 3169988608 2936302240 41545488264
1791525178 gw-search-role-v1b 927841483 2111586304 2936308568 41545490169
1791525178 gw-search-role-v1a 3330535078 3177500672 2936308568 41545490169
1791525183 gw-search-role-v1b 942216818 2111918080 2936315129 41545491781
1791525183 gw-search-role-v1a 3346099998 3172036608 2936315129 41545491781
1791525188 gw-search-role-v1b 957407165 2113179648 2936321519 41545493609
1791525188 gw-search-role-v1a 3361497604 3168841728 2936321519 41545493609
1791525194 gw-search-role-v1b 972292022 2118619136 2936327914 41545495442
1791525194 gw-search-role-v1a 3375743068 3172347904 2936327914 41545495442
1791525199 gw-search-role-v1b 987138205 2119462912 2936334471 41545497112
1791525199 gw-search-role-v1a 3390630290 3169820672 2936334471 41545497112
1791525204 gw-search-role-v1b 1001987717 2120904704 2936341118 41545498703
1791525204 gw-search-role-v1a 3404598152 3173683200 2936341118 41545498703
1791525209 gw-search-role-v1b 1005836612 2117779456 2936344337 41545503694
1791525209 gw-search-role-v1a 3407739581 3174178816 2936344337 41545503694
1791525214 gw-search-role-v1b 1005885134 2117738496 2936345058 41545511196
1791525214 gw-search-role-v1a 3407780031 3174117376 2936345058 41545511196
1791525220 gw-search-role-v1b 1005885523 2117734400 2936347759 41545516720
1791525220 gw-search-role-v1a 3414833564 3169726464 2936347759 41545516720
1791525225 gw-search-role-v1b 1005886019 2117734400 2936352689 41545520003
1791525225 gw-search-role-v1a 3428354536 3168722944 2936352689 41545520003
1791525230 gw-search-role-v1b 1005886438 2117734400 2936357750 41545523147
1791525230 gw-search-role-v1a 3443919937 3171434496 2936357750 41545523147
1791525235 gw-search-role-v1b 1005886847 2117734400 2936363041 41545526046
1791525235 gw-search-role-v1a 3459367848 3169292288 2936363041 41545526046
1791525240 gw-search-role-v1b 1005887184 2117734400 2936368087 41545529237
1791525240 gw-search-role-v1a 3473800174 3170963456 2936368087 41545529237
1791525246 gw-search-role-v1b 1005887444 2117734400 2936373851 41545531556
1791525246 gw-search-role-v1a 3489105853 3173265408 2936373851 41545531556
1791525251 gw-search-role-v1b 1005887821 2117734400 2936378495 41545535059
1791525251 gw-search-role-v1a 3503361702 3178393600 2936378495 41545535059
1791525256 gw-search-role-v1b 1005888058 2117730304 2936384255 41545537534
1791525256 gw-search-role-v1a 3518860693 3168628736 2936384255 41545537534
1791525261 gw-search-role-v1b 1005893722 2117730304 2936389366 41545540617
1791525261 gw-search-role-v1a 3533601406 3174678528 2936389366 41545540617
1791525266 gw-search-role-v1b 1005894226 2117730304 2936394842 41545543335
1791525266 gw-search-role-v1a 3548723699 3172564992 2936394842 41545543335
1791525272 gw-search-role-v1b 1005894504 2117730304 2936399917 41545546465
1791525272 gw-search-role-v1a 3562414816 3173519360 2936399917 41545546465
1791525277 gw-search-role-v1b 1005894841 2117730304 2936405052 41545549532
1791525277 gw-search-role-v1a 3577519523 3169116160 2936405052 41545549532
1791525282 gw-search-role-v1b 1005895138 2117730304 2936406895 41545555907
1791525282 gw-search-role-v1a 3579529531 3170365440 2936406895 41545555907
1791525287 gw-search-role-v1b 1005895639 2117730304 2936407913 41545563118
1791525287 gw-search-role-v1a 3579579557 3170340864 2936407913 41545563118
1791525292 gw-search-role-v1b 1005896158 2117730304 2936412180 41545567077
1791525292 gw-search-role-v1a 3588741950 3171778560 2936412180 41545567077
1791525298 gw-search-role-v1b 1005896363 2117730304 2936418616 41545568856
1791525298 gw-search-role-v1a 3603986544 3171037184 2936418616 41545568856
1791525303 gw-search-role-v1b 1005896768 2117730304 2936424756 41545570600
1791525303 gw-search-role-v1a 3618504307 3172036608 2936424756 41545570600
1791525308 gw-search-role-v1b 1005897012 2117730304 2936430951 41545572672
1791525308 gw-search-role-v1a 3631779439 3171319808 2936430951 41545572672
1791525313 gw-search-role-v1b 1005897401 2117730304 2936437076 41545574825
1791525313 gw-search-role-v1a 3646434669 3172110336 2936437076 41545574825
1791525318 gw-search-role-v1b 1005897872 2117730304 2936443293 41545576744
1791525318 gw-search-role-v1a 3661091668 3174121472 2936443293 41545576744
1791525324 gw-search-role-v1b 1005899080 2117730304 2936449602 41545578642
1791525324 gw-search-role-v1a 3675275406 3172253696 2936449602 41545578642
1791525329 gw-search-role-v1b 1005899443 2117730304 2936455712 41545580722
1791525329 gw-search-role-v1a 3689671218 3168264192 2936455712 41545580722
1791525334 gw-search-role-v1b 1005899713 2117730304 2936461729 41545582927
1791525334 gw-search-role-v1a 3703991977 3170893824 2936461729 41545582927
1791525339 gw-search-role-v1b 1005900181 2117730304 2936468115 41545584703
1791525339 gw-search-role-v1a 3717623385 3167928320 2936468115 41545584703
1791525344 gw-search-role-v1b 1005900562 2117730304 2936474191 41545586817
1791525344 gw-search-role-v1a 3731468996 3171942400 2936474191 41545586817
1791525350 gw-search-role-v1b 1005903989 2117730304 2936480919 41545588328
1791525350 gw-search-role-v1a 3745899861 3172151296 2936480919 41545588328
1791525355 gw-search-role-v1b 1005910245 2117730304 2936482032 41545595467
1791525355 gw-search-role-v1a 3745985012 3172220928 2936482032 41545595467
1791525360 gw-search-role-v1b 1005910805 2117730304 2936483119 41545602540
1791525360 gw-search-role-v1a 3746009491 3172212736 2936483119 41545602540
1791525365 gw-search-role-v1b 1005911315 2117730304 2936486489 41545607298
1791525365 gw-search-role-v1a 3760321246 3170271232 2936486489 41545607298
1791525370 gw-search-role-v1b 1005911598 2117730304 2936490331 41545611612
1791525370 gw-search-role-v1a 3776031034 3169955840 2936490331 41545611612
1791525376 gw-search-role-v1b 1005912000 2117730304 2936494450 41545615715
1791525376 gw-search-role-v1a 3791824282 3170033664 2936494450 41545615715
1791525381 gw-search-role-v1b 1005913289 2117730304 2936498434 41545619930
1791525381 gw-search-role-v1a 3807579270 3171233792 2936498434 41545619930
1791525386 gw-search-role-v1b 1005913645 2117730304 2936502503 41545624041
1791525386 gw-search-role-v1a 3823132736 3168919552 2936502503 41545624041
1791525391 gw-search-role-v1b 1005914014 2117730304 2936506576 41545628171
1791525391 gw-search-role-v1a 3838189634 3173232640 2936506576 41545628171
1791525396 gw-search-role-v1b 1005914319 2117730304 2936510699 41545632215
1791525396 gw-search-role-v1a 3853824862 3172876288 2936510699 41545632215
1791525402 gw-search-role-v1b 1005914762 2117730304 2936514360 41545636722
1791525402 gw-search-role-v1a 3869567176 3169816576 2936514360 41545636722
1791525407 gw-search-role-v1b 1005915100 2117730304 2936518054 41545641249
1791525407 gw-search-role-v1a 3885189456 3179794432 2936518054 41545641249
1791525412 gw-search-role-v1b 1005915596 2117730304 2936521836 41545645660
1791525412 gw-search-role-v1a 3900016704 3178872832 2936521836 41545645660
1791525417 gw-search-role-v1b 1005915930 2117730304 2936525712 41545649963
1791525417 gw-search-role-v1a 3915561322 3176284160 2936525712 41545649963
1791525422 gw-search-role-v1b 1005916149 2117730304 2936529482 41545654408
1791525422 gw-search-role-v1a 3926958669 3182178304 2936529482 41545654408
1791525427 gw-search-role-v1b 1005916661 2117730304 2936530381 41545661677
1791525427 gw-search-role-v1a 3927010558 3182075904 2936530381 41545661677
1791525433 gw-search-role-v1b 1006686747 2118647808 2936531542 41545668719
1791525433 gw-search-role-v1a 3928336644 3179520000 2936531542 41545668719
1791525438 gw-search-role-v1b 1022523168 2147467264 2936537683 41545670787
1791525438 gw-search-role-v1a 3943181453 3180896256 2936537683 41545670787
1791525443 gw-search-role-v1b 1036946230 2122457088 2936543876 41545672872
1791525443 gw-search-role-v1a 3958763801 3176718336 2936543876 41545672872
1791525448 gw-search-role-v1b 1051092003 2119979008 2936550542 41545674428
1791525448 gw-search-role-v1a 3973473267 3178094592 2936550542 41545674428
1791525453 gw-search-role-v1b 1065548996 2122412032 2936557168 41545675970
1791525453 gw-search-role-v1a 3988688270 3179700224 2936557168 41545675970
1791525459 gw-search-role-v1b 1079556465 2122502144 2936563672 41545677701
1791525459 gw-search-role-v1a 4004151057 3178934272 2936563672 41545677701
1791525464 gw-search-role-v1b 1094829651 2119872512 2936570557 41545679040
1791525464 gw-search-role-v1a 4019547565 3181072384 2936570557 41545679040
1791525469 gw-search-role-v1b 1110547409 2122059776 2936577106 41545680728
1791525469 gw-search-role-v1a 4033416736 3187023872 2936577106 41545680728
1791525474 gw-search-role-v1b 1125074329 2123268096 2936583279 41545682777
1791525474 gw-search-role-v1a 4047824129 3178061824 2936583279 41545682777
1791525479 gw-search-role-v1b 1140089562 2122301440 2936589454 41545684847
1791525479 gw-search-role-v1a 4061871560 3178381312 2936589454 41545684847
1791525485 gw-search-role-v1b 1154496478 2124021760 2936595841 41545686624
1791525485 gw-search-role-v1a 4076528043 3180249088 2936595841 41545686624
1791525490 gw-search-role-v1b 1169818752 2119233536 2936602436 41545688328
1791525490 gw-search-role-v1a 4091336905 3176931328 2936602436 41545688328
1791525495 gw-search-role-v1b 1177535503 2121629696 2936606750 41545692263
1791525495 gw-search-role-v1a 4099523013 3176804352 2936606750 41545692263
1791525500 gw-search-role-v1b 1177596997 2121568256 2936607388 41545699840
1791525500 gw-search-role-v1a 4099570111 3176726528 2936607388 41545699840
1791525505 gw-search-role-v1b 1177604516 2121568256 2936609524 41545705943
1791525505 gw-search-role-v1a 4102736012 3178848256 2936609524 41545705943
1791525511 gw-search-role-v1b 1177604916 2121568256 2936614346 41545709342
1791525511 gw-search-role-v1a 4117798890 3175825408 2936614346 41545709342
1791525516 gw-search-role-v1b 1177605284 2121568256 2936619554 41545712346
1791525516 gw-search-role-v1a 4132656000 3176677376 2936619554 41545712346
1791525521 gw-search-role-v1b 1177605536 2121564160 2936624496 41545715581
1791525521 gw-search-role-v1a 4148277618 3179343872 2936624496 41545715581
1791525526 gw-search-role-v1b 1177606054 2121564160 2936630073 41545718216
1791525526 gw-search-role-v1a 4164038292 3177041920 2936630073 41545718216
1791525531 gw-search-role-v1b 1177606550 2121564160 2936635626 41545720879
1791525531 gw-search-role-v1a 4179192455 3176361984 2936635626 41545720879
1791525537 gw-search-role-v1b 1177606790 2121564160 2936641346 41545723409
1791525537 gw-search-role-v1a 4193979828 3177091072 2936641346 41545723409
1791525542 gw-search-role-v1b 1177607248 2121564160 2936646541 41545726421
1791525542 gw-search-role-v1a 4209119061 3178442752 2936646541 41545726421
1791525547 gw-search-role-v1b 1177607526 2121564160 2936652180 41545729018
1791525547 gw-search-role-v1a 4223936261 3177644032 2936652180 41545729018
1791525552 gw-search-role-v1b 1177607976 2121564160 2936656973 41545732420
1791525552 gw-search-role-v1a 4238091451 3180457984 2936656973 41545732420
1791525557 gw-search-role-v1b 1177608415 2121560064 2936662107 41545735427
1791525557 gw-search-role-v1a 4253409579 3177480192 2936662107 41545735427
1791525563 gw-search-role-v1b 1177613365 2121564160 2936667087 41545738637
1791525563 gw-search-role-v1a 4267573820 3178438656 2936667087 41545738637
1791525568 gw-search-role-v1b 1177613954 2121564160 2936669567 41545744334
1791525568 gw-search-role-v1a 4273362574 3178082304 2936669567 41545744334
1791525573 gw-search-role-v1b 1177614283 2121564160 2936670553 41545751555
1791525573 gw-search-role-v1a 4273403057 3177754624 2936670553 41545751555
1791525578 gw-search-role-v1b 1177614817 2121564160 2936673124 41545757201
1791525578 gw-search-role-v1a 4278912189 3180548096 2936673124 41545757201
1791525583 gw-search-role-v1b 1177615151 2121564160 2936679775 41545758786
1791525583 gw-search-role-v1a 4292918026 3179913216 2936679775 41545758786
1791525589 gw-search-role-v1b 1177615388 2121564160 2936686006 41545760801
1791525589 gw-search-role-v1a 4308147930 3179008000 2936686006 41545760801
1791525594 gw-search-role-v1b 1177616044 2121564160 2936692828 41545762236
1791525594 gw-search-role-v1a 4321497743 3179466752 2936692828 41545762236
1791525599 gw-search-role-v1b 1177616403 2121564160 2936699787 41545763504
1791525599 gw-search-role-v1a 4336602875 3183886336 2936699787 41545763504
1791525604 gw-search-role-v1b 1177616878 2121564160 2936705560 41545764442
1791525604 gw-search-role-v1a 4348604366 3181453312 2936705560 41545764442
1791525610 gw-search-role-v1b 1177617275 2121564160 2936711936 41545765657
1791525610 gw-search-role-v1a 4363125161 3176947712 2936711936 41545765657
1791525615 gw-search-role-v1b 1177617598 2121564160 2936718615 41545767256
1791525615 gw-search-role-v1a 4376942368 3178250240 2936718615 41545767256
1791525620 gw-search-role-v1b 1177618289 2121564160 2936725172 41545768871
1791525620 gw-search-role-v1a 4391540420 3177172992 2936725172 41545768871
1791525625 gw-search-role-v1b 1177620167 2121564160 2936731912 41545770320
1791525625 gw-search-role-v1a 4404449952 3178139648 2936731912 41545770320
1791525631 gw-search-role-v1b 1177620561 2121564160 2936738630 41545771795
1791525631 gw-search-role-v1a 4419690539 3178299392 2936738630 41545771795
1791525636 gw-search-role-v1b 1177620962 2121564160 2936744991 41545773612
1791525636 gw-search-role-v1a 4433920637 3181150208 2936744991 41545773612
1791525641 gw-search-role-v1b 1177621410 2121564160 2936746706 41545780150
1791525641 gw-search-role-v1a 4436414218 3175907328 2936746706 41545780150
1791525646 gw-search-role-v1b 1177622185 2121564160 2936747467 41545787590
1791525646 gw-search-role-v1a 4436437211 3175878656 2936747467 41545787590
1791525651 gw-search-role-v1b 1177622719 2121564160 2936750139 41545793135
1791525651 gw-search-role-v1a 4446966513 3177517056 2936750139 41545793135
1791525656 gw-search-role-v1b 1177623132 2121564160 2936754165 41545797270
1791525656 gw-search-role-v1a 4462927145 3182338048 2936754165 41545797270
1791525662 gw-search-role-v1b 1177623697 2121564160 2936758026 41545801585
1791525662 gw-search-role-v1a 4479886174 3178614784 2936758026 41545801585
1791525667 gw-search-role-v1b 1177624002 2121564160 2936762066 41545805839
1791525667 gw-search-role-v1a 4494537129 3176857600 2936762066 41545805839
1791525672 gw-search-role-v1b 1177624581 2121564160 2936765925 41545810137
1791525672 gw-search-role-v1a 4510417382 3177811968 2936765925 41545810137
1791525677 gw-search-role-v1b 1177625010 2121564160 2936770085 41545814167
1791525677 gw-search-role-v1a 4525559264 3178536960 2936770085 41545814167
1791525683 gw-search-role-v1b 1177628132 2121564160 2936773982 41545818413
1791525683 gw-search-role-v1a 4541612455 3179929600 2936773982 41545818413
1791525688 gw-search-role-v1b 1177628516 2121564160 2936778206 41545822357
1791525688 gw-search-role-v1a 4556821163 3178967040 2936778206 41545822357
1791525693 gw-search-role-v1b 1177628783 2121564160 2936782232 41545826511
1791525693 gw-search-role-v1a 4572701846 3176935424 2936782232 41545826511
1791525698 gw-search-role-v1b 1177629174 2121564160 2936786078 41545830842
1791525698 gw-search-role-v1a 4587017493 3176792064 2936786078 41545830842
1791525703 gw-search-role-v1b 1177629471 2121564160 2936790534 41545834581
1791525703 gw-search-role-v1a 4602994457 3180244992 2936790534 41545834581
1791525708 gw-search-role-v1b 1177629888 2121564160 2936795054 41545838258
1791525708 gw-search-role-v1a 4617289917 3177492480 2936795054 41545838258
1791525714 gw-search-role-v1b 1177630592 2121564160 2936796412 41545845050
1791525714 gw-search-role-v1a 4617340643 3177377792 2936796412 41545845050
1791525719 gw-search-role-v1b 1177637118 2121564160 2936798220 41545851417
1791525719 gw-search-role-v1a 4617366268 3177361408 2936798220 41545851417
1791525724 gw-search-role-v1b 1190810890 2119843840 2936803793 41545853956
1791525724 gw-search-role-v1a 4630888299 3177345024 2936803793 41545853956
1791525729 gw-search-role-v1b 1205486358 2124181504 2936810235 41545855771
1791525729 gw-search-role-v1a 4645833463 3178602496 2936810235 41545855771
1791525734 gw-search-role-v1b 1220737112 2121830400 2936816855 41545857413
1791525734 gw-search-role-v1a 4660864415 3179720704 2936816855 41545857413
1791525740 gw-search-role-v1b 1235896694 2121723904 2936823252 41545859226
1791525740 gw-search-role-v1a 4675586687 3180875776 2936823252 41545859226
1791525745 gw-search-role-v1b 1250298605 2123108352 2936829765 41545860915
1791525745 gw-search-role-v1a 4690234363 3178713088 2936829765 41545860915
1791525750 gw-search-role-v1b 1265311761 2124902400 2936836527 41545862382
1791525750 gw-search-role-v1a 4706125839 3178053632 2936836527 41545862382
1791525755 gw-search-role-v1b 1280481378 2122665984 2936843085 41545864055
1791525755 gw-search-role-v1a 4719962729 3178450944 2936843085 41545864055
1791525760 gw-search-role-v1b 1294758016 2120458240 2936849398 41545865912
1791525760 gw-search-role-v1a 4735127899 3178553344 2936849398 41545865912
1791525766 gw-search-role-v1b 1310138138 2123538432 2936856044 41545867482
1791525766 gw-search-role-v1a 4749197538 3179012096 2936856044 41545867482
1791525771 gw-search-role-v1b 1323800609 2123227136 2936862241 41545869487
1791525771 gw-search-role-v1a 4764583689 3179724800 2936862241 41545869487
1791525776 gw-search-role-v1b 1338898948 2122850304 2936868601 41545871370
1791525776 gw-search-role-v1a 4779375119 3177582592 2936868601 41545871370
1791525781 gw-search-role-v1b 1349718534 2120867840 2936874175 41545874037
1791525781 gw-search-role-v1a 4789596848 3183497216 2936874175 41545874037
1791525786 gw-search-role-v1b 1349769969 2120773632 2936876093 41545880292
1791525786 gw-search-role-v1a 4789642934 3183439872 2936876093 41545880292
1791525792 gw-search-role-v1b 1349790032 2120769536 2936877257 41545887356
1791525792 gw-search-role-v1a 4789656962 3183439872 2936877257 41545887356
1791525797 gw-search-role-v1b 1349794523 2120769536 2936878059 41545894794
1791525797 gw-search-role-v1a 4789661101 3183439872 2936878059 41545894794
1791525802 gw-search-role-v1b 1349801399 2120769536 2936879711 41545901299
1791525802 gw-search-role-v1a 4789667159 3183439872 2936879711 41545901299
1791525807 gw-search-role-v1b 1349807356 2120769536 2936880850 41545908361
1791525807 gw-search-role-v1a 4789672028 3183439872 2936880850 41545908361
1791525812 gw-search-role-v1b 1349814679 2120769536 2936882140 41545915297
1791525812 gw-search-role-v1a 4789676028 3183439872 2936882140 41545915297
1791525818 gw-search-role-v1b 1349821589 2120769536 2936883213 41545922417
1791525818 gw-search-role-v1a 4789681283 3183435776 2936883213 41545922417
1791525823 gw-search-role-v1b 1349825643 2120765440 2936884352 41545929519
1791525823 gw-search-role-v1a 4789685637 3183435776 2936884352 41545929519
1791525828 gw-search-role-v1b 1349830690 2120765440 2936885661 41545936411
1791525828 gw-search-role-v1a 4789690286 3183435776 2936885661 41545936411
1791525833 gw-search-role-v1b 1349836545 2120765440 2936886603 41545943669
1791525833 gw-search-role-v1a 4789694787 3183435776 2936886603 41545943669
1791525838 gw-search-role-v1b 1349840247 2120765440 2936887771 41545950690
1791525838 gw-search-role-v1a 4789697789 3183435776 2936887771 41545950690
1791525844 gw-search-role-v1b 1349845323 2120765440 2936888839 41545957791
1791525844 gw-search-role-v1a 4789709023 3183435776 2936888839 41545957791
1791525849 gw-search-role-v1b 1349850024 2120761344 2936890201 41545964621
1791525849 gw-search-role-v1a 4789713842 3183431680 2936890201 41545964621
1791525854 gw-search-role-v1b 1349855826 2120761344 2936891436 41545971622
1791525854 gw-search-role-v1a 4789719075 3183431680 2936891436 41545971622
1791525859 gw-search-role-v1b 1349866648 2120761344 2936892508 41545978748
1791525859 gw-search-role-v1a 4789723115 3183431680 2936892508 41545978748
1791525864 gw-search-role-v1b 1349877660 2120761344 2936893499 41545985948
1791525864 gw-search-role-v1a 4789727124 3183431680 2936893499 41545985948
1791525870 gw-search-role-v1b 1349882596 2120761344 2936895056 41545992636
1791525870 gw-search-role-v1a 4789732412 3183431680 2936895056 41545992636
1791525875 gw-search-role-v1b 1349887826 2120761344 2936896314 41545999589
1791525875 gw-search-role-v1a 4789736258 3183431680 2936896314 41545999589
1791525880 gw-search-role-v1b 1349894142 2120761344 2936898085 41546005997
1791525880 gw-search-role-v1a 4789742086 3183431680 2936898085 41546005997
1791525885 gw-search-role-v1b 1349900806 2120761344 2936899326 41546012977
1791525885 gw-search-role-v1a 4789747779 3183431680 2936899326 41546012977
1791525890 gw-search-role-v1b 1349905858 2120761344 2936900615 41546019934
1791525890 gw-search-role-v1a 4789753032 3183431680 2936900615 41546019934
1791525896 gw-search-role-v1b 1349911918 2120761344 2936902215 41546026569
1791525896 gw-search-role-v1a 4789757962 3183431680 2936902215 41546026569
1791525901 gw-search-role-v1b 1349916195 2120761344 2936903186 41546033751
1791525901 gw-search-role-v1a 4789762461 3183431680 2936903186 41546033751
1791525906 gw-search-role-v1b 1349923451 2120761344 2936904276 41546040843
1791525906 gw-search-role-v1a 4789772446 3183431680 2936904276 41546040843
1791525911 gw-search-role-v1b 1349929942 2120761344 2936905105 41546048231
1791525911 gw-search-role-v1a 4789778112 3183431680 2936905105 41546048231
1791525916 gw-search-role-v1b 1349934193 2120761344 2936906224 41546055321
1791525916 gw-search-role-v1a 4789781346 3183431680 2936906224 41546055321
1791525921 gw-search-role-v1b 1349941194 2120761344 2936907950 41546061745
1791525921 gw-search-role-v1a 4789790831 3183431680 2936907950 41546061745
1791525927 gw-search-role-v1b 1349944896 2120761344 2936908888 41546069020
1791525927 gw-search-role-v1a 4789794226 3183431680 2936908888 41546069020
1791525932 gw-search-role-v1b 1349950296 2120761344 2936910244 41546075891
1791525932 gw-search-role-v1a 4789799208 3183431680 2936910244 41546075891
1791525937 gw-search-role-v1b 1349956931 2120761344 2936910979 41546083364
1791525937 gw-search-role-v1a 4789810610 3183452160 2936910979 41546083364
1791525942 gw-search-role-v1b 1349960905 2120761344 2936912380 41546090138
1791525942 gw-search-role-v1a 4789814607 3183452160 2936912380 41546090138
1791525947 gw-search-role-v1b 1349967305 2120761344 2936913198 41546097553
1791525947 gw-search-role-v1a 4789820319 3183452160 2936913198 41546097553
1791525953 gw-search-role-v1b 1349972638 2120761344 2936914051 41546104920
1791525953 gw-search-role-v1a 4789824510 3183452160 2936914051 41546104920
1791525958 gw-search-role-v1b 1349981297 2120761344 2936914927 41546112271
1791525958 gw-search-role-v1a 4789831040 3183452160 2936914927 41546112271
1791525963 gw-search-role-v1b 1349987657 2120761344 2936916389 41546118996
1791525963 gw-search-role-v1a 4789836585 3183452160 2936916389 41546118996
1791525968 gw-search-role-v1b 1349999138 2120769536 2936918479 41546125119
1791525968 gw-search-role-v1a 4789841460 3183452160 2936918479 41546125119
1791525973 gw-search-role-v1b 1350006282 2120761344 2936919528 41546132278
1791525973 gw-search-role-v1a 4789847806 3183452160 2936919528 41546132278
1791525979 gw-search-role-v1b 1350011629 2120761344 2936920611 41546139390
1791525979 gw-search-role-v1a 4789852494 3183452160 2936920611 41546139390
1791525984 gw-search-role-v1b 1350019737 2120761344 2936921517 41546146691
1791525984 gw-search-role-v1a 4789858265 3183452160 2936921517 41546146691
1791525989 gw-search-role-v1b 1350023703 2120761344 2936922898 41546153495
1791525989 gw-search-role-v1a 4789862847 3183452160 2936922898 41546153495
1791525994 gw-search-role-v1b 1350030234 2120761344 2936924244 41546160330
1791525994 gw-search-role-v1a 4789866862 3183452160 2936924244 41546160330
1791525999 gw-search-role-v1b 1350035880 2120761344 2936925437 41546167341
1791525999 gw-search-role-v1a 4789871529 3183452160 2936925437 41546167341
1791526004 gw-search-role-v1b 1350042083 2120761344 2936926408 41546174561
1791526004 gw-search-role-v1a 4789876163 3183452160 2936926408 41546174561
1791526010 gw-search-role-v1b 1350048002 2120761344 2936927651 41546181525
1791526010 gw-search-role-v1a 4789881697 3183452160 2936927651 41546181525
1791526015 gw-search-role-v1b 1350053176 2120761344 2936928746 41546188619
1791526015 gw-search-role-v1a 4789886164 3183452160 2936928746 41546188619
1791526020 gw-search-role-v1b 1350059186 2120761344 2936929796 41546195768
1791526020 gw-search-role-v1a 4789891795 3183452160 2936929796 41546195768
1791526025 gw-search-role-v1b 1350065120 2120761344 2936930931 41546202829
1791526025 gw-search-role-v1a 4789897207 3183452160 2936930931 41546202829
1791526030 gw-search-role-v1b 1350069132 2120761344 2936932122 41546209836
1791526030 gw-search-role-v1a 4789901110 3183452160 2936932122 41546209836
1791526036 gw-search-role-v1b 1350076670 2120761344 2936933226 41546216924
1791526036 gw-search-role-v1a 4789907679 3183456256 2936933226 41546216924
1791526041 gw-search-role-v1b 1350081842 2120761344 2936934323 41546224048
1791526041 gw-search-role-v1a 4789910637 3183452160 2936934323 41546224048
1791526046 gw-search-role-v1b 1350088995 2120761344 2936935204 41546231348
1791526046 gw-search-role-v1a 4789916283 3183452160 2936935204 41546231348
1791526051 gw-search-role-v1b 1350094544 2120761344 2936935970 41546238771
1791526051 gw-search-role-v1a 4789921048 3183452160 2936935970 41546238771
1791526056 gw-search-role-v1b 1350098909 2120761344 2936937401 41546245576
1791526056 gw-search-role-v1a 4789925902 3183452160 2936937401 41546245576
1791526062 gw-search-role-v1b 1350106003 2120761344 2936938948 41546252212
1791526062 gw-search-role-v1a 4789930648 3183452160 2936938948 41546252212
1791526067 gw-search-role-v1b 1350111720 2120761344 2936940214 41546259119
1791526067 gw-search-role-v1a 4789934747 3183452160 2936940214 41546259119
1791526072 gw-search-role-v1b 1350117887 2120765440 2936941595 41546265940
1791526072 gw-search-role-v1a 4789940928 3183452160 2936941595 41546265940
1791526077 gw-search-role-v1b 1350123949 2120761344 2936942519 41546273241
1791526077 gw-search-role-v1a 4789946298 3183452160 2936942519 41546273241
1791526082 gw-search-role-v1b 1350129791 2120761344 2936943551 41546280389
1791526082 gw-search-role-v1a 4789950279 3183452160 2936943551 41546280389
1791526087 gw-search-role-v1b 1350135884 2120761344 2936944801 41546287343
1791526087 gw-search-role-v1a 4789957144 3183452160 2936944801 41546287343
1791526093 gw-search-role-v1b 1350140347 2120761344 2936945950 41546294420
1791526093 gw-search-role-v1a 4789960988 3183452160 2936945950 41546294420
1791526098 gw-search-role-v1b 1350146828 2120761344 2936947272 41546301286
1791526098 gw-search-role-v1a 4789968066 3183452160 2936947272 41546301286
1791526103 gw-search-role-v1b 1350153447 2120761344 2936948351 41546308439
1791526103 gw-search-role-v1a 4789973641 3183452160 2936948351 41546308439
1791526108 gw-search-role-v1b 1350158358 2120761344 2936949467 41546315573
1791526108 gw-search-role-v1a 4789980934 3183460352 2936949467 41546315573
1791526114 gw-search-role-v1b 1350165788 2120761344 2936950467 41546322807
1791526114 gw-search-role-v1a 4789987017 3183452160 2936950467 41546322807
1791526119 gw-search-role-v1b 1350171271 2120761344 2936952240 41546329219
1791526119 gw-search-role-v1a 4789991470 3183452160 2936952240 41546329219
1791526124 gw-search-role-v1b 1350182450 2120773632 2936953311 41546336371
1791526124 gw-search-role-v1a 4789998118 3183452160 2936953311 41546336371
1791526129 gw-search-role-v1b 1350187889 2120761344 2936954557 41546343325
1791526129 gw-search-role-v1a 4790003626 3183452160 2936954557 41546343325
1791526134 gw-search-role-v1b 1350193105 2120761344 2936956373 41546349735
1791526134 gw-search-role-v1a 4790007547 3183452160 2936956373 41546349735
1791526139 gw-search-role-v1b 1350199903 2120761344 2936958039 41546356267
1791526139 gw-search-role-v1a 4790012801 3183452160 2936958039 41546356267
1791526145 gw-search-role-v1b 1350205323 2120761344 2936959434 41546363104
1791526145 gw-search-role-v1a 4790018005 3183452160 2936959434 41546363104
1791526150 gw-search-role-v1b 1350207756 2120761344 2936961128 41546369594
1791526150 gw-search-role-v1a 4790023734 3183452160 2936961128 41546369594
1791526155 gw-search-role-v1b 1350208169 2120761344 2936966528 41546372385
1791526155 gw-search-role-v1a 4804248370 3177979904 2936966528 41546372385
1791526160 gw-search-role-v1b 1350210431 2120761344 2936972708 41546374412
1791526160 gw-search-role-v1a 4818718119 3180978176 2936972708 41546374412
1791526165 gw-search-role-v1b 1350211933 2120761344 2936978508 41546376813
1791526165 gw-search-role-v1a 4834021105 3181477888 2936978508 41546376813
1791526171 gw-search-role-v1b 1350212333 2120744960 2936984862 41546378659
1791526171 gw-search-role-v1a 4848581643 3181568000 2936984862 41546378659
1791526176 gw-search-role-v1b 1350212583 2120744960 2936990748 41546381104
1791526176 gw-search-role-v1a 4864023006 3177275392 2936990748 41546381104
1791526181 gw-search-role-v1b 1350213280 2120744960 2936996449 41546383589
1791526181 gw-search-role-v1a 4878634079 3179397120 2936996449 41546383589
1791526186 gw-search-role-v1b 1350213606 2120744960 2937002591 41546385672
1791526186 gw-search-role-v1a 4894197744 3179249664 2937002591 41546385672
1791526191 gw-search-role-v1b 1350214119 2120744960 2937008530 41546387947
1791526191 gw-search-role-v1a 4908619543 3181780992 2937008530 41546387947
1791526197 gw-search-role-v1b 1350214485 2120744960 2937014324 41546390352
1791526197 gw-search-role-v1a 4923466378 3179921408 2937014324 41546390352
1791526202 gw-search-role-v1b 1350214761 2120744960 2937020108 41546392618
1791526202 gw-search-role-v1a 4939462679 3179790336 2937020108 41546392618
1791526208 gw-search-role-v1b 1350215124 2120744960 2937026889 41546394371
1791526208 gw-search-role-v1a 4954653814 3181228032 2937026889 41546394371
1791526213 gw-search-role-v1b 1350215543 2120744960 2937031347 41546398156
1791526213 gw-search-role-v1a 4965386954 3176034304 2937031347 41546398156
1791526218 gw-search-role-v1b 1350215799 2120744960 2937032791 41546404879
1791526218 gw-search-role-v1a 4965426260 3175968768 2937032791 41546404879
1791526223 gw-search-role-v1b 1350217683 2120744960 2937034775 41546411124
1791526223 gw-search-role-v1a 4968876393 3178545152 2937034775 41546411124
1791526228 gw-search-role-v1b 1350217906 2120744960 2937041151 41546412934
1791526228 gw-search-role-v1a 4983018098 3180769280 2937041151 41546412934
1791526233 gw-search-role-v1b 1350218273 2120744960 2937047441 41546414851
1791526233 gw-search-role-v1a 4997630615 3180752896 2937047441 41546414851
1791526239 gw-search-role-v1b 1350218733 2120744960 2937053603 41546416945
1791526239 gw-search-role-v1a 5011531751 3181965312 2937053603 41546416945
1791526244 gw-search-role-v1b 1350218976 2120744960 2937060456 41546418291
1791526244 gw-search-role-v1a 5026868685 3177394176 2937060456 41546418291
1791526249 gw-search-role-v1b 1350219490 2120744960 2937066697 41546420240
1791526249 gw-search-role-v1a 5040798229 3185147904 2937066697 41546420240
1791526254 gw-search-role-v1b 1350219825 2120744960 2937073416 41546421739
1791526254 gw-search-role-v1a 5055195092 3178168320 2937073416 41546421739
1791526259 gw-search-role-v1b 1350220238 2120744960 2937079653 41546423677
1791526259 gw-search-role-v1a 5069511530 3181682688 2937079653 41546423677
1791526265 gw-search-role-v1b 1350220619 2120744960 2937086284 41546425260
1791526265 gw-search-role-v1a 5084697418 3181436928 2937086284 41546425260
1791526270 gw-search-role-v1b 1350220861 2120744960 2937092455 41546427317
1791526270 gw-search-role-v1a 5099467289 3178733568 2937092455 41546427317
1791526275 gw-search-role-v1b 1350221260 2120744960 2937098355 41546429661
1791526275 gw-search-role-v1a 5113492587 3178610688 2937098355 41546429661
1791526280 gw-search-role-v1b 1350221753 2120744960 2937104383 41546431839
1791526280 gw-search-role-v1a 5128284222 3178758144 2937104383 41546431839
1791526286 gw-search-role-v1b 1350223359 2120744960 2937107267 41546437225
1791526286 gw-search-role-v1a 5132672565 3179835392 2937107267 41546437225
1791526291 gw-search-role-v1b 1350223861 2120744960 2937108147 41546444501
1791526291 gw-search-role-v1a 5132724797 3179765760 2937108147 41546444501
1791526296 gw-search-role-v1b 1350224271 2120744960 2937108923 41546451839
1791526296 gw-search-role-v1a 5132730650 3179765760 2937108923 41546451839
1791526301 gw-search-role-v1b 1350224668 2120744960 2937110375 41546458577
1791526301 gw-search-role-v1a 5132734956 3179765760 2937110375 41546458577
1791526306 gw-search-role-v1b 1350225002 2120744960 2937111214 41546465977
1791526306 gw-search-role-v1a 5132740051 3179765760 2937111214 41546465977
1791526311 gw-search-role-v1b 1350225849 2120744960 2937112084 41546473322
1791526311 gw-search-role-v1a 5132745678 3179765760 2937112084 41546473322
1791526317 gw-search-role-v1b 1350226332 2120744960 2937112964 41546480680
1791526317 gw-search-role-v1a 5132749070 3179765760 2937112964 41546480680
1791526322 gw-search-role-v1b 1350226774 2120744960 2937114273 41546487587
1791526322 gw-search-role-v1a 5132755955 3179765760 2937114273 41546487587
1791526327 gw-search-role-v1b 1350227265 2120744960 2937115947 41546494107
1791526327 gw-search-role-v1a 5132763227 3179765760 2937115947 41546494107
1791526332 gw-search-role-v1b 1350227664 2120744960 2937117389 41546500892
1791526332 gw-search-role-v1a 5132768261 3179765760 2937117389 41546500892
1791526337 gw-search-role-v1b 1350228101 2120744960 2937118930 41546507536
1791526337 gw-search-role-v1a 5132774234 3179761664 2937118930 41546507536
1791526343 gw-search-role-v1b 1350230332 2120744960 2937120156 41546514488
1791526343 gw-search-role-v1a 5132777743 3179761664 2937120156 41546514488
1791526348 gw-search-role-v1b 1350230741 2120744960 2937121781 41546521072
1791526348 gw-search-role-v1a 5132782906 3179761664 2937121781 41546521072
1791526353 gw-search-role-v1b 1350231148 2120744960 2937124287 41546526835
1791526353 gw-search-role-v1a 5138100501 3177160704 2937124287 41546526835
1791526358 gw-search-role-v1b 1350231365 2120744960 2937131008 41546528266
1791526358 gw-search-role-v1a 5153932805 3182444544 2937131008 41546528266
1791526363 gw-search-role-v1b 1350231785 2120744960 2937137628 41546529868
1791526363 gw-search-role-v1a 5169476917 3181285376 2937137628 41546529868
1791526369 gw-search-role-v1b 1350232079 2120744960 2937144091 41546531619
1791526369 gw-search-role-v1a 5184667336 3179659264 2937144091 41546531619
1791526374 gw-search-role-v1b 1350232734 2120744960 2937150832 41546533110
1791526374 gw-search-role-v1a 5200132689 3177840640 2937150832 41546533110
1791526379 gw-search-role-v1b 1350233209 2120744960 2937157425 41546534722
1791526379 gw-search-role-v1a 5215566050 3179294720 2937157425 41546534722
1791526384 gw-search-role-v1b 1350233524 2120744960 2937164170 41546536106
1791526384 gw-search-role-v1a 5230359393 3176660992 2937164170 41546536106
1791526389 gw-search-role-v1b 1350233967 2120744960 2937170763 41546537751
1791526389 gw-search-role-v1a 5245613144 3179053056 2937170763 41546537751
1791526395 gw-search-role-v1b 1350234308 2120744960 2937177782 41546538973
1791526395 gw-search-role-v1a 5260308420 3180150784 2937177782 41546538973
1791526400 gw-search-role-v1b 1350240669 2120749056 2937184292 41546540644
1791526400 gw-search-role-v1a 5275713434 3180818432 2937184292 41546540644
1791526405 gw-search-role-v1b 1350243576 2120749056 2937190989 41546542211
1791526405 gw-search-role-v1a 5290504195 3178065920 2937190989 41546542211
1791526410 gw-search-role-v1b 1350243808 2120749056 2937197754 41546543663
1791526410 gw-search-role-v1a 5305830577 3179483136 2937197754 41546543663
1791526415 gw-search-role-v1b 1350244345 2120749056 2937200805 41546548808
1791526415 gw-search-role-v1a 5309873926 3180351488 2937200805 41546548808
1791526421 gw-search-role-v1b 1350244684 2120749056 2937201834 41546555960
1791526421 gw-search-role-v1a 5309918210 3180269568 2937201834 41546555960
1791526426 gw-search-role-v1b 1350245255 2120749056 2937203663 41546562359
1791526426 gw-search-role-v1a 5313147577 3178283008 2937203663 41546562359
1791526431 gw-search-role-v1b 1350245890 2120749056 2937210460 41546563766
1791526431 gw-search-role-v1a 5329131560 3177099264 2937210460 41546563766
1791526436 gw-search-role-v1b 1350246120 2120749056 2937217245 41546565173
1791526436 gw-search-role-v1a 5344339278 3180736512 2937217245 41546565173
1791526441 gw-search-role-v1b 1350246954 2120749056 2937224516 41546566073
1791526441 gw-search-role-v1a 5359110087 3180367872 2937224516 41546566073
1791526447 gw-search-role-v1b 1350247337 2120749056 2937231966 41546566942
1791526447 gw-search-role-v1a 5373605059 3182821376 2937231966 41546566942
1791526452 gw-search-role-v1b 1350247552 2120749056 2937239144 41546568067
1791526452 gw-search-role-v1a 5388063533 3176620032 2937239144 41546568067
1791526457 gw-search-role-v1b 1350247951 2120749056 2937245555 41546569798
1791526457 gw-search-role-v1a 5402199674 3182202880 2937245555 41546569798
1791526462 gw-search-role-v1b 1350252733 2120749056 2937252490 41546571049
1791526462 gw-search-role-v1a 5418213010 3179782144 2937252490 41546571049
1791526468 gw-search-role-v1b 1350253315 2120749056 2937259264 41546572475
1791526468 gw-search-role-v1a 5433509233 3186843648 2937259264 41546572475
1791526473 gw-search-role-v1b 1350253570 2120749056 2937265943 41546574003
1791526473 gw-search-role-v1a 5448961015 3177201664 2937265943 41546574003
1791526478 gw-search-role-v1b 1350254022 2120749056 2937272357 41546575760
1791526478 gw-search-role-v1a 5462814321 3181154304 2937272357 41546575760
1791526483 gw-search-role-v1b 1350254404 2120749056 2937278928 41546577410
1791526483 gw-search-role-v1a 5477419660 3178401792 2937278928 41546577410
1791526488 gw-search-role-v1b 1350254692 2120749056 2937282870 41546581707
1791526488 gw-search-role-v1a 5484003603 3179683840 2937282870 41546581707
1791526493 gw-search-role-v1b 1350255258 2120749056 2937283773 41546589003
1791526493 gw-search-role-v1a 5484052897 3179618304 2937283773 41546589003
1791526499 gw-search-role-v1b 1350255585 2120749056 2937286317 41546594661
1791526499 gw-search-role-v1a 5489209522 3178541056 2937286317 41546594661
1791526504 gw-search-role-v1b 1350256326 2120749056 2937292674 41546595702
1791526504 gw-search-role-v1a 5503801441 3179954176 2937292674 41546595702
1791526509 gw-search-role-v1b 1350256741 2120749056 2937299708 41546596905
1791526509 gw-search-role-v1a 5517819107 3186884608 2937299708 41546596905
1791526515 gw-search-role-v1b 1350257016 2120749056 2937306193 41546598640
1791526515 gw-search-role-v1a 5531572809 3180654592 2937306193 41546598640
1791526520 gw-search-role-v1b 1350257530 2120749056 2937313042 41546599963
1791526520 gw-search-role-v1a 5543296936 3177345024 2937313042 41546599963
1791526525 gw-search-role-v1b 1350259521 2120749056 2937320376 41546600828
1791526525 gw-search-role-v1a 5556274502 3178766336 2937320376 41546600828
1791526530 gw-search-role-v1b 1350259773 2120749056 2937327632 41546601760
1791526530 gw-search-role-v1a 5570421634 3181510656 2937327632 41546601760
1791526535 gw-search-role-v1b 1350260233 2120749056 2937334271 41546603338
1791526535 gw-search-role-v1a 5585631091 3178917888 2937334271 41546603338
1791526540 gw-search-role-v1b 1350260457 2120749056 2937340766 41546604991
1791526540 gw-search-role-v1a 5600499831 3179814912 2937340766 41546604991
1791526546 gw-search-role-v1b 1350260795 2120749056 2937347488 41546606455
1791526546 gw-search-role-v1a 5615331630 3178209280 2937347488 41546606455
1791526551 gw-search-role-v1b 1350261291 2120749056 2937353670 41546608419
1791526551 gw-search-role-v1a 5630154007 3180429312 2937353670 41546608419
1791526556 gw-search-role-v1b 1350261725 2120749056 2937360445 41546609838
1791526556 gw-search-role-v1a 5644316655 3151134720 2937360445 41546609838
1791526561 gw-search-role-v1b 1350262170 2120749056 2937363086 41546615385
1791526561 gw-search-role-v1a 5647749762 3126132736 2937363086 41546615385
1791526566 gw-search-role-v1b 1350262397 2120749056 2937364479 41546622274
1791526566 gw-search-role-v1a 5647797351 2993377280 2937364479 41546622274
1791526572 gw-search-role-v1b 1350262832 2120749056 2937366137 41546628829
1791526572 gw-search-role-v1a 5647811289 2974236672 2937366137 41546628829
1791526577 gw-search-role-v1b 1350263261 2120749056 2937367874 41546635311
1791526577 gw-search-role-v1a 5647815358 2962178048 2937367874 41546635311
1791526582 gw-search-role-v1b 1350266204 2120749056 2937372429 41546638779
1791526582 gw-search-role-v1a 5657375796 2929147904 2937372429 41546638779
1791526587 gw-search-role-v1b 1350266607 2120749056 2937377016 41546642353
1791526587 gw-search-role-v1a 5664467599 2926567424 2937377016 41546642353
1791526592 gw-search-role-v1b 1350266895 2120749056 2937380718 41546646891
1791526592 gw-search-role-v1a 5670999562 2929594368 2937380718 41546646891
1791526598 gw-search-role-v1b 1350267304 2120749056 2937384245 41546651580
1791526598 gw-search-role-v1a 5678645626 2930073600 2937384245 41546651580
1791526603 gw-search-role-v1b 1350267543 2120749056 2937387721 41546656254
1791526603 gw-search-role-v1a 5685594307 2928377856 2937387721 41546656254
1791526608 gw-search-role-v1b 1350267909 2120749056 2937391399 41546660739
1791526608 gw-search-role-v1a 5696821068 2929106944 2937391399 41546660739
1791526613 gw-search-role-v1b 1350268388 2120749056 2937395351 41546664966
1791526613 gw-search-role-v1a 5710142530 2915811328 2937395351 41546664966
1791526618 gw-search-role-v1b 1350268701 2120749056 2937400173 41546668302
1791526618 gw-search-role-v1a 5724096012 2869075968 2937400173 41546668302
1791526624 gw-search-role-v1b 1350269193 2120749056 2937404734 41546671721
1791526624 gw-search-role-v1a 5736476820 2823843840 2937404734 41546671721
1791526629 gw-search-role-v1b 1350269482 2120749056 2937409273 41546675246
1791526629 gw-search-role-v1a 5750938381 2766626816 2937409273 41546675246
1791526634 gw-search-role-v1b 1350269936 2120749056 2937413976 41546678595
1791526634 gw-search-role-v1a 5763243400 2689699840 2937413976 41546678595
1791526639 gw-search-role-v1b 1350274224 2120744960 2937418171 41546682439
1791526639 gw-search-role-v1a 5772722511 2659618816 2937418171 41546682439
1791526644 gw-search-role-v1b 1350276479 2120744960 2937420024 41546688607
1791526644 gw-search-role-v1a 5772776250 2615767040 2937420024 41546688607
1791526650 gw-search-role-v1b 1350276974 2120744960 2937421977 41546694664
1791526650 gw-search-role-v1a 5772785762 2578804736 2937421977 41546694664
1791526655 gw-search-role-v1b 1350277378 2120744960 2937423646 41546701123
1791526655 gw-search-role-v1a 5772791395 2576707584 2937423646 41546701123
1791526660 gw-search-role-v1b 1350278024 2120744960 2937425712 41546707112
1791526660 gw-search-role-v1a 5772796381 2576703488 2937425712 41546707112
1791526665 gw-search-role-v1b 1350278574 2120744960 2937427352 41546713531
1791526665 gw-search-role-v1a 5772802041 2576707584 2937427352 41546713531
1791526670 gw-search-role-v1b 1350279036 2120744960 2937429337 41546719645
1791526670 gw-search-role-v1a 5772805565 2576703488 2937429337 41546719645
1791526675 gw-search-role-v1b 1350279494 2120744960 2937431341 41546725680
1791526675 gw-search-role-v1a 5772812898 2576703488 2937431341 41546725680
1791526681 gw-search-role-v1b 1350279861 2120744960 2937432881 41546732186
1791526681 gw-search-role-v1a 5772816461 2576703488 2937432881 41546732186
1791526686 gw-search-role-v1b 1350280326 2120744960 2937434901 41546738222
1791526686 gw-search-role-v1a 5772823871 2576703488 2937434901 41546738222
1791526691 gw-search-role-v1b 1350280871 2120744960 2937436741 41546744455
1791526691 gw-search-role-v1a 5772828325 2576703488 2937436741 41546744455
1791526696 gw-search-role-v1b 1350281277 2120744960 2937438720 41546750567
1791526696 gw-search-role-v1a 5772832205 2576703488 2937438720 41546750567
1791526701 gw-search-role-v1b 1350283598 2120744960 2937440222 41546757114
1791526701 gw-search-role-v1a 5772836945 2576699392 2937440222 41546757114
1791526707 gw-search-role-v1b 1350283897 2120744960 2937442076 41546763293
1791526707 gw-search-role-v1a 5772846535 2576699392 2937442076 41546763293
1791526712 gw-search-role-v1b 1350284373 2120744960 2937443726 41546769700
1791526712 gw-search-role-v1a 5772851220 2531872768 2937443726 41546769700
1791526717 gw-search-role-v1b 1350284725 2120744960 2937445460 41546775994
1791526717 gw-search-role-v1a 5772856848 2417840128 2937445460 41546775994
1791526722 gw-search-role-v1b 1350285247 2120744960 2937447835 41546781621
1791526722 gw-search-role-v1a 5772866053 2192433152 2937447835 41546781621
1791526727 gw-search-role-v1b 1350285805 2120744960 2937449452 41546788161
1791526727 gw-search-role-v1a 5772872426 2192437248 2937449452 41546788161
1791526732 gw-search-role-v1b 1350286250 2120744960 2937450965 41546794802
1791526732 gw-search-role-v1a 5772876304 2192437248 2937450965 41546794802
1791526738 gw-search-role-v1b 1350286769 2120744960 2937452233 41546801683
1791526738 gw-search-role-v1a 5772881191 2192433152 2937452233 41546801683
1791526743 gw-search-role-v1b 1350287064 2120744960 2937453073 41546809020
1791526743 gw-search-role-v1a 5772891542 2192433152 2937453073 41546809020
1791526748 gw-search-role-v1b 1350287585 2120744960 2937454488 41546815846
1791526748 gw-search-role-v1a 5772898199 2192433152 2937454488 41546815846
1791526753 gw-search-role-v1b 1350288262 2120744960 2937455198 41546823341
1791526753 gw-search-role-v1a 5772903421 2192433152 2937455198 41546823341
1791526758 gw-search-role-v1b 1350288569 2120744960 2937456758 41546830024
1791526758 gw-search-role-v1a 5772907089 2192433152 2937456758 41546830024
1791526764 gw-search-role-v1b 1350295793 2120744960 2937457680 41546837286
1791526764 gw-search-role-v1a 5772912373 2192433152 2937457680 41546837286
1791526769 gw-search-role-v1b 1350296098 2120744960 2937459125 41546844017
1791526769 gw-search-role-v1a 5772915683 2192433152 2937459125 41546844017
1791526774 gw-search-role-v1b 1350296653 2120744960 2937460327 41546850974
1791526774 gw-search-role-v1a 5772920623 2192433152 2937460327 41546850974
1791526779 gw-search-role-v1b 1350296965 2120744960 2937461047 41546858431
1791526779 gw-search-role-v1a 5772925859 2192433152 2937461047 41546858431
1791526784 gw-search-role-v1b 1350297455 2120744960 2937462116 41546865545
1791526784 gw-search-role-v1a 5772929823 2192433152 2937462116 41546865545
1791526789 gw-search-role-v1b 1350298134 2120744960 2937463679 41546872158
1791526789 gw-search-role-v1a 5772934917 2192437248 2937463679 41546872158
1791526795 gw-search-role-v1b 1350298528 2120744960 2937465523 41546878507
1791526795 gw-search-role-v1a 5772938773 2192433152 2937465523 41546878507
1791526800 gw-search-role-v1b 1350299444 2120744960 2937466920 41546885287
1791526800 gw-search-role-v1a 5772944626 2192433152 2937466920 41546885287
1791526805 gw-search-role-v1b 1350299807 2120744960 2937468581 41546891556
1791526805 gw-search-role-v1a 5772950579 2192437248 2937468581 41546891556
1791526810 gw-search-role-v1b 1350301531 2120744960 2937469730 41546898620
1791526810 gw-search-role-v1a 5772955645 2192433152 2937469730 41546898620
1791526815 gw-search-role-v1b 1350301928 2120744960 2937470590 41546905941
1791526815 gw-search-role-v1a 5772961208 2192433152 2937470590 41546905941
1791526820 gw-search-role-v1b 1350302363 2120744960 2937471867 41546912836
1791526820 gw-search-role-v1a 5772965116 2192433152 2937471867 41546912836
1791526826 gw-search-role-v1b 1350303992 2120744960 2937472948 41546919982
1791526826 gw-search-role-v1a 5772969716 2192433152 2937472948 41546919982
1791526831 gw-search-role-v1b 1350304352 2120744960 2937474053 41546927073
1791526831 gw-search-role-v1a 5772974763 2192691200 2937474053 41546927073
1791526836 gw-search-role-v1b 1350304818 2120744960 2937475509 41546933846
1791526836 gw-search-role-v1a 5772983241 2192441344 2937475509 41546933846
1791526841 gw-search-role-v1b 1350305471 2120744960 2937476875 41546940732
1791526841 gw-search-role-v1a 5772990193 2192441344 2937476875 41546940732
1791526847 gw-search-role-v1b 1350305882 2120744960 2937477727 41546948115
1791526847 gw-search-role-v1a 5772994667 2192441344 2937477727 41546948115
1791526852 gw-search-role-v1b 1350306563 2120744960 2937478789 41546955279
1791526852 gw-search-role-v1a 5772999962 2192441344 2937478789 41546955279
1791526857 gw-search-role-v1b 1350306944 2120744960 2937479850 41546962436
1791526857 gw-search-role-v1a 5773006626 2192441344 2937479850 41546962436
1791526862 gw-search-role-v1b 1350307539 2120744960 2937480928 41546969610
1791526862 gw-search-role-v1a 5773011786 2192441344 2937480928 41546969610
1791526867 gw-search-role-v1b 1350307985 2120744960 2937482074 41546976686
1791526867 gw-search-role-v1a 5773018873 2192441344 2937482074 41546976686
1791526873 gw-search-role-v1b 1350308381 2120744960 2937483260 41546983711
1791526873 gw-search-role-v1a 5773023913 2192441344 2937483260 41546983711
1791526878 gw-search-role-v1b 1350308880 2120744960 2937485543 41546989629
1791526878 gw-search-role-v1a 5773030080 2192441344 2937485543 41546989629
1791526883 gw-search-role-v1b 1350310533 2120744960 2937486282 41546997120
1791526883 gw-search-role-v1a 5773036859 2192441344 2937486282 41546997120
1791526888 gw-search-role-v1b 1350311036 2120744960 2937487531 41547004080
1791526888 gw-search-role-v1a 5773041469 2192441344 2937487531 41547004080
1791526893 gw-search-role-v1b 1350311591 2120744960 2937488441 41547011411
1791526893 gw-search-role-v1a 5773046290 2192441344 2937488441 41547011411
1791526899 gw-search-role-v1b 1350311867 2120744960 2937489491 41547018551
1791526899 gw-search-role-v1a 5773050898 2192441344 2937489491 41547018551
1791526904 gw-search-role-v1b 1350312366 2120744960 2937490876 41547025392
1791526904 gw-search-role-v1a 5773055486 2192441344 2937490876 41547025392
1791526909 gw-search-role-v1b 1350312860 2120744960 2937491974 41547032440
1791526909 gw-search-role-v1a 5773058621 2192441344 2937491974 41547032440
1791526914 gw-search-role-v1b 1350313245 2120744960 2937492710 41547039863
1791526914 gw-search-role-v1a 5773064102 2192441344 2937492710 41547039863
1791526919 gw-search-role-v1b 1350313533 2120744960 2937493687 41547047038
1791526919 gw-search-role-v1a 5773068790 2192441344 2937493687 41547047038
1791526924 gw-search-role-v1b 1350318914 2120753152 2937494892 41547053918
1791526924 gw-search-role-v1a 5773072640 2192441344 2937494892 41547053918
1791526929 gw-search-role-v1b 1350319565 2120753152 2937496089 41547060883
1791526929 gw-search-role-v1a 5773078413 2192441344 2937496089 41547060883
1791526935 gw-search-role-v1b 1350319894 2120753152 2937497061 41547068113
1791526935 gw-search-role-v1a 5773081863 2192441344 2937497061 41547068113
1791526940 gw-search-role-v1b 1350320618 2120753152 2937497840 41547075524
1791526940 gw-search-role-v1a 5773086554 2192441344 2937497840 41547075524
1791526945 gw-search-role-v1b 1350321868 2120753152 2937499022 41547082503
1791526945 gw-search-role-v1a 5773091618 2192441344 2937499022 41547082503
1791526950 gw-search-role-v1b 1350322294 2120753152 2937500087 41547089611
1791526950 gw-search-role-v1a 5773095597 2192441344 2937500087 41547089611
1791526955 gw-search-role-v1b 1350322681 2120753152 2937501851 41547096006
1791526955 gw-search-role-v1a 5773100215 2192441344 2937501851 41547096006
1791526960 gw-search-role-v1b 1350322973 2120753152 2937503338 41547102652
1791526960 gw-search-role-v1a 5773104940 2192441344 2937503338 41547102652
1791526966 gw-search-role-v1b 1350323435 2120753152 2937504038 41547110150
1791526966 gw-search-role-v1a 5773111486 2192441344 2937504038 41547110150
1791526971 gw-search-role-v1b 1350323935 2120753152 2937505178 41547117172
1791526971 gw-search-role-v1a 5773114698 2192441344 2937505178 41547117172
1791526976 gw-search-role-v1b 1350324345 2120753152 2937506962 41547123547
1791526976 gw-search-role-v1a 5773118723 2192441344 2937506962 41547123547
1791526981 gw-search-role-v1b 1350324565 2120753152 2937508255 41547130432
1791526981 gw-search-role-v1a 5773124130 2192441344 2937508255 41547130432
1791526986 gw-search-role-v1b 1350324966 2120753152 2937509483 41547137402
1791526986 gw-search-role-v1a 5773128422 2192441344 2937509483 41547137402
1791526991 gw-search-role-v1b 1350325483 2120753152 2937510335 41547144742
1791526991 gw-search-role-v1a 5773133699 2192441344 2937510335 41547144742
1791526997 gw-search-role-v1b 1350325840 2120753152 2937511204 41547152114
1791526997 gw-search-role-v1a 5773137180 2192441344 2937511204 41547152114
1791527002 gw-search-role-v1b 1350327371 2120753152 2937512496 41547158993
1791527002 gw-search-role-v1a 5773143720 2192441344 2937512496 41547158993
1791527007 gw-search-role-v1b 1350327815 2120753152 2937513955 41547165735
1791527007 gw-search-role-v1a 5773150932 2192441344 2937513955 41547165735
1791527012 gw-search-role-v1b 1350328249 2120753152 2937515353 41547172549
1791527012 gw-search-role-v1a 5773159563 2192441344 2937515353 41547172549
1791527017 gw-search-role-v1b 1350328902 2120753152 2937516177 41547179950
1791527017 gw-search-role-v1a 5773166479 2192441344 2937516177 41547179950
1791527023 gw-search-role-v1b 1350329249 2120753152 2937517177 41547187194
1791527023 gw-search-role-v1a 5773170791 2192441344 2937517177 41547187194
1791527028 gw-search-role-v1b 1350329809 2120753152 2937518296 41547194282
1791527028 gw-search-role-v1a 5773176684 2192441344 2937518296 41547194282
1791527033 gw-search-role-v1b 1350330422 2120753152 2937519108 41547201698
1791527033 gw-search-role-v1a 5773183644 2192441344 2937519108 41547201698
1791527038 gw-search-role-v1b 1350330862 2120753152 2937520168 41547208911
1791527038 gw-search-role-v1a 5773187358 2192441344 2937520168 41547208911
1791527044 gw-search-role-v1b 1350331299 2120753152 2937521289 41547216025
1791527044 gw-search-role-v1a 5773196174 2192441344 2937521289 41547216025
1791527049 gw-search-role-v1b 1350331586 2120753152 2937522314 41547223185
1791527049 gw-search-role-v1a 5773202929 2192441344 2937522314 41547223185
1791527054 gw-search-role-v1b 1350332166 2120753152 2937523437 41547230282
1791527054 gw-search-role-v1a 5773217507 2192441344 2937523437 41547230282
1791527059 gw-search-role-v1b 1350335740 2120753152 2937524514 41547237466
1791527059 gw-search-role-v1a 5773223281 2192441344 2937524514 41547237466
1791527064 gw-search-role-v1b 1350337219 2120753152 2937525863 41547244324
1791527064 gw-search-role-v1a 5773226800 2192441344 2937525863 41547244324
1791527070 gw-search-role-v1b 1350337633 2120753152 2937527097 41547251298
1791527070 gw-search-role-v1a 5773233576 2192441344 2937527097 41547251298
1791527075 gw-search-role-v1b 1350341190 2120744960 2937528089 41547258496
1791527075 gw-search-role-v1a 5773238336 2192441344 2937528089 41547258496
1791527080 gw-search-role-v1b 1350341598 2120744960 2937529123 41547265711
1791527080 gw-search-role-v1a 5773244710 2192441344 2937529123 41547265711
1791527085 gw-search-role-v1b 1350341947 2120744960 2937530030 41547273035
1791527085 gw-search-role-v1a 5773250923 2192441344 2937530030 41547273035
1791527090 gw-search-role-v1b 1350342577 2120744960 2937531398 41547279881
1791527090 gw-search-role-v1a 5773254285 2192441344 2937531398 41547279881
1791527096 gw-search-role-v1b 1350343035 2120744960 2937532661 41547286817
1791527096 gw-search-role-v1a 5773259370 2192441344 2937532661 41547286817
1791527101 gw-search-role-v1b 1350343425 2120744960 2937533807 41547293861
1791527101 gw-search-role-v1a 5773262791 2192441344 2937533807 41547293861
1791527106 gw-search-role-v1b 1350343913 2120744960 2937535085 41547300816
1791527106 gw-search-role-v1a 5773269126 2192441344 2937535085 41547300816
1791527111 gw-search-role-v1b 1350344191 2120744960 2937536703 41547307370
1791527111 gw-search-role-v1a 5773275030 2192441344 2937536703 41547307370
1791527116 gw-search-role-v1b 1350344611 2120744960 2937538228 41547314024
1791527116 gw-search-role-v1a 5773279016 2192441344 2937538228 41547314024
1791527122 gw-search-role-v1b 1350346417 2120744960 2937538950 41547321493
1791527122 gw-search-role-v1a 5773285205 2192441344 2937538950 41547321493
1791527127 gw-search-role-v1b 1350346747 2120744960 2937539984 41547328674
1791527127 gw-search-role-v1a 5773289278 2192441344 2937539984 41547328674
1791527132 gw-search-role-v1b 1350347210 2120744960 2937541163 41547335673
1791527132 gw-search-role-v1a 5773297725 2192441344 2937541163 41547335673
1791527137 gw-search-role-v1b 1350347547 2120744960 2937542874 41547342166
1791527137 gw-search-role-v1a 5773304935 2192441344 2937542874 41547342166
1791527142 gw-search-role-v1b 1350347990 2120744960 2937543777 41547349500
1791527142 gw-search-role-v1a 5773309380 2192441344 2937543777 41547349500
1791527147 gw-search-role-v1b 1350348418 2120744960 2937544484 41547357057
1791527147 gw-search-role-v1a 5773318988 2192441344 2937544484 41547357057
1791527153 gw-search-role-v1b 1350348841 2120744960 2937545349 41547364381
1791527153 gw-search-role-v1a 5773322304 2192441344 2937545349 41547364381
1791527158 gw-search-role-v1b 1350349512 2120744960 2937546250 41547371683
1791527158 gw-search-role-v1a 5773328367 2192441344 2937546250 41547371683
1791527163 gw-search-role-v1b 1350349809 2120744960 2937547261 41547378923
1791527163 gw-search-role-v1a 5773334280 2192441344 2937547261 41547378923
1791527168 gw-search-role-v1b 1350350164 2120744960 2937548473 41547385976
1791527168 gw-search-role-v1a 5773339494 2192441344 2937548473 41547385976
1791527173 gw-search-role-v1b 1350350628 2120744960 2937550225 41547392416
1791527173 gw-search-role-v1a 5773345487 2192441344 2937550225 41547392416
1791527179 gw-search-role-v1b 1350350914 2120744960 2937551216 41547399608
1791527179 gw-search-role-v1a 5773349757 2192441344 2937551216 41547399608
1791527184 gw-search-role-v1b 1350353017 2120744960 2937552696 41547406357
1791527184 gw-search-role-v1a 5773354855 2192441344 2937552696 41547406357
1791527189 gw-search-role-v1b 1350353370 2120744960 2937553660 41547413633
1791527189 gw-search-role-v1a 5773361611 2192441344 2937553660 41547413633
1791527194 gw-search-role-v1b 1350354093 2120744960 2937554524 41547421001
1791527194 gw-search-role-v1a 5773365816 2192441344 2937554524 41547421001
1791527199 gw-search-role-v1b 1350354633 2120744960 2937555077 41547428699
1791527199 gw-search-role-v1a 5773371905 2192441344 2937555077 41547428699
1791527205 gw-search-role-v1b 1350355064 2120744960 2937555566 41547436417
1791527205 gw-search-role-v1a 5773375524 2192441344 2937555566 41547436417
1791527210 gw-search-role-v1b 1350355680 2120744960 2937557141 41547443054
1791527210 gw-search-role-v1a 5773382922 2192441344 2937557141 41547443054
1791527215 gw-search-role-v1b 1350356076 2120744960 2937558575 41547449845
1791527215 gw-search-role-v1a 5773387878 2192441344 2937558575 41547449845
1791527220 gw-search-role-v1b 1350356566 2120744960 2937559235 41547457391
1791527220 gw-search-role-v1a 5773391275 2192441344 2937559235 41547457391
1791527225 gw-search-role-v1b 1350356842 2120744960 2937560608 41547464221
1791527225 gw-search-role-v1a 5773397589 2192441344 2937560608 41547464221
1791527231 gw-search-role-v1b 1350357375 2120744960 2937561870 41547471154
1791527231 gw-search-role-v1a 5773401444 2192441344 2937561870 41547471154
1791527236 gw-search-role-v1b 1350357867 2120744960 2937563028 41547478212
1791527236 gw-search-role-v1a 5773407353 2192441344 2937563028 41547478212
1791527241 gw-search-role-v1b 1350359439 2120744960 2937563604 41547485875
1791527241 gw-search-role-v1a 5773417668 2192441344 2937563604 41547485875
1791527246 gw-search-role-v1b 1350360088 2120744960 2937564614 41547493102
1791527246 gw-search-role-v1a 5773421212 2192441344 2937564614 41547493102
1791527251 gw-search-role-v1b 1350360478 2120744960 2937565442 41547500459
1791527251 gw-search-role-v1a 5773427061 2192441344 2937565442 41547500459
1791527257 gw-search-role-v1b 1350361012 2120744960 2937566853 41547507246
1791527257 gw-search-role-v1a 5773431278 2192441344 2937566853 41547507246
1791527262 gw-search-role-v1b 1350361404 2120744960 2937567824 41547514440
1791527262 gw-search-role-v1a 5773436834 2192441344 2937567824 41547514440
1791527267 gw-search-role-v1b 1350361755 2120744960 2937568777 41547521738
1791527267 gw-search-role-v1a 5773442881 2192441344 2937568777 41547521738
1791527272 gw-search-role-v1b 1350362500 2120744960 2937570479 41547528209
1791527272 gw-search-role-v1a 5773446952 2192441344 2937570479 41547528209
1791527277 gw-search-role-v1b 1350362751 2120744960 2937572115 41547534797
1791527277 gw-search-role-v1a 5773451894 2192441344 2937572115 41547534797
1791527283 gw-search-role-v1b 1350363238 2120744960 2937573339 41547541770
1791527283 gw-search-role-v1a 5773455495 2192441344 2937573339 41547541770
1791527288 gw-search-role-v1b 1350363689 2120744960 2937574198 41547549124
1791527288 gw-search-role-v1a 5773461933 2192441344 2937574198 41547549124
1791527293 gw-search-role-v1b 1350363969 2120744960 2937575317 41547556209
1791527293 gw-search-role-v1a 5773473827 2192441344 2937575317 41547556209
1791527298 gw-search-role-v1b 1350364437 2120744960 2937576213 41547563537
1791527298 gw-search-role-v1a 5773478640 2192441344 2937576213 41547563537
1791527303 gw-search-role-v1b 1350366054 2120744960 2937577443 41547570535
1791527303 gw-search-role-v1a 5773484676 2192441344 2937577443 41547570535
1791527309 gw-search-role-v1b 1350370743 2120744960 2937579277 41547576918
1791527309 gw-search-role-v1a 5773489594 2192441344 2937579277 41547576918
1791527314 gw-search-role-v1b 1350371317 2120744960 2937580532 41547583895
1791527314 gw-search-role-v1a 5773495652 2192441344 2937580532 41547583895
1791527319 gw-search-role-v1b 1350371653 2120744960 2937581809 41547590830
1791527319 gw-search-role-v1a 5773500645 2192441344 2937581809 41547590830
1791527324 gw-search-role-v1b 1350372226 2120744960 2937582651 41547598192
1791527324 gw-search-role-v1a 5773504214 2192441344 2937582651 41547598192
1791527329 gw-search-role-v1b 1350372620 2120744960 2937583594 41547605482
1791527329 gw-search-role-v1a 5773509824 2192441344 2937583594 41547605482
1791527335 gw-search-role-v1b 1350373101 2120744960 2937584554 41547612748
1791527335 gw-search-role-v1a 5773514798 2192441344 2937584554 41547612748
1791527340 gw-search-role-v1b 1350373538 2120744960 2937585606 41547619918
1791527340 gw-search-role-v1a 5773520104 2192441344 2937585606 41547619918
1791527345 gw-search-role-v1b 1350373946 2120744960 2937586258 41547627473
1791527345 gw-search-role-v1a 5773527240 2192441344 2937586258 41547627473
1791527350 gw-search-role-v1b 1350374461 2120744960 2937587073 41547634877
1791527350 gw-search-role-v1a 5773531761 2192441344 2937587073 41547634877
1791527355 gw-search-role-v1b 1350374849 2120744960 2937588014 41547642119
1791527355 gw-search-role-v1a 5773537018 2192441344 2937588014 41547642119
1791527361 gw-search-role-v1b 1350379001 2120744960 2937588596 41547649743
1791527361 gw-search-role-v1a 5773540538 2192441344 2937588596 41547649743
1791527366 gw-search-role-v1b 1350380421 2120744960 2937590406 41547656119
1791527366 gw-search-role-v1a 5773544969 2192441344 2937590406 41547656119
1791527371 gw-search-role-v1b 1350380771 2120744960 2937592349 41547662331
1791527371 gw-search-role-v1a 5773550193 2192441344 2937592349 41547662331
1791527376 gw-search-role-v1b 1350381320 2120744960 2937593561 41547669302
1791527376 gw-search-role-v1a 5773554398 2192441344 2937593561 41547669302
1791527381 gw-search-role-v1b 1350381616 2120744960 2937594632 41547676441
1791527381 gw-search-role-v1a 5773559119 2192441344 2937594632 41547676441
1791527386 gw-search-role-v1b 1350382107 2120744960 2937595412 41547683866
1791527386 gw-search-role-v1a 5773563617 2192441344 2937595412 41547683866
1791527392 gw-search-role-v1b 1350382770 2120744960 2937596617 41547690858
1791527392 gw-search-role-v1a 5773568911 2192441344 2937596617 41547690858
1791527397 gw-search-role-v1b 1350383294 2120744960 2937597791 41547697856
1791527397 gw-search-role-v1a 5773572853 2192441344 2937597791 41547697856
1791527402 gw-search-role-v1b 1350383881 2120744960 2937598724 41547705033
1791527402 gw-search-role-v1a 5773581894 2192441344 2937598724 41547705033
1791527407 gw-search-role-v1b 1350384217 2120744960 2937600205 41547712093
1791527407 gw-search-role-v1a 5773589130 2192441344 2937600205 41547712093
1791527413 gw-search-role-v1b 1350384757 2120744960 2937601466 41547719027
1791527413 gw-search-role-v1a 5773593828 2192441344 2937601466 41547719027
1791527418 gw-search-role-v1b 1350385330 2120744960 2937603030 41547725668
1791527418 gw-search-role-v1a 5773604722 2192445440 2937603030 41547725668
1791527423 gw-search-role-v1b 1350386639 2120744960 2937604607 41547732241
1791527423 gw-search-role-v1a 5773609659 2192441344 2937604607 41547732241
1791527428 gw-search-role-v1b 1350387123 2120744960 2937605612 41547739394
1791527428 gw-search-role-v1a 5773614222 2192441344 2937605612 41547739394
1791527433 gw-search-role-v1b 1350387399 2120744960 2937606679 41547746535
1791527433 gw-search-role-v1a 5773619244 2192441344 2937606679 41547746535
1791527439 gw-search-role-v1b 1350387928 2120744960 2937607605 41547753807
1791527439 gw-search-role-v1a 5773624445 2192441344 2937607605 41547753807
1791527444 gw-search-role-v1b 1350388160 2120744960 2937608647 41547760942
1791527444 gw-search-role-v1a 5773631656 2192441344 2937608647 41547760942
1791527449 gw-search-role-v1b 1350388850 2120744960 2937610583 41547767197
1791527449 gw-search-role-v1a 5773637128 2192441344 2937610583 41547767197
1791527454 gw-search-role-v1b 1350389380 2120744960 2937611890 41547774079
1791527454 gw-search-role-v1a 5773641194 2192441344 2937611890 41547774079
1791527459 gw-search-role-v1b 1350389937 2120744960 2937612910 41547781278
1791527459 gw-search-role-v1a 5773647374 2192441344 2937612910 41547781278
1791527464 gw-search-role-v1b 1350390380 2120744960 2937613886 41547788523
1791527464 gw-search-role-v1a 5773651592 2192441344 2937613886 41547788523
1791527470 gw-search-role-v1b 1350390651 2120744960 2937615186 41547795408
1791527470 gw-search-role-v1a 5773656992 2192441344 2937615186 41547795408
1791527475 gw-search-role-v1b 1350391078 2120744960 2937616287 41547802491
1791527475 gw-search-role-v1a 5773662078 2192441344 2937616287 41547802491
1791527480 gw-search-role-v1b 1350391766 2120744960 2937617396 41547809613
1791527480 gw-search-role-v1a 5773667432 2192441344 2937617396 41547809613
1791527485 gw-search-role-v1b 1350393105 2120744960 2937619107 41547816100
1791527485 gw-search-role-v1a 5773673134 2192441344 2937619107 41547816100
1791527490 gw-search-role-v1b 1350393526 2120744960 2937620173 41547823240
1791527490 gw-search-role-v1a 5773676354 2192441344 2937620173 41547823240
1791527496 gw-search-role-v1b 1350393806 2120744960 2937621006 41547830642
1791527496 gw-search-role-v1a 5773681809 2192441344 2937621006 41547830642
1791527501 gw-search-role-v1b 1350394345 2120744960 2937622058 41547837811
1791527501 gw-search-role-v1a 5773686626 2192441344 2937622058 41547837811
1791527506 gw-search-role-v1b 1350394843 2120744960 2937623174 41547844884
1791527506 gw-search-role-v1a 5773691756 2192441344 2937623174 41547844884
1791527511 gw-search-role-v1b 1350395527 2120744960 2937624019 41547852284
1791527511 gw-search-role-v1a 5773696891 2192441344 2937624019 41547852284
1791527516 gw-search-role-v1b 1350395972 2120744960 2937625668 41547858837
1791527516 gw-search-role-v1a 5773701343 2192441344 2937625668 41547858837
1791527522 gw-search-role-v1b 1350396250 2120744960 2937626945 41547865748
1791527522 gw-search-role-v1a 5773706995 2192441344 2937626945 41547865748
1791527527 gw-search-role-v1b 1350396754 2120744960 2937628247 41547872664
1791527527 gw-search-role-v1a 5773718227 2192441344 2937628247 41547872664
1791527532 gw-search-role-v1b 1350397313 2120744960 2937629399 41547879757
1791527532 gw-search-role-v1a 5773722043 2192441344 2937629399 41547879757
1791527537 gw-search-role-v1b 1350401573 2120749056 2937630760 41547886593
1791527537 gw-search-role-v1a 5773728518 2192441344 2937630760 41547886593
1791527542 gw-search-role-v1b 1350403318 2120749056 2937632291 41547893266
1791527542 gw-search-role-v1a 5773732782 2192441344 2937632291 41547893266
1791527548 gw-search-role-v1b 1350403686 2120749056 2937633695 41547900028
1791527548 gw-search-role-v1a 5773737723 2192441344 2937633695 41547900028
1791527553 gw-search-role-v1b 1350404213 2120749056 2937634909 41547906997
1791527553 gw-search-role-v1a 5773742175 2192441344 2937634909 41547906997
1791527558 gw-search-role-v1b 1350404815 2120749056 2937636286 41547913811
1791527558 gw-search-role-v1a 5773747768 2192441344 2937636286 41547913811
1791527563 gw-search-role-v1b 1350405179 2120749056 2937637505 41547920808
1791527563 gw-search-role-v1a 5773754694 2192441344 2937637505 41547920808
1791527568 gw-search-role-v1b 1350405778 2120749056 2937638308 41547928255
1791527568 gw-search-role-v1a 5773759626 2192441344 2937638308 41547928255
1791527574 gw-search-role-v1b 1350406465 2120749056 2937638939 41547935828
1791527574 gw-search-role-v1a 5773765695 2192441344 2937638939 41547935828
1791527579 gw-search-role-v1b 1350406959 2120749056 2937639991 41547942999
1791527579 gw-search-role-v1a 5773769372 2192441344 2937639991 41547942999
1791527584 gw-search-role-v1b 1350407614 2120749056 2937641002 41547950213
1791527584 gw-search-role-v1a 5773775366 2192441344 2937641002 41547950213
1791527589 gw-search-role-v1b 1350408037 2120749056 2937641942 41547957493
1791527589 gw-search-role-v1a 5773782464 2192441344 2937641942 41547957493
1791527594 gw-search-role-v1b 1350408587 2120749056 2937643334 41547964330
1791527594 gw-search-role-v1a 5773785861 2192441344 2937643334 41547964330
1791527600 gw-search-role-v1b 1350409051 2120749056 2937644931 41547970945
1791527600 gw-search-role-v1a 5773793081 2192441344 2937644931 41547970945
1791527605 gw-search-role-v1b 1350411424 2120749056 2937645898 41547978228
1791527605 gw-search-role-v1a 5773801017 2192441344 2937645898 41547978228
1791527610 gw-search-role-v1b 1350411993 2120749056 2937646858 41547985459
1791527610 gw-search-role-v1a 5773806627 2192441344 2937646858 41547985459
1791527615 gw-search-role-v1b 1350420996 2120749056 2937647895 41547992653
1791527615 gw-search-role-v1a 5773814198 2192441344 2937647895 41547992653
1791527620 gw-search-role-v1b 1350421514 2120749056 2937648731 41548000003
1791527620 gw-search-role-v1a 5773827318 2192453632 2937648731 41548000003
1791527626 gw-search-role-v1b 1350421761 2120749056 2937650113 41548006840
1791527626 gw-search-role-v1a 5773834558 2192453632 2937650113 41548006840
1791527631 gw-search-role-v1b 1350422577 2120749056 2937651214 41548013980
1791527631 gw-search-role-v1a 5773837655 2192453632 2937651214 41548013980
1791527636 gw-search-role-v1b 1350423221 2120749056 2937652342 41548021072
1791527636 gw-search-role-v1a 5773843709 2192453632 2937652342 41548021072
1791527641 gw-search-role-v1b 1350423626 2120749056 2937653244 41548028410
1791527641 gw-search-role-v1a 5773849071 2192453632 2937653244 41548028410
1791527646 gw-search-role-v1b 1350424229 2120749056 2937654005 41548035871
1791527646 gw-search-role-v1a 5773858033 2192453632 2937654005 41548035871
1791527652 gw-search-role-v1b 1350424553 2120749056 2937655365 41548042694
1791527652 gw-search-role-v1a 5773862731 2192453632 2937655365 41548042694
1791527657 gw-search-role-v1b 1350425052 2120749056 2937656334 41548049951
1791527657 gw-search-role-v1a 5773873516 2192711680 2937656334 41548049951
1791527662 gw-search-role-v1b 1350432742 2120749056 2937657208 41548057296
1791527662 gw-search-role-v1a 5773877898 2192453632 2937657208 41548057296
1791527667 gw-search-role-v1b 1350433115 2120749056 2937658036 41548064674
1791527667 gw-search-role-v1a 5773884234 2192453632 2937658036 41548064674
1791527672 gw-search-role-v1b 1350433687 2120749056 2937659075 41548071839
1791527672 gw-search-role-v1a 5773888339 2192453632 2937659075 41548071839
1791527678 gw-search-role-v1b 1350434134 2120749056 2937659911 41548079214
1791527678 gw-search-role-v1a 5773894158 2192453632 2937659911 41548079214
1791527683 gw-search-role-v1b 1350434642 2120749056 2937660996 41548086371
1791527683 gw-search-role-v1a 5773897321 2192453632 2937660996 41548086371
1791527688 gw-search-role-v1b 1350435107 2120749056 2937661922 41548093665
1791527688 gw-search-role-v1a 5773902447 2192453632 2937661922 41548093665
1791527693 gw-search-role-v1b 1350435640 2120749056 2937662801 41548101033
1791527693 gw-search-role-v1a 5773908443 2192453632 2937662801 41548101033
1791527698 gw-search-role-v1b 1350436286 2120749056 2937663785 41548108247
1791527698 gw-search-role-v1a 5773912344 2192453632 2937663785 41548108247
1791527704 gw-search-role-v1b 1350436590 2120749056 2937664859 41548115349
1791527704 gw-search-role-v1a 5773917925 2192453632 2937664859 41548115349
1791527709 gw-search-role-v1b 1350437173 2120749056 2937665465 41548122976
1791527709 gw-search-role-v1a 5773923345 2192453632 2937665465 41548122976
1791527714 gw-search-role-v1b 1350437680 2120749056 2937665893 41548130788
1791527714 gw-search-role-v1a 5773929977 2192453632 2937665893 41548130788
1791527719 gw-search-role-v1b 1350438405 2120749056 2937666525 41548138395
1791527719 gw-search-role-v1a 5773937233 2192453632 2937666525 41548138395
1791527724 gw-search-role-v1b 1350440258 2120749056 2937667351 41548145806
1791527724 gw-search-role-v1a 5773941436 2192453632 2937667351 41548145806
1791527730 gw-search-role-v1b 1350440616 2120749056 2937668123 41548153202
1791527730 gw-search-role-v1a 5773947605 2192453632 2937668123 41548153202
1791527735 gw-search-role-v1b 1350441178 2120749056 2937669131 41548160423
1791527735 gw-search-role-v1a 5773952086 2192453632 2937669131 41548160423
1791527740 gw-search-role-v1b 1350441722 2120749056 2937670156 41548167569
1791527740 gw-search-role-v1a 5773957599 2192453632 2937670156 41548167569
1791527745 gw-search-role-v1b 1350442235 2120749056 2937671266 41548174671
1791527745 gw-search-role-v1a 5773963606 2192453632 2937671266 41548174671
1791527750 gw-search-role-v1b 1350443244 2120749056 2937672625 41548181532
1791527750 gw-search-role-v1a 5773968935 2192453632 2937672625 41548181532
1791527756 gw-search-role-v1b 1350444874 2120749056 2937673852 41548188575
1791527756 gw-search-role-v1a 5773973959 2192453632 2937673852 41548188575
1791527761 gw-search-role-v1b 1350445378 2120749056 2937675664 41548194940
1791527761 gw-search-role-v1a 5773979968 2192453632 2937675664 41548194940
1791527766 gw-search-role-v1b 1350445871 2120749056 2937676757 41548202060
1791527766 gw-search-role-v1a 5773986746 2192453632 2937676757 41548202060
1791527771 gw-search-role-v1b 1350446413 2120749056 2937678024 41548209009
1791527771 gw-search-role-v1a 5773993206 2192453632 2937678024 41548209009
1791527776 gw-search-role-v1b 1350446969 2120749056 2937679112 41548216140
1791527776 gw-search-role-v1a 5773997576 2192453632 2937679112 41548216140
1791527782 gw-search-role-v1b 1350449625 2120749056 2937680030 41548223456
1791527782 gw-search-role-v1a 5774003374 2192453632 2937680030 41548223456
1791527787 gw-search-role-v1b 1350450243 2120749056 2937680946 41548230750
1791527787 gw-search-role-v1a 5774007541 2192453632 2937680946 41548230750
1791527792 gw-search-role-v1b 1350450581 2120749056 2937681658 41548238259
1791527792 gw-search-role-v1a 5774013868 2192453632 2937681658 41548238259
1791527797 gw-search-role-v1b 1350451047 2120749056 2937682981 41548245150
1791527797 gw-search-role-v1a 5774019653 2192453632 2937682981 41548245150
1791527802 gw-search-role-v1b 1350458152 2120753152 2937683834 41548252515
1791527802 gw-search-role-v1a 5774024093 2192453632 2937683834 41548252515
1791527808 gw-search-role-v1b 1350458640 2120753152 2937684780 41548259783
1791527808 gw-search-role-v1a 5774031204 2192453632 2937684780 41548259783
1791527813 gw-search-role-v1b 1350459452 2120753152 2937685465 41548267284
1791527813 gw-search-role-v1a 5774036847 2192453632 2937685465 41548267284
1791527818 gw-search-role-v1b 1350459801 2120753152 2937686682 41548274275
1791527818 gw-search-role-v1a 5774043226 2192453632 2937686682 41548274275
1791527823 gw-search-role-v1b 1350460289 2120753152 2937687466 41548281733
1791527823 gw-search-role-v1a 5774048886 2192453632 2937687466 41548281733
1791527828 gw-search-role-v1b 1350460699 2120753152 2937688883 41548288482
1791527828 gw-search-role-v1a 5774053920 2192453632 2937688883 41548288482
1791527834 gw-search-role-v1b 1350461020 2120753152 2937690140 41548295440
1791527834 gw-search-role-v1a 5774060818 2192453632 2937690140 41548295440
1791527839 gw-search-role-v1b 1350461578 2120753152 2937691179 41548302655
1791527839 gw-search-role-v1a 5774065510 2192453632 2937691179 41548302655
1791527844 gw-search-role-v1b 1350463535 2120753152 2937692050 41548310014
1791527844 gw-search-role-v1a 5774071918 2192453632 2937692050 41548310014
1791527849 gw-search-role-v1b 1350464057 2120753152 2937692841 41548317427
1791527849 gw-search-role-v1a 5774077221 2192453632 2937692841 41548317427
1791527854 gw-search-role-v1b 1350464678 2120753152 2937693869 41548324599
1791527854 gw-search-role-v1a 5774092109 2192461824 2937693869 41548324599
1791527860 gw-search-role-v1b 1350464973 2120753152 2937694906 41548331747
1791527860 gw-search-role-v1a 5774096750 2192461824 2937694906 41548331747
1791527865 gw-search-role-v1b 1350465545 2120753152 2937695682 41548339176
1791527865 gw-search-role-v1a 5774100483 2192461824 2937695682 41548339176
1791527870 gw-search-role-v1b 1350465932 2120753152 2937698100 41548344980
1791527870 gw-search-role-v1a 5774105984 2192461824 2937698100 41548344980
1791527875 gw-search-role-v1b 1350466342 2120753152 2937699489 41548351777
1791527875 gw-search-role-v1a 5774111489 2192461824 2937699489 41548351777
1791527880 gw-search-role-v1b 1350466993 2120753152 2937700676 41548358791
1791527880 gw-search-role-v1a 5774115534 2192461824 2937700676 41548358791
1791527885 gw-search-role-v1b 1350467312 2120753152 2937701769 41548365873
1791527885 gw-search-role-v1a 5774121940 2192461824 2937701769 41548365873
1791527891 gw-search-role-v1b 1350467787 2120753152 2937702592 41548373291
1791527891 gw-search-role-v1a 5774125568 2192461824 2937702592 41548373291
1791527896 gw-search-role-v1b 1350468250 2120753152 2937703317 41548380783
1791527896 gw-search-role-v1a 5774132033 2192461824 2937703317 41548380783
1791527901 gw-search-role-v1b 1350470277 2120753152 2937703797 41548388551
1791527901 gw-search-role-v1a 5774137498 2192461824 2937703797 41548388551
1791527906 gw-search-role-v1b 1350470858 2120753152 2937704447 41548396157
1791527906 gw-search-role-v1a 5774141024 2192461824 2937704447 41548396157
1791527911 gw-search-role-v1b 1350471156 2120753152 2937705103 41548403733
1791527911 gw-search-role-v1a 5774146848 2192461824 2937705103 41548403733
1791527917 gw-search-role-v1b 1350471747 2120753152 2937705905 41548411132
1791527917 gw-search-role-v1a 5774150573 2192461824 2937705905 41548411132
1791527922 gw-search-role-v1b 1350471982 2120753152 2937706808 41548418427
1791527922 gw-search-role-v1a 5774157488 2192461824 2937706808 41548418427
1791527927 gw-search-role-v1b 1350472613 2120753152 2937708030 41548425408
1791527927 gw-search-role-v1a 5774162288 2192461824 2937708030 41548425408
1791527932 gw-search-role-v1b 1350473280 2120753152 2937709358 41548432211
1791527932 gw-search-role-v1a 5774166323 2192461824 2937709358 41548432211
1791527937 gw-search-role-v1b 1350473625 2120753152 2937710541 41548439309
1791527937 gw-search-role-v1a 5774172221 2192461824 2937710541 41548439309
1791527943 gw-search-role-v1b 1350474144 2120753152 2937711708 41548446331
1791527943 gw-search-role-v1a 5774178349 2192461824 2937711708 41548446331
1791527948 gw-search-role-v1b 1350474485 2120753152 2937712505 41548453726
1791527948 gw-search-role-v1a 5774184858 2192461824 2937712505 41548453726
1791527953 gw-search-role-v1b 1350475142 2120753152 2937713789 41548460631
1791527953 gw-search-role-v1a 5774191864 2192461824 2937713789 41548460631
1791527958 gw-search-role-v1b 1350475446 2120753152 2937714690 41548467923
1791527958 gw-search-role-v1a 5774196517 2192461824 2937714690 41548467923
1791527963 gw-search-role-v1b 1350480357 2120753152 2937715836 41548474978
1791527963 gw-search-role-v1a 5774202531 2192461824 2937715836 41548474978
1791527969 gw-search-role-v1b 1350480913 2120753152 2937716558 41548482474
1791527969 gw-search-role-v1a 5774206741 2192461824 2937716558 41548482474
1791527974 gw-search-role-v1b 1350481360 2120753152 2937717538 41548489684
1791527974 gw-search-role-v1a 5774216647 2192461824 2937717538 41548489684
1791527979 gw-search-role-v1b 1350481856 2120753152 2937718833 41548496600
1791527979 gw-search-role-v1a 5774222130 2192461824 2937718833 41548496600
1791527984 gw-search-role-v1b 1350482312 2120753152 2937719861 41548503748
1791527984 gw-search-role-v1a 5774227309 2192461824 2937719861 41548503748
1791527989 gw-search-role-v1b 1350482986 2120753152 2937720670 41548511169
1791527989 gw-search-role-v1a 5774233435 2192461824 2937720670 41548511169
1791527995 gw-search-role-v1b 1350483466 2120753152 2937721593 41548518451
1791527995 gw-search-role-v1a 5774236825 2192461824 2937721593 41548518451
1791528000 gw-search-role-v1b 1350483767 2120753152 2937722661 41548525601
1791528000 gw-search-role-v1a 5774242152 2192461824 2937722661 41548525601
1791528005 gw-search-role-v1b 1350484212 2120753152 2937723585 41548532855
1791528005 gw-search-role-v1a 5774247764 2192461824 2937723585 41548532855
1791528010 gw-search-role-v1b 1350484564 2120753152 2937724354 41548540275
1791528010 gw-search-role-v1a 5774252773 2192461824 2937724354 41548540275
1791528015 gw-search-role-v1b 1350485115 2120753152 2937725258 41548547575
1791528015 gw-search-role-v1a 5774258383 2192461824 2937725258 41548547575
1791528020 gw-search-role-v1b 1350485771 2120753152 2937726335 41548554700
1791528020 gw-search-role-v1a 5774263105 2192461824 2937726335 41548554700
1791528026 gw-search-role-v1b 1350487394 2120753152 2937727431 41548561790
1791528026 gw-search-role-v1a 5774267783 2192461824 2937727431 41548561790
1791528031 gw-search-role-v1b 1350487894 2120753152 2937728455 41548568972
1791528031 gw-search-role-v1a 5774272244 2192461824 2937728455 41548568972
1791528036 gw-search-role-v1b 1350488312 2120753152 2937729508 41548576113
1791528036 gw-search-role-v1a 5774277387 2192461824 2937729508 41548576113
1791528041 gw-search-role-v1b 1350488804 2120753152 2937730825 41548582994
1791528041 gw-search-role-v1a 5774281774 2192461824 2937730825 41548582994
1791528046 gw-search-role-v1b 1350489369 2120753152 2937731708 41548590317
1791528046 gw-search-role-v1a 5774285710 2192461824 2937731708 41548590317
1791528052 gw-search-role-v1b 1350489816 2120753152 2937732501 41548597733
1791528052 gw-search-role-v1a 5774294954 2192461824 2937732501 41548597733
1791528057 gw-search-role-v1b 1350490423 2120753152 2937733252 41548605139
1791528057 gw-search-role-v1a 5774299044 2192461824 2937733252 41548605139
1791528062 gw-search-role-v1b 1350490777 2120753152 2937734664 41548611929
1791528062 gw-search-role-v1a 5774304341 2192461824 2937734664 41548611929
1791528067 gw-search-role-v1b 1350491365 2120753152 2937736282 41548618517
1791528067 gw-search-role-v1a 5774310360 2192461824 2937736282 41548618517
1791528072 gw-search-role-v1b 1350491849 2120753152 2937737948 41548625089
1791528072 gw-search-role-v1a 5774315070 2192461824 2937737948 41548625089
1791528078 gw-search-role-v1b 1350492282 2120753152 2937738995 41548632238
1791528078 gw-search-role-v1a 5774321042 2192461824 2937738995 41548632238
1791528083 gw-search-role-v1b 1350494282 2120753152 2937739762 41548639694
1791528083 gw-search-role-v1a 5774325007 2192461824 2937739762 41548639694
1791528088 gw-search-role-v1b 1350498210 2120744960 2937740839 41548646799
1791528088 gw-search-role-v1a 5774331177 2192461824 2937740839 41548646799
1791528093 gw-search-role-v1b 1350498635 2120744960 2937742250 41548653576
1791528093 gw-search-role-v1a 5774336051 2192461824 2937742250 41548653576
1791528098 gw-search-role-v1b 1350499106 2120744960 2937743359 41548660676
1791528098 gw-search-role-v1a 5774341124 2192461824 2937743359 41548660676
1791528104 gw-search-role-v1b 1350499457 2120744960 2937744366 41548667872
1791528104 gw-search-role-v1a 5774345810 2192461824 2937744366 41548667872
1791528109 gw-search-role-v1b 1350499915 2120744960 2937745479 41548674963
1791528109 gw-search-role-v1a 5774349658 2192461824 2937745479 41548674963
1791528114 gw-search-role-v1b 1350500481 2120744960 2937746294 41548682333
1791528114 gw-search-role-v1a 5774356013 2192461824 2937746294 41548682333
1791528119 gw-search-role-v1b 1350501072 2120744960 2937747186 41548689655
1791528119 gw-search-role-v1a 5774363029 2192461824 2937747186 41548689655
1791528124 gw-search-role-v1b 1350501398 2120744960 2937748870 41548696141
1791528124 gw-search-role-v1a 5774367193 2192461824 2937748870 41548696141
1791528130 gw-search-role-v1b 1350502028 2120744960 2937751236 41548701965
1791528130 gw-search-role-v1a 5774374242 2192461824 2937751236 41548701965
1791528135 gw-search-role-v1b 1350502512 2120744960 2937753092 41548708339
1791528135 gw-search-role-v1a 5774377121 2192461824 2937753092 41548708339
1791528140 gw-search-role-v1b 1350502978 2120744960 2937753788 41548715836
1791528140 gw-search-role-v1a 5774383217 2192461824 2937753788 41548715836
1791528145 gw-search-role-v1b 1350505013 2120744960 2937754793 41548723024
1791528145 gw-search-role-v1a 5774388351 2192461824 2937754793 41548723024
1791528150 gw-search-role-v1b 1350505426 2120744960 2937755894 41548730135
1791528150 gw-search-role-v1a 5774392744 2192461824 2937755894 41548730135
1791528155 gw-search-role-v1b 1350505973 2120744960 2937756867 41548737366
1791528155 gw-search-role-v1a 5774399223 2192461824 2937756867 41548737366
1791528161 gw-search-role-v1b 1350506459 2120744960 2937757770 41548744655
1791528161 gw-search-role-v1a 5774402629 2192461824 2937757770 41548744655
1791528166 gw-search-role-v1b 1350506723 2120744960 2937759240 41548751401
1791528166 gw-search-role-v1a 5774408462 2192461824 2937759240 41548751401
1791528171 gw-search-role-v1b 1350507375 2120744960 2937760123 41548758728
1791528171 gw-search-role-v1a 5774413741 2192461824 2937760123 41548758728
1791528176 gw-search-role-v1b 1350507736 2120744960 2937761168 41548765937
1791528176 gw-search-role-v1a 5774417605 2192461824 2937761168 41548765937
1791528181 gw-search-role-v1b 1350508357 2120744960 2937762071 41548773259
1791528181 gw-search-role-v1a 5774429446 2192461824 2937762071 41548773259
1791528187 gw-search-role-v1b 1350508903 2120744960 2937763411 41548780255
1791528187 gw-search-role-v1a 5774434416 2192461824 2937763411 41548780255
1791528192 gw-search-role-v1b 1350509348 2120744960 2937764398 41548787481
1791528192 gw-search-role-v1a 5774438922 2192461824 2937764398 41548787481
1791528197 gw-search-role-v1b 1350510069 2120744960 2937765043 41548795085
1791528197 gw-search-role-v1a 5774444661 2192461824 2937765043 41548795085
1791528202 gw-search-role-v1b 1350511788 2120744960 2937766095 41548802265
1791528202 gw-search-role-v1a 5774447959 2192461824 2937766095 41548802265
1791528208 gw-search-role-v1b 1350512342 2120744960 2937766880 41548809672
1791528208 gw-search-role-v1a 5774453986 2192461824 2937766880 41548809672
1791528213 gw-search-role-v1b 1350512852 2120744960 2937767851 41548816891
1791528213 gw-search-role-v1a 5774458148 2192461824 2937767851 41548816891
1791528218 gw-search-role-v1b 1350513351 2120744960 2937768932 41548824007
1791528218 gw-search-role-v1a 5774463677 2192461824 2937768932 41548824007
1791528223 gw-search-role-v1b 1350513693 2120744960 2937770237 41548830885
1791528223 gw-search-role-v1a 5774474197 2192461824 2937770237 41548830885
1791528228 gw-search-role-v1b 1350514150 2120744960 2937771307 41548837982
1791528228 gw-search-role-v1a 5774477897 2192461824 2937771307 41548837982
1791528234 gw-search-role-v1b 1350514835 2120744960 2937772230 41548845244
1791528234 gw-search-role-v1a 5774483949 2192461824 2937772230 41548845244
1791528239 gw-search-role-v1b 1350515358 2120744960 2937773265 41548852443
1791528239 gw-search-role-v1a 5774488407 2192461824 2937773265 41548852443
1791528244 gw-search-role-v1b 1350515823 2120744960 2937774203 41548859732
1791528244 gw-search-role-v1a 5774496528 2192461824 2937774203 41548859732
1791528249 gw-search-role-v1b 1350516266 2120744960 2937775095 41548867069
1791528249 gw-search-role-v1a 5774501912 2192461824 2937775095 41548867069
1791528254 gw-search-role-v1b 1350516549 2120744960 2937775795 41548874603
1791528254 gw-search-role-v1a 5774505364 2192461824 2937775795 41548874603
1791528260 gw-search-role-v1b 1350521033 2120744960 2937776753 41548881889
1791528260 gw-search-role-v1a 5774510802 2192461824 2937776753 41548881889
1791528265 gw-search-role-v1b 1350528943 2120744960 2937777615 41548889192
1791528265 gw-search-role-v1a 5774514445 2192461824 2937777615 41548889192
1791528270 gw-search-role-v1b 1350529301 2120744960 2937778670 41548896352
1791528270 gw-search-role-v1a 5774519580 2192461824 2937778670 41548896352
1791528275 gw-search-role-v1b 1350529711 2120744960 2937780547 41548902664
1791528275 gw-search-role-v1a 5774524582 2192461824 2937780547 41548902664
1791528280 gw-search-role-v1b 1350530004 2120744960 2937781642 41548909776
1791528280 gw-search-role-v1a 5774528276 2192461824 2937781642 41548909776
1791528286 gw-search-role-v1b 1350530461 2120744960 2937782565 41548917068
1791528286 gw-search-role-v1a 5774534965 2192461824 2937782565 41548917068
1791528291 gw-search-role-v1b 1350531266 2120744960 2937783410 41548924427
1791528291 gw-search-role-v1a 5774538937 2192461824 2937783410 41548924427
1791528296 gw-search-role-v1b 1350531607 2120744960 2937784545 41548931509
1791528296 gw-search-role-v1a 5774543499 2192461824 2937784545 41548931509
1791528301 gw-search-role-v1b 1350532086 2120744960 2937785705 41548938587
1791528301 gw-search-role-v1a 5774549614 2192461824 2937785705 41548938587
1791528306 gw-search-role-v1b 1350532384 2120744960 2937787186 41548945244
1791528306 gw-search-role-v1a 5774555248 2192461824 2937787186 41548945244
1791528311 gw-search-role-v1b 1350532891 2120744960 2937788006 41548952630
1791528311 gw-search-role-v1a 5774560358 2192461824 2937788006 41548952630
1791528317 gw-search-role-v1b 1350533348 2120744960 2937789378 41548959444
1791528317 gw-search-role-v1a 5774563849 2192461824 2937789378 41548959444
1791528322 gw-search-role-v1b 1350534960 2120744960 2937790602 41548966426
1791528322 gw-search-role-v1a 5774568666 2192461824 2937790602 41548966426
1791528327 gw-search-role-v1b 1350535543 2120744960 2937792155 41548973061
1791528327 gw-search-role-v1a 5774573785 2192461824 2937792155 41548973061
1791528332 gw-search-role-v1b 1350535962 2120744960 2937793428 41548980047
1791528332 gw-search-role-v1a 5774577261 2192461824 2937793428 41548980047
1791528337 gw-search-role-v1b 1350536694 2120744960 2937794647 41548987049
1791528337 gw-search-role-v1a 5774583573 2192461824 2937794647 41548987049
1791528343 gw-search-role-v1b 1350537302 2120744960 2937795751 41548994173
1791528343 gw-search-role-v1a 5774587569 2192461824 2937795751 41548994173
1791528348 gw-search-role-v1b 1350537868 2120744960 2937796575 41549001535
1791528348 gw-search-role-v1a 5774593131 2192461824 2937796575 41549001535
1791528353 gw-search-role-v1b 1350538622 2120744960 2937797666 41549008653
1791528353 gw-search-role-v1a 5774597860 2192461824 2937797666 41549008653
1791528358 gw-search-role-v1b 1350539008 2120744960 2937798597 41549015906
1791528358 gw-search-role-v1a 5774602016 2192461824 2937798597 41549015906
1791528363 gw-search-role-v1b 1350539702 2120744960 2937799464 41549023267
1791528363 gw-search-role-v1a 5774607866 2192461824 2937799464 41549023267
1791528369 gw-search-role-v1b 1350540373 2120744960 2937800675 41549030252
1791528369 gw-search-role-v1a 5774612846 2192461824 2937800675 41549030252
1791528374 gw-search-role-v1b 1350540667 2120744960 2937801526 41549037616
1791528374 gw-search-role-v1a 5774618704 2192461824 2937801526 41549037616
1791528379 gw-search-role-v1b 1350541427 2120744960 2937802405 41549044957
1791528379 gw-search-role-v1a 5774625399 2192461824 2937802405 41549044957
1791528384 gw-search-role-v1b 1350544025 2120744960 2937803424 41549052172
1791528384 gw-search-role-v1a 5774629421 2192461824 2937803424 41549052172
1791528389 gw-search-role-v1b 1350544621 2120744960 2937804748 41549059096
1791528389 gw-search-role-v1a 5774635500 2192461824 2937804748 41549059096
1791528395 gw-search-role-v1b 1350544959 2120744960 2937806358 41549065668
1791528395 gw-search-role-v1a 5774639583 2192461824 2937806358 41549065668
1791528400 gw-search-role-v1b 1350545493 2120744960 2937807534 41549072652
1791528400 gw-search-role-v1a 5774646701 2192461824 2937807534 41549072652
1791528405 gw-search-role-v1b 1350546119 2120744960 2937808566 41549079839
1791528405 gw-search-role-v1a 5774651663 2192461824 2937808566 41549079839
1791528410 gw-search-role-v1b 1350546924 2120744960 2937809318 41549087327
1791528410 gw-search-role-v1a 5774655938 2192461824 2937809318 41549087327
1791528415 gw-search-role-v1b 1350547370 2120744960 2937810468 41549094406
1791528415 gw-search-role-v1a 5774660975 2192461824 2937810468 41549094406
1791528421 gw-search-role-v1b 1350547724 2120744960 2937811643 41549101436
1791528421 gw-search-role-v1a 5774664279 2192461824 2937811643 41549101436
1791528426 gw-search-role-v1b 1350548224 2120744960 2937812865 41549108413
1791528426 gw-search-role-v1a 5774672397 2192461824 2937812865 41549108413
1791528431 gw-search-role-v1b 1350548806 2120744960 2937813706 41549115748
1791528431 gw-search-role-v1a 5774678909 2192461824 2937813706 41549115748
1791528436 gw-search-role-v1b 1350549223 2120744960 2937814797 41549122897
1791528436 gw-search-role-v1a 5774682975 2192461824 2937814797 41549122897
1791528441 gw-search-role-v1b 1350552917 2120744960 2937816006 41549129892
1791528441 gw-search-role-v1a 5774688668 2192461824 2937816006 41549129892
1791528447 gw-search-role-v1b 1350553384 2120744960 2937817090 41549137009
1791528447 gw-search-role-v1a 5774692065 2192461824 2937817090 41549137009
1791528452 gw-search-role-v1b 1350553915 2120744960 2937818181 41549144091
1791528452 gw-search-role-v1a 5774698776 2192461824 2937818181 41549144091
1791528457 gw-search-role-v1b 1350554486 2120744960 2937818948 41549151501
1791528457 gw-search-role-v1a 5774704136 2192461824 2937818948 41549151501
1791528462 gw-search-role-v1b 1350554777 2120744960 2937819979 41549158661
1791528462 gw-search-role-v1a 5774707399 2192461824 2937819979 41549158661
1791528467 gw-search-role-v1b 1350555262 2120744960 2937820847 41549165982
1791528467 gw-search-role-v1a 5774711633 2192461824 2937820847 41549165982
1791528472 gw-search-role-v1b 1350555742 2120744960 2937821595 41549173433
1791528472 gw-search-role-v1a 5774715087 2192461824 2937821595 41549173433
1791528478 gw-search-role-v1b 1350556223 2120744960 2937822569 41549180656
1791528478 gw-search-role-v1a 5774720221 2192461824 2937822569 41549180656
1791528483 gw-search-role-v1b 1350556628 2120744960 2937823752 41549187645
1791528483 gw-search-role-v1a 5774725597 2192461824 2937823752 41549187645
1791528488 gw-search-role-v1b 1350556963 2120744960 2937824602 41549194996
1791528488 gw-search-role-v1a 5774731579 2192461824 2937824602 41549194996
1791528493 gw-search-role-v1b 1350557458 2120744960 2937825580 41549202186
1791528493 gw-search-role-v1a 5774738152 2192461824 2937825580 41549202186
1791528498 gw-search-role-v1b 1350557898 2120744960 2937826672 41549209348
1791528498 gw-search-role-v1a 5774746801 2192470016 2937826672 41549209348
1791528504 gw-search-role-v1b 1350559857 2120744960 2937828690 41549215540
1791528504 gw-search-role-v1a 5774751918 2192461824 2937828690 41549215540
1791528509 gw-search-role-v1b 1350560588 2120744960 2937829677 41549222781
1791528509 gw-search-role-v1a 5774755595 2192461824 2937829677 41549222781
1791528514 gw-search-role-v1b 1350560957 2120744960 2937830534 41549230174
1791528514 gw-search-role-v1a 5774760628 2192461824 2937830534 41549230174
1791528519 gw-search-role-v1b 1350561500 2120744960 2937831408 41549237526
1791528519 gw-search-role-v1a 5774765986 2192461824 2937831408 41549237526
1791528524 gw-search-role-v1b 1350561800 2120744960 2937832313 41549244835
1791528524 gw-search-role-v1a 5774769296 2192461824 2937832313 41549244835
1791528530 gw-search-role-v1b 1350562680 2120744960 2937833027 41549252331
1791528530 gw-search-role-v1a 5774775672 2192461824 2937833027 41549252331
1791528535 gw-search-role-v1b 1350563206 2120744960 2937834312 41549259276
1791528535 gw-search-role-v1a 5774779443 2192461824 2937834312 41549259276
1791528540 gw-search-role-v1b 1350569205 2120744960 2937835475 41549266329
1791528540 gw-search-role-v1a 5774785406 2192461824 2937835475 41549266329
1791528545 gw-search-role-v1b 1350569843 2120744960 2937836407 41549273571
1791528545 gw-search-role-v1a 5774794049 2192461824 2937836407 41549273571
1791528550 gw-search-role-v1b 1350570154 2120744960 2937837292 41549280914
1791528550 gw-search-role-v1a 5774799696 2192461824 2937837292 41549280914
1791528556 gw-search-role-v1b 1350570691 2120744960 2937838299 41549288131
1791528556 gw-search-role-v1a 5774806508 2192461824 2937838299 41549288131
1791528561 gw-search-role-v1b 1350582287 2120744960 2937839082 41549295537
1791528561 gw-search-role-v1a 5774810242 2192461824 2937839082 41549295537
1791528566 gw-search-role-v1b 1350584723 2120744960 2937840378 41549302463
1791528566 gw-search-role-v1a 5774815135 2192461824 2937840378 41549302463
1791528571 gw-search-role-v1b 1350585310 2120744960 2937841501 41549309563
1791528571 gw-search-role-v1a 5774821402 2192461824 2937841501 41549309563
1791528576 gw-search-role-v1b 1350585776 2120744960 2937842128 41549317198
1791528576 gw-search-role-v1a 5774825749 2192461824 2937842128 41549317198
1791528582 gw-search-role-v1b 1350586195 2120744960 2937842868 41549324719
1791528582 gw-search-role-v1a 5774830617 2192461824 2937842868 41549324719
1791528587 gw-search-role-v1b 1350586647 2120744960 2937844085 41549331705
1791528587 gw-search-role-v1a 5774834669 2192461824 2937844085 41549331705
1791528592 gw-search-role-v1b 1350587337 2120744960 2937845056 41549338911
1791528592 gw-search-role-v1a 5774839886 2192461824 2937845056 41549338911
1791528597 gw-search-role-v1b 1350587818 2120744960 2937846414 41549345718
1791528597 gw-search-role-v1a 5774845196 2192461824 2937846414 41549345718
1791528602 gw-search-role-v1b 1350588062 2120744960 2937848022 41549352261
1791528602 gw-search-role-v1a 5774848442 2192461824 2937848022 41549352261
1791528608 gw-search-role-v1b 1350588427 2120744960 2937849347 41549359126
1791528608 gw-search-role-v1a 5774854149 2192461824 2937849347 41549359126
1791528613 gw-search-role-v1b 1350588649 2120744960 2937850713 41549365928
1791528613 gw-search-role-v1a 5774857695 2192461824 2937850713 41549365928
1791528618 gw-search-role-v1b 1350589125 2120744960 2937852373 41549372447
1791528618 gw-search-role-v1a 5774862506 2192461824 2937852373 41549372447
1791528623 gw-search-role-v1b 1350590908 2120744960 2937854133 41549378912
1791528623 gw-search-role-v1a 5774867592 2192461824 2937854133 41549378912
1791528628 gw-search-role-v1b 1350591359 2120744960 2937855844 41549385431
1791528628 gw-search-role-v1a 5774872870 2192461824 2937855844 41549385431
1791528634 gw-search-role-v1b 1350591965 2120744960 2937857328 41549392198
1791528634 gw-search-role-v1a 5774879011 2192461824 2937857328 41549392198
1791528639 gw-search-role-v1b 1350592280 2120744960 2937859006 41549398734
1791528639 gw-search-role-v1a 5774882430 2192461824 2937859006 41549398734
1791528644 gw-search-role-v1b 1350592771 2120744960 2937861201 41549404742
1791528644 gw-search-role-v1a 5774888724 2192461824 2937861201 41549404742
1791528649 gw-search-role-v1b 1350593395 2120744960 2937862642 41549411530
1791528649 gw-search-role-v1a 5774894357 2192461824 2937862642 41549411530
1791528654 gw-search-role-v1b 1350593787 2120744960 2937864134 41549418272
1791528654 gw-search-role-v1a 5774904880 2192461824 2937864134 41549418272
1791528660 gw-search-role-v1b 1350594208 2120744960 2937866086 41549424574
1791528660 gw-search-role-v1a 5774910894 2192461824 2937866086 41549424574
1791528665 gw-search-role-v1b 1350594622 2120744960 2937867801 41549431036
1791528665 gw-search-role-v1a 5774915111 2192461824 2937867801 41549431036
1791528670 gw-search-role-v1b 1350595146 2120744960 2937869062 41549437977
1791528670 gw-search-role-v1a 5774921868 2192461824 2937869062 41549437977
1791528675 gw-search-role-v1b 1350595613 2120744960 2937870826 41549444414
1791528675 gw-search-role-v1a 5774927304 2192461824 2937870826 41549444414
1791528680 gw-search-role-v1b 1350596131 2120744960 2937872167 41549451255
1791528680 gw-search-role-v1a 5774930864 2192461824 2937872167 41549451255
1791528685 gw-search-role-v1b 1350598126 2120744960 2937873419 41549458264
1791528685 gw-search-role-v1a 5774935248 2192461824 2937873419 41549458264
1791528691 gw-search-role-v1b 1350598597 2120744960 2937874966 41549464914
1791528691 gw-search-role-v1a 5774938391 2192461824 2937874966 41549464914
1791528696 gw-search-role-v1b 1350599128 2120744960 2937876351 41549471757
1791528696 gw-search-role-v1a 5774943320 2192461824 2937876351 41549471757
1791528701 gw-search-role-v1b 1350599612 2120744960 2937878335 41549477977
1791528701 gw-search-role-v1a 5774947969 2192461824 2937878335 41549477977
1791528706 gw-search-role-v1b 1350600020 2120744960 2937880016 41549484542
1791528706 gw-search-role-v1a 5774950578 2192461824 2937880016 41549484542
1791528712 gw-search-role-v1b 1350608076 2120749056 2937881219 41549491588
1791528712 gw-search-role-v1a 5774957522 2192461824 2937881219 41549491588
1791528717 gw-search-role-v1b 1350608323 2120749056 2937883106 41549497889
1791528717 gw-search-role-v1a 5774961022 2192461824 2937883106 41549497889
1791528722 gw-search-role-v1b 1350608798 2120749056 2937885215 41549503976
1791528722 gw-search-role-v1a 5774966145 2192461824 2937885215 41549503976
1791528727 gw-search-role-v1b 1350609294 2120749056 2937886947 41549510442
1791528727 gw-search-role-v1a 5774972515 2192461824 2937886947 41549510442
1791528732 gw-search-role-v1b 1350609622 2120749056 2937888833 41549516769
1791528732 gw-search-role-v1a 5774975445 2192461824 2937888833 41549516769
1791528737 gw-search-role-v1b 1350610086 2120749056 2937891057 41549522763
1791528737 gw-search-role-v1a 5774980469 2192461824 2937891057 41549522763
1791528743 gw-search-role-v1b 1350611380 2120749056 2937892741 41549529291
1791528743 gw-search-role-v1a 5774983293 2192461824 2937892741 41549529291
1791528748 gw-search-role-v1b 1350611874 2120749056 2937894388 41549535835
1791528748 gw-search-role-v1a 5774988356 2192461824 2937894388 41549535835
1791528753 gw-search-role-v1b 1350612397 2120749056 2937895714 41549542725
1791528753 gw-search-role-v1a 5774992504 2192461824 2937895714 41549542725
1791528758 gw-search-role-v1b 1350612703 2120749056 2937897355 41549549306
1791528758 gw-search-role-v1a 5774995718 2192461824 2937897355 41549549306
1791528763 gw-search-role-v1b 1350613148 2120749056 2937898859 41549556036
1791528763 gw-search-role-v1a 5775001808 2192461824 2937898859 41549556036
1791528769 gw-search-role-v1b 1350613405 2120749056 2937900256 41549562852
1791528769 gw-search-role-v1a 5775010253 2192461824 2937900256 41549562852
1791528774 gw-search-role-v1b 1350614134 2120749056 2937901978 41549569373
1791528774 gw-search-role-v1a 5775015565 2192461824 2937901978 41549569373
1791528779 gw-search-role-v1b 1350614732 2120749056 2937903595 41549576017
1791528779 gw-search-role-v1a 5775021853 2192461824 2937903595 41549576017
1791528784 gw-search-role-v1b 1350621033 2120749056 2937905449 41549582324
1791528784 gw-search-role-v1a 5775025541 2192461824 2937905449 41549582324
1791528789 gw-search-role-v1b 1350621561 2120749056 2937906952 41549589038
1791528789 gw-search-role-v1a 5775032096 2192461824 2937906952 41549589038
1791528795 gw-search-role-v1b 1350621975 2120749056 2937908250 41549595952
1791528795 gw-search-role-v1a 5775036038 2192461824 2937908250 41549595952
1791528800 gw-search-role-v1b 1350622667 2120749056 2937909673 41549602722
1791528800 gw-search-role-v1a 5775041878 2192461824 2937909673 41549602722
1791528805 gw-search-role-v1b 1350623771 2120749056 2937911733 41549608855
1791528805 gw-search-role-v1a 5775047533 2192461824 2937911733 41549608855
1791528810 gw-search-role-v1b 1350624259 2120749056 2937912958 41549615863
1791528810 gw-search-role-v1a 5775051094 2192461824 2937912958 41549615863
1791528815 gw-search-role-v1b 1350624756 2120749056 2937914603 41549622418
1791528815 gw-search-role-v1a 5775056225 2192461824 2937914603 41549622418
1791528821 gw-search-role-v1b 1350625095 2120749056 2937915802 41549629432
1791528821 gw-search-role-v1a 5775059208 2192461824 2937915802 41549629432
1791528826 gw-search-role-v1b 1350625542 2120749056 2937917239 41549636210
1791528826 gw-search-role-v1a 5775064642 2192461824 2937917239 41549636210
1791528831 gw-search-role-v1b 1350626011 2120749056 2937918766 41549642881
1791528831 gw-search-role-v1a 5775071153 2192461824 2937918766 41549642881
1791528836 gw-search-role-v1b 1350626612 2120749056 2937920105 41549649753
1791528836 gw-search-role-v1a 5775074807 2192461824 2937920105 41549649753
1791528841 gw-search-role-v1b 1350627024 2120749056 2937921665 41549656419
1791528841 gw-search-role-v1a 5775080507 2192461824 2937921665 41549656419
1791528847 gw-search-role-v1b 1350627354 2120749056 2937923155 41549663186
1791528847 gw-search-role-v1a 5775086475 2192461824 2937923155 41549663186
1791528852 gw-search-role-v1b 1350627921 2120749056 2937924447 41549670136
1791528852 gw-search-role-v1a 5775091204 2192461824 2937924447 41549670136
1791528857 gw-search-role-v1b 1350628175 2120749056 2937925669 41549677104
1791528857 gw-search-role-v1a 5775096581 2192461824 2937925669 41549677104
1791528862 gw-search-role-v1b 1350637792 2120749056 2937927208 41549683782
1791528862 gw-search-role-v1a 5775100176 2192461824 2937927208 41549683782
1791528867 gw-search-role-v1b 1350638243 2120749056 2937928611 41549690639
1791528867 gw-search-role-v1a 5775106769 2192461824 2937928611 41549690639
1791528873 gw-search-role-v1b 1350638613 2120749056 2937930202 41549697288
1791528873 gw-search-role-v1a 5775110788 2192461824 2937930202 41549697288
1791528878 gw-search-role-v1b 1350639049 2120749056 2937932030 41549703649
1791528878 gw-search-role-v1a 5775116414 2192461824 2937932030 41549703649
1791528883 gw-search-role-v1b 1350639370 2120749056 2937933566 41549710298
1791528883 gw-search-role-v1a 5775121597 2192461824 2937933566 41549710298
1791528888 gw-search-role-v1b 1350639903 2120749056 2937936089 41549716004
1791528888 gw-search-role-v1a 5775125295 2192461824 2937936089 41549716004
1791528893 gw-search-role-v1b 1350640616 2120749056 2937937523 41549722785
1791528893 gw-search-role-v1a 5775130970 2192461824 2937937523 41549722785
1791528899 gw-search-role-v1b 1350640971 2120749056 2937939016 41549729523
1791528899 gw-search-role-v1a 5775134673 2192461824 2937939016 41549729523
1791528904 gw-search-role-v1b 1350641491 2120749056 2937940515 41549736212
1791528904 gw-search-role-v1a 5775140076 2192461824 2937940515 41549736212
1791528909 gw-search-role-v1b 1350641791 2120749056 2937944172 41549740695
1791528909 gw-search-role-v1a 5775144487 2192986112 2937944172 41549740695
1791528914 gw-search-role-v1b 1350642263 2120749056 2937948590 41549744443
1791528914 gw-search-role-v1a 5775154764 2192461824 2937948590 41549744443
1791528919 gw-search-role-v1b 1350642902 2120749056 2937952077 41549749184
1791528919 gw-search-role-v1a 5775159968 2192461824 2937952077 41549749184
1791528924 gw-search-role-v1b 1350644044 2120749056 2937956060 41549753367
1791528924 gw-search-role-v1a 5775164136 2192461824 2937956060 41549753367
1791528930 gw-search-role-v1b 1350644482 2120749056 2937959880 41549757773
1791528930 gw-search-role-v1a 5775169315 2192461824 2937959880 41549757773
1791528935 gw-search-role-v1b 1350644767 2120749056 2937963575 41549762273
1791528935 gw-search-role-v1a 5775173277 2192461824 2937963575 41549762273
1791528940 gw-search-role-v1b 1350648907 2120749056 2937966325 41549767761
1791528940 gw-search-role-v1a 5775179305 2192461824 2937966325 41549767761
1791528945 gw-search-role-v1b 1350649190 2120749056 2937969415 41549772826
1791528945 gw-search-role-v1a 5775184435 2192461824 2937969415 41549772826
1791528950 gw-search-role-v1b 1350649860 2120749056 2937972400 41549778038
1791528950 gw-search-role-v1a 5775187906 2192461824 2937972400 41549778038
1791528956 gw-search-role-v1b 1350650384 2120749056 2937975522 41549783135
1791528956 gw-search-role-v1a 5775202554 2192461824 2937975522 41549783135
1791528961 gw-search-role-v1b 1350650767 2120749056 2937978754 41549788127
1791528961 gw-search-role-v1a 5775206296 2192461824 2937978754 41549788127
1791528966 gw-search-role-v1b 1350651420 2120749056 2937981603 41549793491
1791528966 gw-search-role-v1a 5775213341 2192461824 2937981603 41549793491
1791528971 gw-search-role-v1b 1350651713 2120749056 2937984021 41549799254
1791528971 gw-search-role-v1a 5775218339 2192461824 2937984021 41549799254
1791528976 gw-search-role-v1b 1350652268 2120749056 2937986414 41549805045
1791528976 gw-search-role-v1a 5775222461 2192461824 2937986414 41549805045
1791528981 gw-search-role-v1b 1350654526 2120749056 2937989339 41549810319
1791528981 gw-search-role-v1a 5775227715 2192461824 2937989339 41549810319
1791528987 gw-search-role-v1b 1350654872 2120749056 2937992050 41549815807
1791528987 gw-search-role-v1a 5775231875 2192461824 2937992050 41549815807
1791528992 gw-search-role-v1b 1350655263 2120749056 2937995581 41549820502
1791528992 gw-search-role-v1a 5775236523 2192461824 2937995581 41549820502
1791528997 gw-search-role-v1b 1350655568 2120749056 2937998863 41549825410
1791528997 gw-search-role-v1a 5775241648 2192461824 2937998863 41549825410
1791529002 gw-search-role-v1b 1350656063 2120749056 2938002469 41549830017
1791529002 gw-search-role-v1a 5775248928 2192461824 2938002469 41549830017
1791529007 gw-search-role-v1b 1350656610 2120749056 2938005263 41549835454
1791529007 gw-search-role-v1a 5775254101 2192461824 2938005263 41549835454
1791529013 gw-search-role-v1b 1350657021 2120749056 2938008124 41549840741
1791529013 gw-search-role-v1a 5775257194 2192461824 2938008124 41549840741
1791529018 gw-search-role-v1b 1350657453 2120749056 2938010861 41549846162
1791529018 gw-search-role-v1a 5775262968 2192461824 2938010861 41549846162
1791529023 gw-search-role-v1b 1350657734 2120749056 2938014101 41549851049
1791529023 gw-search-role-v1a 5775268483 2192461824 2938014101 41549851049
1791529028 gw-search-role-v1b 1350658175 2120749056 2938017498 41549855823
1791529028 gw-search-role-v1a 5775272513 2192461824 2938017498 41549855823
1791529033 gw-search-role-v1b 1350658626 2120749056 2938020747 41549860867
1791529033 gw-search-role-v1a 5775277641 2192461824 2938020747 41549860867
1791529039 gw-search-role-v1b 1350658877 2120749056 2938023547 41549866229
1791529039 gw-search-role-v1a 5775280827 2192461824 2938023547 41549866229
1791529044 gw-search-role-v1b 1350660386 2120749056 2938026279 41549871706
1791529044 gw-search-role-v1a 5775289614 2192470016 2938026279 41549871706
1791529049 gw-search-role-v1b 1350660667 2120749056 2938029692 41549876505
1791529049 gw-search-role-v1a 5775294984 2192461824 2938029692 41549876505
1791529054 gw-search-role-v1b 1350661226 2120749056 2938032669 41549881691
1791529054 gw-search-role-v1a 5775299280 2192461824 2938032669 41549881691
1791529059 gw-search-role-v1b 1350661657 2120749056 2938036696 41549885868
1791529059 gw-search-role-v1a 5775303980 2192461824 2938036696 41549885868
1791529064 gw-search-role-v1b 1350661908 2120749056 2938040995 41549889753
1791529064 gw-search-role-v1a 5775307243 2192461824 2938040995 41549889753
1791529070 gw-search-role-v1b 1350662772 2120749056 2938045413 41549893549
1791529070 gw-search-role-v1a 5775312747 2192461824 2938045413 41549893549
1791529075 gw-search-role-v1b 1350663031 2120749056 2938050692 41549896497
1791529075 gw-search-role-v1a 5775317174 2192461824 2938050692 41549896497
1791529080 gw-search-role-v1b 1350663390 2120749056 2938055531 41549899920
1791529080 gw-search-role-v1a 5775322043 2192461824 2938055531 41549899920
1791529085 gw-search-role-v1b 1350663797 2120749056 2938059108 41549904491
1791529085 gw-search-role-v1a 5775328388 2192461824 2938059108 41549904491
1791529090 gw-search-role-v1b 1350664251 2120749056 2938062981 41549908802
1791529090 gw-search-role-v1a 5775332352 2192461824 2938062981 41549908802
1791529096 gw-search-role-v1b 1350664726 2120749056 2938066739 41549913224
1791529096 gw-search-role-v1a 5775337105 2192461824 2938066739 41549913224
1791529101 gw-search-role-v1b 1350665238 2120749056 2938070898 41549917277
1791529101 gw-search-role-v1a 5775340765 2192461824 2938070898 41549917277
1791529106 gw-search-role-v1b 1350667522 2120749056 2938074868 41549921515
1791529106 gw-search-role-v1a 5775345789 2192461824 2938074868 41549921515
1791529111 gw-search-role-v1b 1350667825 2120749056 2938078652 41549925921
1791529111 gw-search-role-v1a 5775351255 2192461824 2938078652 41549925921
1791529116 gw-search-role-v1b 1350668325 2120749056 2938081818 41549930968
1791529116 gw-search-role-v1a 5775355896 2192461824 2938081818 41549930968
1791529122 gw-search-role-v1b 1350668844 2120749056 2938085170 41549935912
1791529122 gw-search-role-v1a 5775361846 2192461824 2938085170 41549935912
1791529127 gw-search-role-v1b 1350669130 2120749056 2938088834 41549940447
1791529127 gw-search-role-v1a 5775365176 2192461824 2938088834 41549940447
1791529132 gw-search-role-v1b 1350670168 2120749056 2938092806 41549944665
1791529132 gw-search-role-v1a 5775370176 2192461824 2938092806 41549944665
1791529137 gw-search-role-v1b 1350670486 2120749056 2938096572 41549949119
1791529137 gw-search-role-v1a 5775374807 2192461824 2938096572 41549949119
1791529142 gw-search-role-v1b 1350670977 2120749056 2938100327 41549953502
1791529142 gw-search-role-v1a 5775383482 2192461824 2938100327 41549953502
1791529148 gw-search-role-v1b 1350671535 2120749056 2938103484 41549958627
1791529148 gw-search-role-v1a 5775390522 2192461824 2938103484 41549958627
1791529153 gw-search-role-v1b 1350671788 2120749056 2938106979 41549963328
1791529153 gw-search-role-v1a 5775394601 2192461824 2938106979 41549963328
1791529158 gw-search-role-v1b 1350672180 2120749056 2938110623 41549967900
1791529158 gw-search-role-v1a 5775399592 2192461824 2938110623 41549967900
1791529163 gw-search-role-v1b 1350678698 2120749056 2938113765 41549972970
1791529163 gw-search-role-v1a 5775404685 2192461824 2938113765 41549972970
1791529168 gw-search-role-v1b 1350679276 2120749056 2938116715 41549978237
1791529168 gw-search-role-v1a 5775408388 2192461824 2938116715 41549978237
1791529174 gw-search-role-v1b 1350679658 2120749056 2938119648 41549983506
1791529174 gw-search-role-v1a 5775413832 2192461824 2938119648 41549983506
1791529179 gw-search-role-v1b 1350679950 2120749056 2938124775 41549986562
1791529179 gw-search-role-v1a 5775418138 2192461824 2938124775 41549986562
1791529184 gw-search-role-v1b 1350680413 2120749056 2938129920 41549989673
1791529184 gw-search-role-v1a 5775423090 2192461824 2938129920 41549989673
1791529189 gw-search-role-v1b 1350680761 2120749056 2938134690 41549993083
1791529189 gw-search-role-v1a 5775427392 2192461824 2938134690 41549993083
1791529194 gw-search-role-v1b 1350681151 2120749056 2938138609 41549997345
1791529194 gw-search-role-v1a 5775430491 2192461824 2938138609 41549997345
1791529200 gw-search-role-v1b 1350681580 2120749056 2938142477 41550001659
1791529200 gw-search-role-v1a 5775435656 2192461824 2938142477 41550001659
1791529205 gw-search-role-v1b 1350681864 2120749056 2938147163 41550003907
1791529205 gw-search-role-v1a 5775447881 2192461824 2938147163 41550003907
1791529210 gw-search-role-v1b 1350682278 2120749056 2938151639 41550007750
1791529210 gw-search-role-v1a 5775453130 2192461824 2938151639 41550007750
1791529215 gw-search-role-v1b 1350682747 2120749056 2938155348 41550012236
1791529215 gw-search-role-v1a 5775458676 2192461824 2938155348 41550012236
1791529221 gw-search-role-v1b 1350683221 2120749056 2938158028 41550017703
1791529221 gw-search-role-v1a 5775461899 2192461824 2938158028 41550017703
1791529226 gw-search-role-v1b 1350685127 2120749056 2938160215 41550023697
1791529226 gw-search-role-v1a 5775468009 2192461824 2938160215 41550023697
1791529231 gw-search-role-v1b 1350685448 2120749056 2938162161 41550029930
1791529231 gw-search-role-v1a 5775472254 2192461824 2938162161 41550029930
1791529236 gw-search-role-v1b 1350692153 2120749056 2938163411 41550036850
1791529236 gw-search-role-v1a 5775475778 2192461824 2938163411 41550036850
1791529241 gw-search-role-v1b 1350692435 2120749056 2938164290 41550044195
1791529241 gw-search-role-v1a 5775481745 2192461824 2938164290 41550044195
1791529247 gw-search-role-v1b 1350692906 2120749056 2938165478 41550051228
1791529247 gw-search-role-v1a 5775485487 2192461824 2938165478 41550051228
1791529252 gw-search-role-v1b 1350693712 2120749056 2938166714 41550058245
1791529252 gw-search-role-v1a 5775492544 2192461824 2938166714 41550058245
1791529257 gw-search-role-v1b 1350694118 2120749056 2938167303 41550065896
1791529257 gw-search-role-v1a 5775497806 2192461824 2938167303 41550065896
1791529262 gw-search-role-v1b 1350694694 2120749056 2938168823 41550072534
1791529262 gw-search-role-v1a 5775501579 2192461824 2938168823 41550072534
1791529267 gw-search-role-v1b 1350694928 2120749056 2938170604 41550078903
1791529267 gw-search-role-v1a 5775508487 2192461824 2938170604 41550078903
1791529273 gw-search-role-v1b 1350695356 2120749056 2938171686 41550086033
1791529273 gw-search-role-v1a 5775511948 2192461824 2938171686 41550086033
1791529278 gw-search-role-v1b 1350695964 2120749056 2938172455 41550093424
1791529278 gw-search-role-v1a 5775516997 2192461824 2938172455 41550093424
1791529283 gw-search-role-v1b 1350697777 2120749056 2938173432 41550100691
1791529283 gw-search-role-v1a 5775522750 2192461824 2938173432 41550100691
1791529288 gw-search-role-v1b 1350698272 2120749056 2938174849 41550107465
1791529288 gw-search-role-v1a 5775526474 2192461824 2938174849 41550107465
1791529293 gw-search-role-v1b 1350698602 2120749056 2938176460 41550113974
1791529293 gw-search-role-v1a 5775537806 2192461824 2938176460 41550113974
1791529299 gw-search-role-v1b 1350699036 2120749056 2938178905 41550119602
1791529299 gw-search-role-v1a 5775542061 2192461824 2938178905 41550119602
1791529304 gw-search-role-v1b 1350699434 2120749056 2938181736 41550124837
1791529304 gw-search-role-v1a 5775546795 2192461824 2938181736 41550124837
1791529309 gw-search-role-v1b 1350699811 2120749056 2938183632 41550131050
1791529309 gw-search-role-v1a 5775551685 2192461824 2938183632 41550131050
1791529314 gw-search-role-v1b 1350700487 2120749056 2938185291 41550137495
1791529314 gw-search-role-v1a 5775555116 2192461824 2938185291 41550137495
1791529319 gw-search-role-v1b 1350700757 2120749056 2938186924 41550143993
1791529319 gw-search-role-v1a 5775560636 2192461824 2938186924 41550143993
1791529324 gw-search-role-v1b 1350701201 2120749056 2938189290 41550149639
1791529324 gw-search-role-v1a 5775564419 2192461824 2938189290 41550149639
1791529330 gw-search-role-v1b 1350701670 2120749056 2938191336 41550155681
1791529330 gw-search-role-v1a 5775570727 2192461824 2938191336 41550155681
1791529335 gw-search-role-v1b 1350701950 2120749056 2938192938 41550162221
1791529335 gw-search-role-v1a 5775575252 2192461824 2938192938 41550162221
1791529340 gw-search-role-v1b 1350702639 2120749056 2938195133 41550168193
1791529340 gw-search-role-v1a 5775583315 2192461824 2938195133 41550168193
1791529345 gw-search-role-v1b 1350704133 2120749056 2938197097 41550174440
1791529345 gw-search-role-v1a 5775588346 2192461824 2938197097 41550174440
1791529350 gw-search-role-v1b 1350704729 2120749056 2938197897 41550181834
1791529350 gw-search-role-v1a 5775592252 2192461824 2938197897 41550181834
1791529356 gw-search-role-v1b 1350705171 2120749056 2938198865 41550189084
1791529356 gw-search-role-v1a 5775597706 2192461824 2938198865 41550189084
1791529361 gw-search-role-v1b 1350708562 2120749056 2938199868 41550196291
1791529361 gw-search-role-v1a 5775601202 2192461824 2938199868 41550196291
1791529366 gw-search-role-v1b 1350708998 2120749056 2938201265 41550203075
1791529366 gw-search-role-v1a 5775607065 2192461824 2938201265 41550203075
1791529371 gw-search-role-v1b 1350709587 2120749056 2938202066 41550210524
1791529371 gw-search-role-v1a 5775613437 2192461824 2938202066 41550210524
1791529376 gw-search-role-v1b 1350710118 2120749056 2938203261 41550217517
1791529376 gw-search-role-v1a 5775618531 2192461824 2938203261 41550217517
1791529382 gw-search-role-v1b 1350710470 2120749056 2938205220 41550223732
1791529382 gw-search-role-v1a 5775625301 2192461824 2938205220 41550223732
1791529387 gw-search-role-v1b 1350710902 2120749056 2938207309 41550229837
1791529387 gw-search-role-v1a 5775629606 2192461824 2938207309 41550229837
1791529392 gw-search-role-v1b 1350711403 2120749056 2938208286 41550237057
1791529392 gw-search-role-v1a 5775635569 2192461824 2938208286 41550237057
1791529397 gw-search-role-v1b 1350711885 2120749056 2938209509 41550244020
1791529397 gw-search-role-v1a 5775641420 2192461824 2938209509 41550244020
1791529402 gw-search-role-v1b 1350714036 2120749056 2938210296 41550251451
1791529402 gw-search-role-v1a 5775645309 2192461824 2938210296 41550251451
1791529407 gw-search-role-v1b 1350714365 2120749056 2938211266 41550258693
1791529407 gw-search-role-v1a 5775651700 2192461824 2938211266 41550258693
1791529413 gw-search-role-v1b 1350714884 2120749056 2938212451 41550265727
1791529413 gw-search-role-v1a 5775655366 2192461824 2938212451 41550265727
1791529418 gw-search-role-v1b 1350715389 2120749056 2938214571 41550271795
1791529418 gw-search-role-v1a 5775661636 2192461824 2938214571 41550271795
1791529423 gw-search-role-v1b 1350715724 2120749056 2938216586 41550277944
1791529423 gw-search-role-v1a 5775666595 2192461824 2938216586 41550277944
1791529428 gw-search-role-v1b 1350716344 2120749056 2938218182 41550284583
1791529428 gw-search-role-v1a 5775669581 2192461824 2938218182 41550284583
1791529433 gw-search-role-v1b 1350716859 2120749056 2938220377 41550290608
1791529433 gw-search-role-v1a 5775675364 2192461824 2938220377 41550290608
1791529439 gw-search-role-v1b 1350717240 2120749056 2938221539 41550297704
1791529439 gw-search-role-v1a 5775679543 2192461824 2938221539 41550297704
1791529444 gw-search-role-v1b 1350717802 2120749056 2938222389 41550305067
1791529444 gw-search-role-v1a 5775689226 2192461824 2938222389 41550305067
1791529449 gw-search-role-v1b 1350718099 2120749056 2938223424 41550312241
1791529449 gw-search-role-v1a 5775694937 2192461824 2938223424 41550312241
1791529454 gw-search-role-v1b 1350718657 2120749056 2938224618 41550319256
1791529454 gw-search-role-v1a 5775699391 2192461824 2938224618 41550319256
1791529460 gw-search-role-v1b 1350723208 2120749056 2938226224 41550325838
1791529460 gw-search-role-v1a 5775704436 2192461824 2938226224 41550325838
1791529465 gw-search-role-v1b 1350724467 2120749056 2938228158 41550332078
1791529465 gw-search-role-v1a 5775707292 2192461824 2938228158 41550332078
1791529470 gw-search-role-v1b 1350725048 2120749056 2938229442 41550338970
1791529470 gw-search-role-v1a 5775713432 2192461824 2938229442 41550338970
1791529475 gw-search-role-v1b 1350725335 2120749056 2938230214 41550346414
1791529475 gw-search-role-v1a 5775718423 2192461824 2938230214 41550346414
1791529480 gw-search-role-v1b 1350725920 2120749056 2938231233 41550353645
1791529480 gw-search-role-v1a 5775721754 2192461824 2938231233 41550353645
1791529485 gw-search-role-v1b 1350726266 2120749056 2938232445 41550360613
1791529485 gw-search-role-v1a 5775728718 2192461824 2938232445 41550360613
1791529491 gw-search-role-v1b 1350726971 2120749056 2938233620 41550367675
1791529491 gw-search-role-v1a 5775733037 2192461824 2938233620 41550367675
1791529496 gw-search-role-v1b 1350727491 2120749056 2938234591 41550374874
1791529496 gw-search-role-v1a 5775739073 2192461824 2938234591 41550374874
1791529501 gw-search-role-v1b 1350727839 2120749056 2938236128 41550381481
1791529501 gw-search-role-v1a 5775745165 2192461824 2938236128 41550381481
1791529506 gw-search-role-v1b 1350728364 2120749056 2938238618 41550387180
1791529506 gw-search-role-v1a 5775749736 2192461824 2938238618 41550387180
1791529511 gw-search-role-v1b 1350728898 2120749056 2938239350 41550394646
1791529511 gw-search-role-v1a 5775755604 2192461824 2938239350 41550394646
1791529517 gw-search-role-v1b 1350729468 2120749056 2938240445 41550401761
1791529517 gw-search-role-v1a 5775759846 2192461824 2938240445 41550401761
1791529522 gw-search-role-v1b 1350731097 2120749056 2938241457 41550408960
1791529522 gw-search-role-v1a 5775766531 2192461824 2938241457 41550408960
1791529527 gw-search-role-v1b 1350731454 2120749056 2938242487 41550416156
1791529527 gw-search-role-v1a 5775770822 2192461824 2938242487 41550416156
1791529532 gw-search-role-v1b 1350731893 2120749056 2938243621 41550423206
1791529532 gw-search-role-v1a 5775774039 2192461824 2938243621 41550423206
1791529537 gw-search-role-v1b 1350732340 2120749056 2938245086 41550429953
1791529537 gw-search-role-v1a 5775780308 2192461824 2938245086 41550429953
1791529543 gw-search-role-v1b 1350732807 2120749056 2938246553 41550436719
1791529543 gw-search-role-v1a 5775783696 2192461824 2938246553 41550436719
1791529548 gw-search-role-v1b 1350733447 2120749056 2938247710 41550443796
1791529548 gw-search-role-v1a 5775789601 2192461824 2938247710 41550443796
1791529553 gw-search-role-v1b 1350734031 2120749056 2938248869 41550450859
1791529553 gw-search-role-v1a 5775794673 2192461824 2938248869 41550450859
1791529558 gw-search-role-v1b 1350734544 2120749056 2938250082 41550457884
1791529558 gw-search-role-v1a 5775798812 2192461824 2938250082 41550457884
1791529563 gw-search-role-v1b 1350734910 2120749056 2938251058 41550465154
1791529563 gw-search-role-v1a 5775804670 2192461824 2938251058 41550465154
1791529569 gw-search-role-v1b 1350735397 2120749056 2938252002 41550472439
1791529569 gw-search-role-v1a 5775814056 2192474112 2938252002 41550472439
1791529574 gw-search-role-v1b 1350742298 2120749056 2938253599 41550479021
1791529574 gw-search-role-v1a 5775820526 2192465920 2938253599 41550479021
1791529579 gw-search-role-v1b 1350742868 2120749056 2938255311 41550485494
1791529579 gw-search-role-v1a 5775825771 2192465920 2938255311 41550485494
1791529584 gw-search-role-v1b 1350744724 2120749056 2938256310 41550492720
1791529584 gw-search-role-v1a 5775829561 2192465920 2938256310 41550492720
1791529589 gw-search-role-v1b 1350745055 2120749056 2938257429 41550499815
1791529589 gw-search-role-v1a 5775835040 2192465920 2938257429 41550499815
1791529595 gw-search-role-v1b 1350745702 2120749056 2938258255 41550507216
1791529595 gw-search-role-v1a 5775839386 2192465920 2938258255 41550507216
1791529600 gw-search-role-v1b 1350746202 2120749056 2938259084 41550514630
1791529600 gw-search-role-v1a 5775844584 2192465920 2938259084 41550514630
1791529605 gw-search-role-v1b 1350746553 2120749056 2938259747 41550522177
1791529605 gw-search-role-v1a 5775850679 2192465920 2938259747 41550522177
1791529610 gw-search-role-v1b 1350747252 2120749056 2938260772 41550529385
1791529610 gw-search-role-v1a 5775854943 2192465920 2938260772 41550529385
1791529615 gw-search-role-v1b 1350747566 2120749056 2938261402 41550536977
1791529615 gw-search-role-v1a 5775860827 2192465920 2938261402 41550536977
1791529621 gw-search-role-v1b 1350748023 2120749056 2938262496 41550544082
1791529621 gw-search-role-v1a 5775864490 2192465920 2938262496 41550544082
1791529626 gw-search-role-v1b 1350748362 2120749056 2938263682 41550551133
1791529626 gw-search-role-v1a 5775871470 2192465920 2938263682 41550551133
1791529631 gw-search-role-v1b 1350748883 2120749056 2938265459 41550557564
1791529631 gw-search-role-v1a 5775876108 2192465920 2938265459 41550557564
1791529636 gw-search-role-v1b 1350749393 2120749056 2938267029 41550564196
1791529636 gw-search-role-v1a 5775879925 2192465920 2938267029 41550564196
1791529641 gw-search-role-v1b 1350750827 2120749056 2938268043 41550571391
1791529641 gw-search-role-v1a 5775884203 2192465920 2938268043 41550571391
1791529647 gw-search-role-v1b 1350751478 2120749056 2938268797 41550578864
1791529647 gw-search-role-v1a 5775887586 2192465920 2938268797 41550578864
1791529652 gw-search-role-v1b 1350751970 2120749056 2938269483 41550586389
1791529652 gw-search-role-v1a 5775893343 2192465920 2938269483 41550586389
1791529657 gw-search-role-v1b 1350752471 2120749056 2938270269 41550593816
1791529657 gw-search-role-v1a 5775898120 2192465920 2938270269 41550593816
1791529662 gw-search-role-v1b 1350752999 2120749056 2938271211 41550601075
1791529662 gw-search-role-v1a 5775902342 2192465920 2938271211 41550601075
1791529667 gw-search-role-v1b 1350753358 2120749056 2938272391 41550608125
1791529667 gw-search-role-v1a 5775908050 2192465920 2938272391 41550608125
1791529672 gw-search-role-v1b 1350754047 2120749056 2938273424 41550615289
1791529672 gw-search-role-v1a 5775911851 2192465920 2938273424 41550615289
1791529678 gw-search-role-v1b 1350754330 2120749056 2938274593 41550622322
1791529678 gw-search-role-v1a 5775917361 2192465920 2938274593 41550622322
1791529683 gw-search-role-v1b 1350754961 2120749056 2938275344 41550629797
1791529683 gw-search-role-v1a 5775920740 2192465920 2938275344 41550629797
1791529688 gw-search-role-v1b 1350755554 2120749056 2938276286 41550637044
1791529688 gw-search-role-v1a 5775930180 2192465920 2938276286 41550637044
1791529693 gw-search-role-v1b 1350755901 2120749056 2938277219 41550644340
1791529693 gw-search-role-v1a 5775935829 2192465920 2938277219 41550644340
1791529698 gw-search-role-v1b 1350756481 2120749056 2938278503 41550651260
1791529698 gw-search-role-v1a 5775938974 2192465920 2938278503 41550651260
1791529704 gw-search-role-v1b 1350757740 2120749056 2938279739 41550658196
1791529704 gw-search-role-v1a 5775943832 2192465920 2938279739 41550658196
1791529709 gw-search-role-v1b 1350758239 2120749056 2938280960 41550665162
1791529709 gw-search-role-v1a 5775947635 2192465920 2938280960 41550665162
1791529714 gw-search-role-v1b 1350758666 2120749056 2938282035 41550672280
1791529714 gw-search-role-v1a 5775952218 2192465920 2938282035 41550672280
1791529719 gw-search-role-v1b 1350758975 2120749056 2938282993 41550679501
1791529719 gw-search-role-v1a 5775956577 2192465920 2938282993 41550679501
1791529724 gw-search-role-v1b 1350759364 2120749056 2938284007 41550686661
1791529724 gw-search-role-v1a 5775959836 2192465920 2938284007 41550686661
1791529729 gw-search-role-v1b 1350759908 2120749056 2938285122 41550693782
1791529729 gw-search-role-v1a 5775964785 2192465920 2938285122 41550693782
1791529735 gw-search-role-v1b 1350760627 2120749056 2938285748 41550701372
1791529735 gw-search-role-v1a 5775967848 2192465920 2938285748 41550701372
1791529740 gw-search-role-v1b 1350760885 2120749056 2938286404 41550708918
1791529740 gw-search-role-v1a 5775972522 2192465920 2938286404 41550708918
1791529745 gw-search-role-v1b 1350761498 2120749056 2938289237 41550714143
1791529745 gw-search-role-v1a 5775982497 2192465920 2938289237 41550714143
1791529750 gw-search-role-v1b 1350761816 2120749056 2938291079 41550720476
1791529750 gw-search-role-v1a 5775986461 2192465920 2938291079 41550720476
1791529755 gw-search-role-v1b 1350762133 2120749056 2938291877 41550727851
1791529755 gw-search-role-v1a 5775990950 2192465920 2938291877 41550727851
1791529761 gw-search-role-v1b 1350764420 2120749056 2938292754 41550735167
1791529761 gw-search-role-v1a 5775994673 2192465920 2938292754 41550735167
1791529766 gw-search-role-v1b 1350765810 2120749056 2938293497 41550742624
1791529766 gw-search-role-v1a 5776000285 2192465920 2938293497 41550742624
1791529771 gw-search-role-v1b 1350766300 2120749056 2938294039 41550750263
1791529771 gw-search-role-v1a 5776003759 2192465920 2938294039 41550750263
1791529776 gw-search-role-v1b 1350766830 2120749056 2938295063 41550757431
1791529776 gw-search-role-v1a 5776008424 2192465920 2938295063 41550757431
1791529781 gw-search-role-v1b 1350767060 2120749056 2938296568 41550764073
1791529781 gw-search-role-v1a 5776017717 2192465920 2938296568 41550764073
1791529786 gw-search-role-v1b 1350767422 2120749056 2938298243 41550770575
1791529786 gw-search-role-v1a 5776021203 2192465920 2938298243 41550770575
1791529792 gw-search-role-v1b 1350767836 2120749056 2938299482 41550777516
1791529792 gw-search-role-v1a 5776025773 2192465920 2938299482 41550777516
1791529797 gw-search-role-v1b 1350768281 2120749056 2938300315 41550784868
1791529797 gw-search-role-v1a 5776029290 2192465920 2938300315 41550784868
1791529802 gw-search-role-v1b 1350772189 2120749056 2938301675 41550791586
1791529802 gw-search-role-v1a 5776034330 2192465920 2938301675 41550791586
1791529807 gw-search-role-v1b 1350772734 2120749056 2938302619 41550799109
1791529807 gw-search-role-v1a 5776040910 2192465920 2938302619 41550799109
1791529812 gw-search-role-v1b 1350773245 2120749056 2938303666 41550806224
1791529812 gw-search-role-v1a 5776044430 2192465920 2938303666 41550806224
1791529818 gw-search-role-v1b 1350773569 2120749056 2938305011 41550813048
1791529818 gw-search-role-v1a 5776049601 2192465920 2938305011 41550813048
1791529823 gw-search-role-v1b 1350775459 2120749056 2938306124 41550820145
1791529823 gw-search-role-v1a 5776052898 2192465920 2938306124 41550820145
1791529828 gw-search-role-v1b 1350775776 2120749056 2938307232 41550827249
1791529828 gw-search-role-v1a 5776058753 2192465920 2938307232 41550827249
1791529833 gw-search-role-v1b 1350776263 2120749056 2938307956 41550834715
1791529833 gw-search-role-v1a 5776064024 2192465920 2938307956 41550834715
1791529838 gw-search-role-v1b 1350776737 2120749056 2938309340 41550841482
1791529838 gw-search-role-v1a 5776067907 2192465920 2938309340 41550841482
1791529843 gw-search-role-v1b 1350777044 2120749056 2938310384 41550848600
1791529843 gw-search-role-v1a 5776075483 2192465920 2938310384 41550848600
1791529849 gw-search-role-v1b 1350777720 2120749056 2938311603 41550855559
1791529849 gw-search-role-v1a 5776078819 2192465920 2938311603 41550855559
1791529854 gw-search-role-v1b 1350778196 2120749056 2938312420 41550862934
1791529854 gw-search-role-v1a 5776084655 2192465920 2938312420 41550862934
1791529859 gw-search-role-v1b 1350778686 2120749056 2938313489 41550870047
1791529859 gw-search-role-v1a 5776088874 2192465920 2938313489 41550870047
1791529864 gw-search-role-v1b 1350779219 2120749056 2938314227 41550877446
1791529864 gw-search-role-v1a 5776092708 2192465920 2938314227 41550877446
1791529869 gw-search-role-v1b 1350779492 2120749056 2938314913 41550884937
1791529869 gw-search-role-v1a 5776098938 2192465920 2938314913 41550884937
1791529874 gw-search-role-v1b 1350780056 2120749056 2938315903 41550892123
1791529874 gw-search-role-v1a 5776102626 2192465920 2938315903 41550892123
1791529880 gw-search-role-v1b 1350780677 2120749056 2938316779 41550899413
1791529880 gw-search-role-v1a 5776109009 2192465920 2938316779 41550899413
1791529885 gw-search-role-v1b 1350782720 2120749056 2938318825 41550905513
1791529885 gw-search-role-v1a 5776112406 2192465920 2938318825 41550905513
1791529890 gw-search-role-v1b 1350783065 2120749056 2938320240 41550912324
1791529890 gw-search-role-v1a 5776118866 2192465920 2938320240 41550912324
1791529895 gw-search-role-v1b 1350783653 2120749056 2938321262 41550919526
1791529895 gw-search-role-v1a 5776123645 2192465920 2938321262 41550919526
1791529900 gw-search-role-v1b 1350784143 2120749056 2938322067 41550926944
1791529900 gw-search-role-v1a 5776128160 2192465920 2938322067 41550926944
1791529906 gw-search-role-v1b 1350785419 2120749056 2938323046 41550934172
1791529906 gw-search-role-v1a 5776133093 2192465920 2938323046 41550934172
1791529911 gw-search-role-v1b 1350786134 2120749056 2938324009 41550941415
1791529911 gw-search-role-v1a 5776138555 2192465920 2938324009 41550941415
1791529916 gw-search-role-v1b 1350786533 2120749056 2938325048 41550948585
1791529916 gw-search-role-v1a 5776145093 2192465920 2938325048 41550948585
1791529921 gw-search-role-v1b 1350787024 2120749056 2938326963 41550954841
1791529921 gw-search-role-v1a 5776150459 2192465920 2938326963 41550954841
1791529926 gw-search-role-v1b 1350787563 2120749056 2938328252 41550961729
1791529926 gw-search-role-v1a 5776155684 2192465920 2938328252 41550961729
1791529931 gw-search-role-v1b 1350787893 2120749056 2938329561 41550968619
1791529931 gw-search-role-v1a 5776161746 2192465920 2938329561 41550968619
1791529937 gw-search-role-v1b 1350788645 2120749056 2938330505 41550975912
1791529937 gw-search-role-v1a 5776165677 2192465920 2938330505 41550975912
1791529942 gw-search-role-v1b 1350791257 2120749056 2938331329 41550983317
1791529942 gw-search-role-v1a 5776172637 2192465920 2938331329 41550983317
1791529947 gw-search-role-v1b 1350791905 2120749056 2938332795 41550990041
1791529947 gw-search-role-v1a 5776190030 2192465920 2938332795 41550990041
1791529952 gw-search-role-v1b 1350792428 2120749056 2938334934 41550996116
1791529952 gw-search-role-v1a 5776194066 2192465920 2938334934 41550996116
1791529957 gw-search-role-v1b 1350792716 2120749056 2938336306 41551002926
1791529957 gw-search-role-v1a 5776200030 2192465920 2938336306 41551002926
1791529963 gw-search-role-v1b 1350793249 2120749056 2938337338 41551010063
1791529963 gw-search-role-v1a 5776203675 2192465920 2938337338 41551010063
1791529968 gw-search-role-v1b 1350793547 2120749056 2938338271 41551017355
1791529968 gw-search-role-v1a 5776210195 2192465920 2938338271 41551017355
1791529973 gw-search-role-v1b 1350794267 2120749056 2938339117 41551024720
1791529973 gw-search-role-v1a 5776223877 2192465920 2938339117 41551024720
1791529978 gw-search-role-v1b 1350794776 2120749056 2938340855 41551031139
1791529978 gw-search-role-v1a 5776228411 2192465920 2938340855 41551031139
1791529983 gw-search-role-v1b 1350801149 2120744960 2938342187 41551038024
1791529983 gw-search-role-v1a 5776234027 2192465920 2938342187 41551038024
1791529989 gw-search-role-v1b 1350801536 2120744960 2938343375 41551045024
1791529989 gw-search-role-v1a 5776239524 2192465920 2938343375 41551045024
1791529994 gw-search-role-v1b 1350801851 2120744960 2938344615 41551052022
1791529994 gw-search-role-v1a 5776244728 2192465920 2938344615 41551052022
1791529999 gw-search-role-v1b 1350802552 2120744960 2938346503 41551058366
1791529999 gw-search-role-v1a 5776250305 2192465920 2938346503 41551058366
1791530004 gw-search-role-v1b 1350804225 2120744960 2938347924 41551065170
1791530004 gw-search-role-v1a 5776255418 2192465920 2938347924 41551065170
1791530009 gw-search-role-v1b 1350804602 2120744960 2938348818 41551072503
1791530009 gw-search-role-v1a 5776260902 2192465920 2938348818 41551072503
1791530015 gw-search-role-v1b 1350805030 2120744960 2938349634 41551079888
1791530015 gw-search-role-v1a 5776265550 2192465920 2938349634 41551079888
1791530020 gw-search-role-v1b 1350805450 2120744960 2938351054 41551086675
1791530020 gw-search-role-v1a 5776270484 2192465920 2938351054 41551086675
1791530025 gw-search-role-v1b 1350806268 2120744960 2938351997 41551093976
1791530025 gw-search-role-v1a 5776276381 2192465920 2938351997 41551093976
1791530030 gw-search-role-v1b 1350806975 2120744960 2938352761 41551101441
1791530030 gw-search-role-v1a 5776280331 2192465920 2938352761 41551101441
1791530035 gw-search-role-v1b 1350807400 2120744960 2938353541 41551108896
1791530035 gw-search-role-v1a 5776285181 2192465920 2938353541 41551108896
1791530041 gw-search-role-v1b 1350808081 2120744960 2938354606 41551116040
1791530041 gw-search-role-v1a 5776288395 2192465920 2938354606 41551116040
1791530046 gw-search-role-v1b 1350808449 2120744960 2938356038 41551122691
1791530046 gw-search-role-v1a 5776297525 2192465920 2938356038 41551122691
1791530051 gw-search-role-v1b 1350808870 2120744960 2938357192 41551129706
1791530051 gw-search-role-v1a 5776302503 2192465920 2938357192 41551129706
1791530056 gw-search-role-v1b 1350809280 2120744960 2938358330 41551136720
1791530056 gw-search-role-v1a 5776306157 2192465920 2938358330 41551136720
1791530061 gw-search-role-v1b 1350815806 2120744960 2938359342 41551143893
1791530061 gw-search-role-v1a 5776311127 2192465920 2938359342 41551143893
1791530067 gw-search-role-v1b 1350816342 2120744960 2938361087 41551150293
1791530067 gw-search-role-v1a 5776314438 2192465920 2938361087 41551150293
1791530072 gw-search-role-v1b 1350816680 2120744960 2938362306 41551157227
1791530072 gw-search-role-v1a 5776319569 2192465920 2938362306 41551157227
1791530077 gw-search-role-v1b 1350817116 2120744960 2938363469 41551164255
1791530077 gw-search-role-v1a 5776324668 2192465920 2938363469 41551164255
1791530082 gw-search-role-v1b 1350817484 2120744960 2938364349 41551171607
1791530082 gw-search-role-v1a 5776328557 2192465920 2938364349 41551171607
1791530087 gw-search-role-v1b 1350818002 2120744960 2938365254 41551178882
1791530087 gw-search-role-v1a 5776333067 2192465920 2938365254 41551178882
1791530092 gw-search-role-v1b 1350818604 2120744960 2938366507 41551185808
1791530092 gw-search-role-v1a 5776336670 2192465920 2938366507 41551185808
1791530098 gw-search-role-v1b 1350819001 2120744960 2938367769 41551192712
1791530098 gw-search-role-v1a 5776343062 2192465920 2938367769 41551192712
1791530103 gw-search-role-v1b 1350819451 2120744960 2938368810 41551199750
1791530103 gw-search-role-v1a 5776347138 2192465920 2938368810 41551199750
1791530108 gw-search-role-v1b 1350819797 2120744960 2938369991 41551206790
1791530108 gw-search-role-v1a 5776353644 2192465920 2938369991 41551206790
1791530113 gw-search-role-v1b 1350820382 2120744960 2938371845 41551213082
1791530113 gw-search-role-v1a 5776358689 2192465920 2938371845 41551213082
1791530118 gw-search-role-v1b 1350820813 2120744960 2938373995 41551219110
1791530118 gw-search-role-v1a 5776362751 2192465920 2938373995 41551219110
1791530124 gw-search-role-v1b 1350822543 2120744960 2938375609 41551225645
1791530124 gw-search-role-v1a 5776367918 2192465920 2938375609 41551225645
1791530129 gw-search-role-v1b 1350826268 2120744960 2938377437 41551231972
1791530129 gw-search-role-v1a 5776371158 2192465920 2938377437 41551231972
1791530134 gw-search-role-v1b 1350826737 2120744960 2938378828 41551238759
1791530134 gw-search-role-v1a 5776376531 2192465920 2938378828 41551238759
1791530139 gw-search-role-v1b 1350827224 2120744960 2938380968 41551244809
1791530139 gw-search-role-v1a 5776382913 2192465920 2938380968 41551244809
1791530144 gw-search-role-v1b 1350827496 2120744960 2938382808 41551251118
1791530144 gw-search-role-v1a 5776386380 2192465920 2938382808 41551251118
1791530149 gw-search-role-v1b 1350828238 2120744960 2938384372 41551257691
1791530149 gw-search-role-v1a 5776392160 2192203776 2938384372 41551257691
1791530155 gw-search-role-v1b 1350828872 2120744960 2938385628 41551264613
1791530155 gw-search-role-v1a 5776395623 2191941632 2938385628 41551264613
1791530160 gw-search-role-v1b 1350829225 2120744960 2938387491 41551270944
1791530160 gw-search-role-v1a 5776402191 2191941632 2938387491 41551270944
1791530165 gw-search-role-v1b 1350829792 2120744960 2938389024 41551277600
1791530165 gw-search-role-v1a 5776407497 2191941632 2938389024 41551277600
1791530170 gw-search-role-v1b 1350830058 2120744960 2938390626 41551284197
1791530170 gw-search-role-v1a 5776411959 2191941632 2938390626 41551284197
1791530175 gw-search-role-v1b 1350830614 2120744960 2938392238 41551290786
1791530175 gw-search-role-v1a 5776418764 2191941632 2938392238 41551290786
1791530181 gw-search-role-v1b 1350831251 2120744960 2938393730 41551297516
1791530181 gw-search-role-v1a 5776423428 2191941632 2938393730 41551297516
1791530186 gw-search-role-v1b 1350832687 2120744960 2938395541 41551303873
1791530186 gw-search-role-v1a 5776429606 2191941632 2938395541 41551303873
1791530191 gw-search-role-v1b 1350833181 2120744960 2938397330 41551310292
1791530191 gw-search-role-v1a 5776434452 2191941632 2938397330 41551310292
1791530196 gw-search-role-v1b 1350833501 2120744960 2938399211 41551316450
1791530196 gw-search-role-v1a 5776444420 2191941632 2938399211 41551316450
1791530201 gw-search-role-v1b 1350833969 2120744960 2938401176 41551322514
1791530201 gw-search-role-v1a 5776449086 2191941632 2938401176 41551322514
1791530206 gw-search-role-v1b 1350834508 2120744960 2938403282 41551328404
1791530206 gw-search-role-v1a 5776453454 2191941632 2938403282 41551328404
1791530212 gw-search-role-v1b 1350835075 2120744960 2938405708 41551333975
1791530212 gw-search-role-v1a 5776459482 2191941632 2938405708 41551333975
1791530217 gw-search-role-v1b 1350835488 2120744960 2938407784 41551339896
1791530217 gw-search-role-v1a 5776463639 2191941632 2938407784 41551339896
1791530222 gw-search-role-v1b 1350835773 2120744960 2938409526 41551346231
1791530222 gw-search-role-v1a 5776468957 2191941632 2938409526 41551346231
1791530227 gw-search-role-v1b 1350836256 2120744960 2938410953 41551352860
1791530227 gw-search-role-v1a 5776476313 2191941632 2938410953 41551352860
1791530232 gw-search-role-v1b 1350836622 2120744960 2938412706 41551359207
1791530232 gw-search-role-v1a 5776480045 2191941632 2938412706 41551359207
1791530238 gw-search-role-v1b 1350837141 2120744960 2938414893 41551365047
1791530238 gw-search-role-v1a 5776488115 2191941632 2938414893 41551365047
1791530243 gw-search-role-v1b 1350838835 2120744960 2938416980 41551371025
1791530243 gw-search-role-v1a 5776492160 2191941632 2938416980 41551371025
1791530248 gw-search-role-v1b 1350839170 2120744960 2938418808 41551377244
1791530248 gw-search-role-v1a 5776496970 2191941632 2938418808 41551377244
1791530253 gw-search-role-v1b 1350839639 2120744960 2938421072 41551383071
1791530253 gw-search-role-v1a 5776503312 2191941632 2938421072 41551383071
1791530258 gw-search-role-v1b 1350840008 2120744960 2938423391 41551388783
1791530258 gw-search-role-v1a 5776506675 2191941632 2938423391 41551388783
1791530263 gw-search-role-v1b 1350840465 2120744960 2938425279 41551394942
1791530263 gw-search-role-v1a 5776513126 2191941632 2938425279 41551394942
1791530269 gw-search-role-v1b 1350841039 2120744960 2938427775 41551400482
1791530269 gw-search-role-v1a 5776517085 2191941632 2938427775 41551400482
1791530274 gw-search-role-v1b 1350841511 2120744960 2938430190 41551406149
1791530274 gw-search-role-v1a 5776523306 2191941632 2938430190 41551406149
1791530279 gw-search-role-v1b 1350842012 2120744960 2938432395 41551412015
1791530279 gw-search-role-v1a 5776528821 2191941632 2938432395 41551412015
1791530284 gw-search-role-v1b 1350842292 2120744960 2938434217 41551418230
1791530284 gw-search-role-v1a 5776532232 2191941632 2938434217 41551418230
1791530289 gw-search-role-v1b 1350842803 2120744960 2938435692 41551424828
1791530289 gw-search-role-v1a 5776538303 2191941632 2938435692 41551424828
1791530295 gw-search-role-v1b 1350843196 2120744960 2938437724 41551430842
1791530295 gw-search-role-v1a 5776541819 2191941632 2938437724 41551430842
1791530300 gw-search-role-v1b 1350843718 2120744960 2938439641 41551437068
1791530300 gw-search-role-v1a 5776546703 2191941632 2938439641 41551437068
1791530305 gw-search-role-v1b 1350845383 2120744960 2938441281 41551443567
1791530305 gw-search-role-v1a 5776551745 2191941632 2938441281 41551443567
1791530310 gw-search-role-v1b 1350845706 2120744960 2938442938 41551450121
1791530310 gw-search-role-v1a 5776556359 2191941632 2938442938 41551450121
1791530315 gw-search-role-v1b 1350846278 2120744960 2938444380 41551456878
1791530315 gw-search-role-v1a 5776561853 2191941632 2938444380 41551456878
1791530321 gw-search-role-v1b 1350846809 2120744960 2938445665 41551463816
1791530321 gw-search-role-v1a 5776564922 2191941632 2938445665 41551463816
1791530326 gw-search-role-v1b 1350847243 2120744960 2938446658 41551471045
1791530326 gw-search-role-v1a 5776570214 2191941632 2938446658 41551471045
1791530331 gw-search-role-v1b 1350847926 2120744960 2938448072 41551477857
1791530331 gw-search-role-v1a 5776575712 2191941632 2938448072 41551477857
1791530336 gw-search-role-v1b 1350848269 2120744960 2938449784 41551484312
1791530336 gw-search-role-v1a 5776579982 2191941632 2938449784 41551484312
1791530341 gw-search-role-v1b 1350848828 2120744960 2938451676 41551490610
1791530341 gw-search-role-v1a 5776586097 2191941632 2938451676 41551490610
1791530347 gw-search-role-v1b 1350849357 2120744960 2938452769 41551497698
1791530347 gw-search-role-v1a 5776594761 2191941632 2938452769 41551497698
1791530352 gw-search-role-v1b 1350849719 2120744960 2938453996 41551504671
1791530352 gw-search-role-v1a 5776600069 2191941632 2938453996 41551504671
1791530357 gw-search-role-v1b 1350850575 2120744960 2938454807 41551512086
1791530357 gw-search-role-v1a 5776605380 2191941632 2938454807 41551512086
1791530362 gw-search-role-v1b 1350855142 2120744960 2938456009 41551519122
1791530362 gw-search-role-v1a 5776609392 2191941632 2938456009 41551519122
1791530367 gw-search-role-v1b 1350860760 2120744960 2938458454 41551524875
1791530367 gw-search-role-v1a 5776615125 2191941632 2938458454 41551524875
1791530373 gw-search-role-v1b 1350861451 2120744960 2938460001 41551531552
1791530373 gw-search-role-v1a 5776618641 2191941632 2938460001 41551531552
1791530378 gw-search-role-v1b 1350861846 2120744960 2938461211 41551538552
1791530378 gw-search-role-v1a 5776624909 2191941632 2938461211 41551538552
1791530383 gw-search-role-v1b 1350862256 2120744960 2938462684 41551545302
1791530383 gw-search-role-v1a 5776631197 2191941632 2938462684 41551545302
1791530388 gw-search-role-v1b 1350862591 2120744960 2938464129 41551552036
1791530388 gw-search-role-v1a 5776635239 2191941632 2938464129 41551552036
1791530393 gw-search-role-v1b 1350863177 2120744960 2938465706 41551558663
1791530393 gw-search-role-v1a 5776640181 2191941632 2938465706 41551558663
1791530399 gw-search-role-v1b 1350863441 2120744960 2938467574 41551564928
1791530399 gw-search-role-v1a 5776644223 2191941632 2938467574 41551564928
1791530404 gw-search-role-v1b 1350863956 2120744960 2938468816 41551571751
1791530404 gw-search-role-v1a 5776650032 2191941632 2938468816 41551571751
1791530409 gw-search-role-v1b 1350864460 2120744960 2938469840 41551578923
1791530409 gw-search-role-v1a 5776654603 2191941632 2938469840 41551578923
1791530414 gw-search-role-v1b 1350864778 2120744960 2938470891 41551586030
1791530414 gw-search-role-v1a 5776659337 2191941632 2938470891 41551586030
1791530419 gw-search-role-v1b 1350865400 2120744960 2938472963 41551592134
1791530419 gw-search-role-v1a 5776663521 2191941632 2938472963 41551592134
1791530424 gw-search-role-v1b 1350866845 2120744960 2938474651 41551598645
1791530424 gw-search-role-v1a 5776667087 2191941632 2938474651 41551598645
1791530430 gw-search-role-v1b 1350867258 2120744960 2938476314 41551605148
1791530430 gw-search-role-v1a 5776672902 2191941632 2938476314 41551605148
1791530435 gw-search-role-v1b 1350867696 2120744960 2938477692 41551611949
1791530435 gw-search-role-v1a 5776677247 2191941632 2938477692 41551611949
1791530440 gw-search-role-v1b 1350868083 2120744960 2938478651 41551619255
1791530440 gw-search-role-v1a 5776682695 2191941632 2938478651 41551619255
1791530445 gw-search-role-v1b 1350868623 2120744960 2938480258 41551625874
1791530445 gw-search-role-v1a 5776687503 2191941632 2938480258 41551625874
1791530450 gw-search-role-v1b 1350869135 2120744960 2938482320 41551632023
1791530450 gw-search-role-v1a 5776691359 2191941632 2938482320 41551632023
1791530456 gw-search-role-v1b 1350869612 2120744960 2938483532 41551639012
1791530456 gw-search-role-v1a 5776696517 2191941632 2938483532 41551639012
1791530461 gw-search-role-v1b 1350870022 2120744960 2938484733 41551646003
1791530461 gw-search-role-v1a 5776699971 2191941632 2938484733 41551646003
1791530466 gw-search-role-v1b 1350870459 2120744960 2938485866 41551653096
1791530466 gw-search-role-v1a 5776705732 2191941632 2938485866 41551653096
1791530471 gw-search-role-v1b 1350870877 2120744960 2938487014 41551660169
1791530471 gw-search-role-v1a 5776709762 2191941632 2938487014 41551660169
1791530476 gw-search-role-v1b 1350871224 2120744960 2938488831 41551666539
1791530476 gw-search-role-v1a 5776713791 2191941632 2938488831 41551666539
1791530482 gw-search-role-v1b 1350873127 2120744960 2938490772 41551672773
1791530482 gw-search-role-v1a 5776719769 2191941632 2938490772 41551672773
1791530487 gw-search-role-v1b 1350873654 2120744960 2938492080 41551679649
1791530487 gw-search-role-v1a 5776723398 2191941632 2938492080 41551679649
1791530492 gw-search-role-v1b 1350874065 2120744960 2938493048 41551686887
1791530492 gw-search-role-v1a 5776733116 2191941632 2938493048 41551686887
1791530497 gw-search-role-v1b 1350874660 2120744960 2938493825 41551694317
1791530497 gw-search-role-v1a 5776739088 2191941632 2938493825 41551694317
1791530502 gw-search-role-v1b 1350874981 2120744960 2938494866 41551701457
1791530502 gw-search-role-v1a 5776743337 2191941632 2938494866 41551701457
1791530507 gw-search-role-v1b 1350875431 2120744960 2938496063 41551708474
1791530507 gw-search-role-v1a 5776748650 2191941632 2938496063 41551708474
1791530513 gw-search-role-v1b 1350876131 2120744960 2938497174 41551715568
1791530513 gw-search-role-v1a 5776752509 2191941632 2938497174 41551715568
1791530518 gw-search-role-v1b 1350876665 2120744960 2938498208 41551722767
1791530518 gw-search-role-v1a 5776758313 2191941632 2938498208 41551722767
1791530523 gw-search-role-v1b 1350877227 2120744960 2938498932 41551730240
1791530523 gw-search-role-v1a 5776764293 2191941632 2938498932 41551730240
1791530528 gw-search-role-v1b 1350877553 2120744960 2938499646 41551737728
1791530528 gw-search-role-v1a 5776770504 2191941632 2938499646 41551737728
1791530533 gw-search-role-v1b 1350878202 2120744960 2938500431 41551745187
1791530533 gw-search-role-v1a 5776776620 2191941632 2938500431 41551745187
1791530539 gw-search-role-v1b 1350878568 2120744960 2938502041 41551751748
1791530539 gw-search-role-v1a 5776780257 2191941632 2938502041 41551751748
1791530544 gw-search-role-v1b 1350880222 2120744960 2938502916 41551759093
1791530544 gw-search-role-v1a 5776785810 2191941632 2938502916 41551759093
1791530549 gw-search-role-v1b 1350880761 2120744960 2938503614 41551766603
1791530549 gw-search-role-v1a 5776789676 2191941632 2938503614 41551766603
1791530554 gw-search-role-v1b 1350881111 2120744960 2938504808 41551773646
1791530554 gw-search-role-v1a 5776793579 2191941632 2938504808 41551773646
1791530559 gw-search-role-v1b 1350881658 2120744960 2938505948 41551780676
1791530559 gw-search-role-v1a 5776799539 2191941632 2938505948 41551780676
1791530565 gw-search-role-v1b 1350882037 2120744960 2938507012 41551787800
1791530565 gw-search-role-v1a 5776803885 2191941632 2938507012 41551787800
1791530570 gw-search-role-v1b 1350882842 2120744960 2938508150 41551794882
1791530570 gw-search-role-v1a 5776809395 2191941632 2938508150 41551794882
1791530575 gw-search-role-v1b 1350883363 2120744960 2938509346 41551801906
1791530575 gw-search-role-v1a 5776814353 2191941632 2938509346 41551801906
1791530580 gw-search-role-v1b 1350883771 2120744960 2938510209 41551809273
1791530580 gw-search-role-v1a 5776818450 2191941632 2938510209 41551809273
1791530585 gw-search-role-v1b 1350884330 2120744960 2938510812 41551816902
1791530585 gw-search-role-v1a 5776825415 2191941632 2938510812 41551816902
1791530591 gw-search-role-v1b 1350884675 2120744960 2938512056 41551823843
1791530591 gw-search-role-v1a 5776829584 2191941632 2938512056 41551823843
1791530596 gw-search-role-v1b 1350885308 2120744960 2938512988 41551831137
1791530596 gw-search-role-v1a 5776836304 2191941632 2938512988 41551831137
1791530601 gw-search-role-v1b 1350885987 2120744960 2938514201 41551838126
1791530601 gw-search-role-v1a 5776841409 2191941632 2938514201 41551838126
1791530606 gw-search-role-v1b 1350888122 2120744960 2938514980 41551845536
1791530606 gw-search-role-v1a 5776845725 2191941632 2938514980 41551845536
1791530611 gw-search-role-v1b 1350888665 2120744960 2938515906 41551852804
1791530611 gw-search-role-v1a 5776851095 2191941632 2938515906 41551852804
1791530617 gw-search-role-v1b 1350889262 2120744960 2938517236 41551859690
1791530617 gw-search-role-v1a 5776855825 2191941632 2938517236 41551859690
1791530622 gw-search-role-v1b 1350889772 2120744960 2938518978 41551866124
1791530622 gw-search-role-v1a 5776861525 2191941632 2938518978 41551866124
1791530627 gw-search-role-v1b 1350890377 2120744960 2938520183 41551873154
1791530627 gw-search-role-v1a 5776866117 2191941632 2938520183 41551873154
1791530632 gw-search-role-v1b 1350891065 2120744960 2938521166 41551880347
1791530632 gw-search-role-v1a 5776871973 2191941632 2938521166 41551880347
1791530637 gw-search-role-v1b 1350891635 2120744960 2938522135 41551887566
1791530637 gw-search-role-v1a 5776878314 2191941632 2938522135 41551887566
1791530642 gw-search-role-v1b 1350892027 2120744960 2938523082 41551894854
1791530642 gw-search-role-v1a 5776885689 2191941632 2938523082 41551894854
1791530648 gw-search-role-v1b 1350892581 2120744960 2938524668 41551901444
1791530648 gw-search-role-v1a 5776892005 2191941632 2938524668 41551901444
1791530653 gw-search-role-v1b 1350893104 2120744960 2938525719 41551908612
1791530653 gw-search-role-v1a 5776897536 2191941632 2938525719 41551908612
1791530658 gw-search-role-v1b 1350893480 2120744960 2938526748 41551915815
1791530658 gw-search-role-v1a 5776902763 2191941632 2938526748 41551915815
1791530663 gw-search-role-v1b 1350906026 2120749056 2938527954 41551922832
1791530663 gw-search-role-v1a 5776917068 2191941632 2938527954 41551922832
1791530668 gw-search-role-v1b 1350906453 2120749056 2938529251 41551929738
1791530668 gw-search-role-v1a 5776920594 2191941632 2938529251 41551929738
1791530674 gw-search-role-v1b 1350906921 2120749056 2938530302 41551936913
1791530674 gw-search-role-v1a 5776926816 2191941632 2938530302 41551936913
1791530679 gw-search-role-v1b 1350907337 2120749056 2938531452 41551943983
1791530679 gw-search-role-v1a 5776931627 2191941632 2938531452 41551943983
1791530684 gw-search-role-v1b 1350907665 2120749056 2938532566 41551951119
1791530684 gw-search-role-v1a 5776934947 2191941632 2938532566 41551951119
1791530689 gw-search-role-v1b 1350908470 2120749056 2938533808 41551958073
1791530689 gw-search-role-v1a 5776941040 2191941632 2938533808 41551958073
1791530694 gw-search-role-v1b 1350908910 2120749056 2938534567 41551965488
1791530694 gw-search-role-v1a 5776944705 2191941632 2938534567 41551965488
1791530700 gw-search-role-v1b 1350909339 2120749056 2938535987 41551972301
1791530700 gw-search-role-v1a 5776950822 2191941632 2938535987 41551972301
1791530705 gw-search-role-v1b 1350909818 2120749056 2938537458 41551978978
1791530705 gw-search-role-v1a 5776956821 2191941632 2938537458 41551978978
1791530710 gw-search-role-v1b 1350910176 2120749056 2938538369 41551986268
1791530710 gw-search-role-v1a 5776962655 2191941632 2938538369 41551986268
1791530715 gw-search-role-v1b 1350910649 2120749056 2938539547 41551993266
1791530715 gw-search-role-v1a 5776968091 2191941632 2938539547 41551993266
1791530720 gw-search-role-v1b 1350911119 2120749056 2938540948 41552000028
1791530720 gw-search-role-v1a 5776972310 2191941632 2938540948 41552000028
1791530726 gw-search-role-v1b 1350912982 2120749056 2938542319 41552006867
1791530726 gw-search-role-v1a 5776977617 2191941632 2938542319 41552006867
1791530731 gw-search-role-v1b 1350913305 2120749056 2938543639 41552013748
1791530731 gw-search-role-v1a 5776983260 2191941632 2938543639 41552013748
1791530736 gw-search-role-v1b 1350913781 2120749056 2938544738 41552020835
1791530736 gw-search-role-v1a 5776989646 2191941632 2938544738 41552020835
1791530741 gw-search-role-v1b 1350914552 2120749056 2938545780 41552027986
1791530741 gw-search-role-v1a 5776995784 2191941632 2938545780 41552027986
1791530746 gw-search-role-v1b 1350915097 2120749056 2938546571 41552035426
1791530746 gw-search-role-v1a 5776999386 2191941632 2938546571 41552035426
1791530752 gw-search-role-v1b 1350915916 2120749056 2938547423 41552042811
1791530752 gw-search-role-v1a 5777004633 2191941632 2938547423 41552042811
1791530757 gw-search-role-v1b 1350916193 2120749056 2938548975 41552049467
1791530757 gw-search-role-v1a 5777008534 2191941632 2938548975 41552049467
1791530762 gw-search-role-v1b 1350916723 2120749056 2938550269 41552056371
1791530762 gw-search-role-v1a 5777014135 2191941632 2938550269 41552056371
1791530767 gw-search-role-v1b 1350917168 2120749056 2938551479 41552063344
1791530767 gw-search-role-v1a 5777023512 2191941632 2938551479 41552063344
1791530772 gw-search-role-v1b 1350917537 2120749056 2938552320 41552070719
1791530772 gw-search-role-v1a 5777027545 2191941632 2938552320 41552070719
1791530778 gw-search-role-v1b 1350918142 2120749056 2938553588 41552077684
1791530778 gw-search-role-v1a 5777032172 2191941632 2938553588 41552077684
1791530783 gw-search-role-v1b 1350919871 2120749056 2938554800 41552084601
1791530783 gw-search-role-v1a 5777038416 2191941632 2938554800 41552084601
1791530788 gw-search-role-v1b 1350920520 2120749056 2938556655 41552090803
1791530788 gw-search-role-v1a 5777044119 2191941632 2938556655 41552090803
1791530793 gw-search-role-v1b 1350921047 2120749056 2938558484 41552097059
1791530793 gw-search-role-v1a 5777049070 2191941632 2938558484 41552097059
1791530798 gw-search-role-v1b 1350921331 2120749056 2938560230 41552103360
1791530798 gw-search-role-v1a 5777052941 2191941632 2938560230 41552103360
1791530804 gw-search-role-v1b 1350921938 2120749056 2938561820 41552109937
1791530804 gw-search-role-v1a 5777059443 2191941632 2938561820 41552109937
1791530809 gw-search-role-v1b 1350922302 2120749056 2938563330 41552116527
1791530809 gw-search-role-v1a 5777067926 2191941632 2938563330 41552116527
1791530814 gw-search-role-v1b 1350922792 2120749056 2938565181 41552122807
1791530814 gw-search-role-v1a 5777073916 2191941632 2938565181 41552122807
1791530819 gw-search-role-v1b 1350923303 2120749056 2938566681 41552129388
1791530819 gw-search-role-v1a 5777079261 2191941632 2938566681 41552129388
1791530824 gw-search-role-v1b 1350923572 2120749056 2938569351 41552134798
1791530824 gw-search-role-v1a 5777083599 2191941632 2938569351 41552134798
1791530830 gw-search-role-v1b 1350923995 2120749056 2938571778 41552140445
1791530830 gw-search-role-v1a 5777089472 2191941632 2938571778 41552140445
1791530835 gw-search-role-v1b 1350924365 2120749056 2938573249 41552147148
1791530835 gw-search-role-v1a 5777094622 2191941632 2938573249 41552147148
1791530840 gw-search-role-v1b 1350925013 2120749056 2938574808 41552153788
1791530840 gw-search-role-v1a 5777101203 2191941632 2938574808 41552153788
1791530845 gw-search-role-v1b 1350926712 2120749056 2938575945 41552160832
1791530845 gw-search-role-v1a 5777106842 2191941632 2938575945 41552160832
1791530850 gw-search-role-v1b 1350927052 2120749056 2938577348 41552167645
1791530850 gw-search-role-v1a 5777111391 2191941632 2938577348 41552167645
1791530855 gw-search-role-v1b 1350927529 2120749056 2938578323 41552174899
1791530855 gw-search-role-v1a 5777117360 2191941632 2938578323 41552174899
1791530861 gw-search-role-v1b 1350927804 2120749056 2938579376 41552182077
1791530861 gw-search-role-v1a 5777120765 2191941632 2938579376 41552182077
1791530866 gw-search-role-v1b 1350928438 2120749056 2938580247 41552189422
1791530866 gw-search-role-v1a 5777127169 2191941632 2938580247 41552189422
1791530871 gw-search-role-v1b 1350929107 2120749056 2938581347 41552196569
1791530871 gw-search-role-v1a 5777132972 2191941632 2938581347 41552196569
1791530876 gw-search-role-v1b 1350929387 2120749056 2938582309 41552203813
1791530876 gw-search-role-v1a 5777137106 2191941632 2938582309 41552203813
1791530881 gw-search-role-v1b 1350930002 2120749056 2938583164 41552211157
1791530881 gw-search-role-v1a 5777143162 2191941632 2938583164 41552211157
1791530887 gw-search-role-v1b 1350930521 2120749056 2938584194 41552218343
1791530887 gw-search-role-v1a 5777148128 2191941632 2938584194 41552218343
1791530892 gw-search-role-v1b 1350938982 2120744960 2938585194 41552225548
1791530892 gw-search-role-v1a 5777154621 2191941632 2938585194 41552225548
1791530897 gw-search-role-v1b 1350939241 2120744960 2938586441 41552232493
1791530897 gw-search-role-v1a 5777160435 2191941632 2938586441 41552232493
1791530902 gw-search-role-v1b 1350940935 2120744960 2938587475 41552239650
1791530902 gw-search-role-v1a 5777164397 2191941632 2938587475 41552239650
1791530907 gw-search-role-v1b 1350941490 2120744960 2938588670 41552246654
1791530907 gw-search-role-v1a 5777170582 2191941632 2938588670 41552246654
1791530913 gw-search-role-v1b 1350941950 2120744960 2938590134 41552253378
1791530913 gw-search-role-v1a 5777174307 2191941632 2938590134 41552253378
1791530918 gw-search-role-v1b 1350942407 2120744960 2938591556 41552260150
1791530918 gw-search-role-v1a 5777181154 2191941632 2938591556 41552260150
1791530923 gw-search-role-v1b 1350942810 2120744960 2938592736 41552267181
1791530923 gw-search-role-v1a 5777186056 2191941632 2938592736 41552267181
1791530928 gw-search-role-v1b 1350943361 2120744960 2938593474 41552274656
1791530928 gw-search-role-v1a 5777189421 2191941632 2938593474 41552274656
1791530933 gw-search-role-v1b 1350944071 2120744960 2938594476 41552281855
1791530933 gw-search-role-v1a 5777195509 2191941632 2938594476 41552281855
1791530939 gw-search-role-v1b 1350944455 2120744960 2938595359 41552289203
1791530939 gw-search-role-v1a 5777199207 2191941632 2938595359 41552289203
1791530944 gw-search-role-v1b 1350945034 2120744960 2938596772 41552296068
1791530944 gw-search-role-v1a 5777207888 2191941632 2938596772 41552296068
1791530949 gw-search-role-v1b 1350945414 2120744960 2938598345 41552302694
1791530949 gw-search-role-v1a 5777212965 2191941632 2938598345 41552302694
1791530954 gw-search-role-v1b 1350945938 2120744960 2938599915 41552309308
1791530954 gw-search-role-v1a 5777216265 2191941632 2938599915 41552309308
1791530959 gw-search-role-v1b 1350952817 2120744960 2938600868 41552316577
1791530959 gw-search-role-v1a 5777221957 2191941632 2938600868 41552316577
1791530965 gw-search-role-v1b 1350954237 2120744960 2938601783 41552323888
1791530965 gw-search-role-v1a 5777225679 2191941632 2938601783 41552323888
1791530970 gw-search-role-v1b 1350955043 2120744960 2938602710 41552331170
1791530970 gw-search-role-v1a 5777230966 2191941632 2938602710 41552331170
1791530975 gw-search-role-v1b 1350955405 2120744960 2938603468 41552338657
1791530975 gw-search-role-v1a 5777237870 2191941632 2938603468 41552338657
1791530980 gw-search-role-v1b 1350955878 2120744960 2938605589 41552344721
1791530980 gw-search-role-v1a 5777241690 2191941632 2938605589 41552344721
1791530985 gw-search-role-v1b 1350956417 2120744960 2938607900 41552350573
1791530985 gw-search-role-v1a 5777246273 2191941632 2938607900 41552350573
1791530990 gw-search-role-v1b 1350956959 2120744960 2938610103 41552356534
1791530990 gw-search-role-v1a 5777250233 2191941632 2938610103 41552356534
1791530996 gw-search-role-v1b 1350957424 2120744960 2938611416 41552363434
1791530996 gw-search-role-v1a 5777256624 2191941632 2938611416 41552363434
1791531001 gw-search-role-v1b 1350957763 2120744960 2938612191 41552370860
1791531001 gw-search-role-v1a 5777262024 2191941632 2938612191 41552370860
1791531006 gw-search-role-v1b 1350958263 2120744960 2938613822 41552377210
1791531006 gw-search-role-v1a 5777267903 2191941632 2938613822 41552377210
1791531011 gw-search-role-v1b 1350962140 2120753152 2938614645 41552384598
1791531011 gw-search-role-v1a 5777273464 2191941632 2938614645 41552384598
1791531016 gw-search-role-v1b 1350962422 2120753152 2938616538 41552390868
1791531016 gw-search-role-v1a 5777278456 2191941632 2938616538 41552390868
1791531022 gw-search-role-v1b 1350964030 2120753152 2938618278 41552397260
1791531022 gw-search-role-v1a 5777288192 2191941632 2938618278 41552397260
1791531027 gw-search-role-v1b 1350964370 2120753152 2938619513 41552404160
1791531027 gw-search-role-v1a 5777299688 2191941632 2938619513 41552404160
1791531032 gw-search-role-v1b 1350964923 2120753152 2938620833 41552411014
1791531032 gw-search-role-v1a 5777305280 2191941632 2938620833 41552411014
1791531037 gw-search-role-v1b 1350965200 2120753152 2938621867 41552418122
1791531037 gw-search-role-v1a 5777310402 2191941632 2938621867 41552418122
1791531042 gw-search-role-v1b 1350965792 2120753152 2938622837 41552425324
1791531042 gw-search-role-v1a 5777314097 2191941632 2938622837 41552425324
1791531047 gw-search-role-v1b 1350966304 2120753152 2938623806 41552432504
1791531047 gw-search-role-v1a 5777319117 2191941632 2938623806 41552432504
1791531053 gw-search-role-v1b 1350966697 2120753152 2938624958 41552439578
1791531053 gw-search-role-v1a 5777322542 2191941632 2938624958 41552439578
1791531058 gw-search-role-v1b 1350967177 2120753152 2938625921 41552446857
1791531058 gw-search-role-v1a 5777328243 2191941632 2938625921 41552446857
1791531063 gw-search-role-v1b 1350967482 2120753152 2938627075 41552453919
1791531063 gw-search-role-v1a 5777333433 2191941632 2938627075 41552453919
1791531068 gw-search-role-v1b 1350967957 2120753152 2938628630 41552460550
1791531068 gw-search-role-v1a 5777338607 2191941632 2938628630 41552460550
1791531074 gw-search-role-v1b 1350968612 2120753152 2938629652 41552467776
1791531074 gw-search-role-v1a 5777344293 2191941632 2938629652 41552467776
1791531079 gw-search-role-v1b 1350969087 2120753152 2938630449 41552475191
1791531079 gw-search-role-v1a 5777347819 2191941632 2938630449 41552475191
1791531084 gw-search-role-v1b 1350970616 2120753152 2938631393 41552482483
1791531084 gw-search-role-v1a 5777354156 2191941632 2938631393 41552482483
1791531089 gw-search-role-v1b 1350971123 2120753152 2938632329 41552489771
1791531089 gw-search-role-v1a 5777360202 2191941632 2938632329 41552489771
1791531094 gw-search-role-v1b 1350971706 2120753152 2938632940 41552497388
1791531094 gw-search-role-v1a 5777365438 2191941632 2938632940 41552497388
1791531100 gw-search-role-v1b 1350972198 2120753152 2938633728 41552504837
1791531100 gw-search-role-v1a 5777371794 2191941632 2938633728 41552504837
1791531105 gw-search-role-v1b 1350972585 2120753152 2938634871 41552511920
1791531105 gw-search-role-v1a 5777375234 2191941632 2938634871 41552511920
1791531110 gw-search-role-v1b 1350973268 2120753152 2938636116 41552518914
1791531110 gw-search-role-v1a 5777379535 2191941632 2938636116 41552518914
1791531115 gw-search-role-v1b 1350973645 2120753152 2938637094 41552526168
1791531115 gw-search-role-v1a 5777384261 2191941632 2938637094 41552526168
1791531120 gw-search-role-v1b 1350974124 2120753152 2938638092 41552533381
1791531120 gw-search-role-v1a 5777388546 2191941632 2938638092 41552533381
1791531126 gw-search-role-v1b 1350974713 2120753152 2938639466 41552540192
1791531126 gw-search-role-v1a 5777396030 2191941632 2938639466 41552540192
1791531131 gw-search-role-v1b 1350975051 2120753152 2938640460 41552547385
1791531131 gw-search-role-v1a 5777400172 2191941632 2938640460 41552547385
1791531136 gw-search-role-v1b 1350975627 2120753152 2938641784 41552554227
1791531136 gw-search-role-v1a 5777405928 2191941632 2938641784 41552554227
1791531141 gw-search-role-v1b 1350976140 2120753152 2938642968 41552561277
1791531141 gw-search-role-v1a 5777411926 2191941632 2938642968 41552561277
1791531146 gw-search-role-v1b 1350977485 2120753152 2938644424 41552568051
1791531146 gw-search-role-v1a 5777415528 2191941632 2938644424 41552568051
1791531151 gw-search-role-v1b 1350978064 2120753152 2938645374 41552575334
1791531151 gw-search-role-v1a 5777424935 2191953920 2938645374 41552575334
1791531157 gw-search-role-v1b 1350978372 2120753152 2938646262 41552582677
1791531157 gw-search-role-v1a 5777428462 2191953920 2938646262 41552582677
1791531162 gw-search-role-v1b 1350978935 2120753152 2938647588 41552589562
1791531162 gw-search-role-v1a 5777434203 2191953920 2938647588 41552589562
1791531167 gw-search-role-v1b 1350979286 2120753152 2938648664 41552596679
1791531167 gw-search-role-v1a 5777440319 2191953920 2938648664 41552596679
1791531172 gw-search-role-v1b 1350979944 2120753152 2938649427 41552604149
1791531172 gw-search-role-v1a 5777444926 2191953920 2938649427 41552604149
1791531177 gw-search-role-v1b 1350980462 2120753152 2938650194 41552611622
1791531177 gw-search-role-v1a 5777450031 2191953920 2938650194 41552611622
1791531183 gw-search-role-v1b 1350980840 2120753152 2938651386 41552618649
1791531183 gw-search-role-v1a 5777453280 2191953920 2938651386 41552618649
1791531188 gw-search-role-v1b 1350981392 2120753152 2938652009 41552626227
1791531188 gw-search-role-v1a 5777460388 2191953920 2938652009 41552626227
1791531193 gw-search-role-v1b 1350981838 2120753152 2938653323 41552633107
1791531193 gw-search-role-v1a 5777466509 2191953920 2938653323 41552633107
1791531198 gw-search-role-v1b 1350982311 2120753152 2938654839 41552639850
1791531198 gw-search-role-v1a 5777469930 2191953920 2938654839 41552639850
1791531203 gw-search-role-v1b 1350984388 2120753152 2938655499 41552647399
1791531203 gw-search-role-v1a 5777476688 2191953920 2938655499 41552647399
1791531209 gw-search-role-v1b 1350984644 2120753152 2938656316 41552654801
1791531209 gw-search-role-v1a 5777480619 2191953920 2938656316 41552654801
1791531214 gw-search-role-v1b 1350985162 2120753152 2938657234 41552662139
1791531214 gw-search-role-v1a 5777487027 2191953920 2938657234 41552662139
1791531219 gw-search-role-v1b 1350985456 2120753152 2938658733 41552668888
1791531219 gw-search-role-v1a 5777493891 2191953920 2938658733 41552668888
1791531224 gw-search-role-v1b 1350990842 2120744960 2938659655 41552676173
1791531224 gw-search-role-v1a 5777497778 2191953920 2938659655 41552676173
1791531230 gw-search-role-v1b 1350991435 2120744960 2938660587 41552683488
1791531230 gw-search-role-v1a 5777502233 2191953920 2938660587 41552683488
1791531235 gw-search-role-v1b 1350991824 2120744960 2938661364 41552690901
1791531235 gw-search-role-v1a 5777505929 2191953920 2938661364 41552690901
1791531240 gw-search-role-v1b 1350992349 2120744960 2938662088 41552698386
1791531240 gw-search-role-v1a 5777511766 2191953920 2938662088 41552698386
1791531245 gw-search-role-v1b 1350992754 2120744960 2938663222 41552705470
1791531245 gw-search-role-v1a 5777518512 2191953920 2938663222 41552705470
1791531250 gw-search-role-v1b 1350993255 2120744960 2938664205 41552712691
1791531250 gw-search-role-v1a 5777524147 2191953920 2938664205 41552712691
1791531255 gw-search-role-v1b 1350993777 2120744960 2938665435 41552719678
1791531255 gw-search-role-v1a 5777530374 2191953920 2938665435 41552719678
1791531261 gw-search-role-v1b 1350996489 2120744960 2938666123 41552727184
1791531261 gw-search-role-v1a 5777534900 2191953920 2938666123 41552727184
1791531266 gw-search-role-v1b 1350998363 2120744960 2938667298 41552734190
1791531266 gw-search-role-v1a 5777541044 2191953920 2938667298 41552734190
1791531271 gw-search-role-v1b 1350998700 2120744960 2938668562 41552741200
1791531271 gw-search-role-v1a 5777546372 2191953920 2938668562 41552741200
1791531276 gw-search-role-v1b 1350999311 2120744960 2938669463 41552748507
1791531276 gw-search-role-v1a 5777550560 2191953920 2938669463 41552748507
1791531281 gw-search-role-v1b 1350999806 2120744960 2938670738 41552755461
1791531281 gw-search-role-v1a 5777555818 2191953920 2938670738 41552755461
1791531287 gw-search-role-v1b 1351000188 2120744960 2938671184 41552763259
1791531287 gw-search-role-v1a 5777560643 2191953920 2938671184 41552763259
1791531292 gw-search-role-v1b 1351000802 2120744960 2938672329 41552770336
1791531292 gw-search-role-v1a 5777566312 2191953920 2938672329 41552770336
1791531297 gw-search-role-v1b 1351001169 2120744960 2938673218 41552777649
1791531297 gw-search-role-v1a 5777570633 2191953920 2938673218 41552777649
1791531302 gw-search-role-v1b 1351001804 2120744960 2938674204 41552784898
1791531302 gw-search-role-v1a 5777574717 2191953920 2938674204 41552784898
1791531307 gw-search-role-v1b 1351002250 2120744960 2938675474 41552791830
1791531307 gw-search-role-v1a 5777581569 2191953920 2938675474 41552791830
1791531313 gw-search-role-v1b 1351002690 2120744960 2938676828 41552798646
1791531313 gw-search-role-v1a 5777585043 2191953920 2938676828 41552798646
1791531318 gw-search-role-v1b 1351003363 2120744960 2938677679 41552806032
1791531318 gw-search-role-v1a 5777591332 2191953920 2938677679 41552806032
1791531323 gw-search-role-v1b 1351004891 2120744960 2938678622 41552813330
1791531323 gw-search-role-v1a 5777597562 2191953920 2938678622 41552813330
1791531328 gw-search-role-v1b 1351005413 2120744960 2938679610 41552820542
1791531328 gw-search-role-v1a 5777601646 2191953920 2938679610 41552820542
1791531333 gw-search-role-v1b 1351006013 2120744960 2938680601 41552827813
1791531333 gw-search-role-v1a 5777609489 2191953920 2938680601 41552827813
1791531339 gw-search-role-v1b 1351006344 2120744960 2938681697 41552834933
1791531339 gw-search-role-v1a 5777612630 2191953920 2938681697 41552834933
1791531344 gw-search-role-v1b 1351010661 2120744960 2938682976 41552841844
1791531344 gw-search-role-v1a 5777618240 2191953920 2938682976 41552841844
1791531349 gw-search-role-v1b 1351011173 2120744960 2938684267 41552848747
1791531349 gw-search-role-v1a 5777628649 2191953920 2938684267 41552848747
1791531354 gw-search-role-v1b 1351011678 2120744960 2938685125 41552856118
1791531354 gw-search-role-v1a 5777634068 2191953920 2938685125 41552856118
1791531359 gw-search-role-v1b 1351012117 2120744960 2938686118 41552863309
1791531359 gw-search-role-v1a 5777639107 2191953920 2938686118 41552863309
1791531365 gw-search-role-v1b 1351012551 2120744960 2938687186 41552870451
1791531365 gw-search-role-v1a 5777642599 2191953920 2938687186 41552870451
1791531370 gw-search-role-v1b 1351013108 2120744960 2938687863 41552878000
1791531370 gw-search-role-v1a 5777650043 2191953920 2938687863 41552878000
1791531375 gw-search-role-v1b 1351013421 2120744960 2938688723 41552885338
1791531375 gw-search-role-v1a 5777654755 2191953920 2938688723 41552885338
1791531380 gw-search-role-v1b 1351014079 2120744960 2938689830 41552892442
1791531380 gw-search-role-v1a 5777659224 2191953920 2938689830 41552892442
1791531385 gw-search-role-v1b 1351015272 2120744960 2938690861 41552899594
1791531385 gw-search-role-v1a 5777664199 2191953920 2938690861 41552899594
1791531391 gw-search-role-v1b 1351015835 2120744960 2938691734 41552906940
1791531391 gw-search-role-v1a 5777669022 2191953920 2938691734 41552906940
1791531396 gw-search-role-v1b 1351016277 2120744960 2938692596 41552914264
1791531396 gw-search-role-v1a 5777674438 2191953920 2938692596 41552914264
1791531401 gw-search-role-v1b 1351016660 2120744960 2938693806 41552921282
1791531401 gw-search-role-v1a 5777680123 2191953920 2938693806 41552921282
1791531406 gw-search-role-v1b 1351017321 2120744960 2938694630 41552928707
1791531406 gw-search-role-v1a 5777684890 2191953920 2938694630 41552928707
1791531411 gw-search-role-v1b 1351017790 2120744960 2938695581 41552935987
1791531411 gw-search-role-v1a 5777691566 2191953920 2938695581 41552935987
1791531416 gw-search-role-v1b 1351020528 2120744960 2938696540 41552943213
1791531416 gw-search-role-v1a 5777695435 2191953920 2938696540 41552943213
1791531422 gw-search-role-v1b 1351021110 2120744960 2938697657 41552950334
1791531422 gw-search-role-v1a 5777700240 2191953920 2938697657 41552950334
1791531427 gw-search-role-v1b 1351021552 2120744960 2938698413 41552957769
1791531427 gw-search-role-v1a 5777705438 2192474112 2938698413 41552957769
1791531432 gw-search-role-v1b 1351022096 2120744960 2938699483 41552964912
1791531432 gw-search-role-v1a 5777710340 2191953920 2938699483 41552964912
1791531437 gw-search-role-v1b 1351022548 2120744960 2938700677 41552971935
1791531437 gw-search-role-v1a 5777716523 2191953920 2938700677 41552971935
1791531442 gw-search-role-v1b 1351024951 2120744960 2938701950 41552978860
1791531442 gw-search-role-v1a 5777721795 2191953920 2938701950 41552978860
1791531448 gw-search-role-v1b 1351025539 2120744960 2938702806 41552986233
1791531448 gw-search-role-v1a 5777727475 2191953920 2938702806 41552986233
1791531453 gw-search-role-v1b 1351026016 2120744960 2938703847 41552993376
1791531453 gw-search-role-v1a 5777731718 2191953920 2938703847 41552993376
1791531458 gw-search-role-v1b 1351026672 2120744960 2938704756 41553000677
1791531458 gw-search-role-v1a 5777737944 2191953920 2938704756 41553000677
1791531463 gw-search-role-v1b 1351027064 2120744960 2938705938 41553007725
1791531463 gw-search-role-v1a 5777743892 2191953920 2938705938 41553007725
1791531468 gw-search-role-v1b 1351027499 2120744960 2938706862 41553015022
1791531468 gw-search-role-v1a 5777747471 2191953920 2938706862 41553015022
1791531474 gw-search-role-v1b 1351031699 2120744960 2938707882 41553022219
1791531474 gw-search-role-v1a 5777753488 2191953920 2938707882 41553022219
1791531479 gw-search-role-v1b 1351032068 2120744960 2938708805 41553029563
1791531479 gw-search-role-v1a 5777756905 2191953920 2938708805 41553029563
1791531484 gw-search-role-v1b 1351032679 2120744960 2938710070 41553036520
1791531484 gw-search-role-v1a 5777763553 2191953920 2938710070 41553036520
1791531489 gw-search-role-v1b 1351032990 2120744960 2938710965 41553043847
1791531489 gw-search-role-v1a 5777771305 2191953920 2938710965 41553043847
1791531494 gw-search-role-v1b 1351033585 2120744960 2938712202 41553050841
1791531494 gw-search-role-v1a 5777775444 2191953920 2938712202 41553050841
1791531500 gw-search-role-v1b 1351034237 2120744960 2938713079 41553058176
1791531500 gw-search-role-v1a 5777781600 2191953920 2938713079 41553058176
1791531505 gw-search-role-v1b 1351036228 2120744960 2938713512 41553066000
1791531505 gw-search-role-v1a 5777784766 2191953920 2938713512 41553066000
1791531510 gw-search-role-v1b 1351036660 2120744960 2938714300 41553073447
1791531510 gw-search-role-v1a 5777789988 2191953920 2938714300 41553073447
1791531515 gw-search-role-v1b 1351037018 2120744960 2938715193 41553080811
1791531515 gw-search-role-v1a 5777801859 2191953920 2938715193 41553080811
1791531520 gw-search-role-v1b 1351043374 2120749056 2938716014 41553088243
1791531520 gw-search-role-v1a 5777805533 2191953920 2938716014 41553088243
1791531526 gw-search-role-v1b 1351043854 2120749056 2938717037 41553095423
1791531526 gw-search-role-v1a 5777811269 2191953920 2938717037 41553095423
1791531531 gw-search-role-v1b 1351044333 2120749056 2938718116 41553102566
1791531531 gw-search-role-v1a 5777815484 2191953920 2938718116 41553102566
1791531536 gw-search-role-v1b 1351044844 2120749056 2938718936 41553109957
1791531536 gw-search-role-v1a 5777820343 2191953920 2938718936 41553109957
1791531541 gw-search-role-v1b 1351045219 2120749056 2938719569 41553117574
1791531541 gw-search-role-v1a 5777825919 2191953920 2938719569 41553117574
1791531547 gw-search-role-v1b 1351045760 2120749056 2938720582 41553124914
1791531547 gw-search-role-v1a 5777836616 2191953920 2938720582 41553124914
1791531552 gw-search-role-v1b 1351046180 2120749056 2938721828 41553131840
1791531552 gw-search-role-v1a 5777843179 2191953920 2938721828 41553131840
1791531557 gw-search-role-v1b 1351046584 2120749056 2938722873 41553139011
1791531557 gw-search-role-v1a 5777847575 2191953920 2938722873 41553139011
1791531562 gw-search-role-v1b 1351052704 2120749056 2938723658 41553146430
1791531562 gw-search-role-v1a 5777851123 2191953920 2938723658 41553146430
1791531567 gw-search-role-v1b 1351053100 2120749056 2938724922 41553153384
1791531567 gw-search-role-v1a 5777856738 2191953920 2938724922 41553153384
1791531572 gw-search-role-v1b 1351053580 2120749056 2938726433 41553160074
1791531572 gw-search-role-v1a 5777860294 2191953920 2938726433 41553160074
1791531578 gw-search-role-v1b 1351053893 2120749056 2938728024 41553166709
1791531578 gw-search-role-v1a 5777867370 2191953920 2938728024 41553166709
1791531583 gw-search-role-v1b 1351054341 2120749056 2938729036 41553173867
1791531583 gw-search-role-v1a 5777872691 2191953920 2938729036 41553173867
1791531588 gw-search-role-v1b 1351054774 2120749056 2938730243 41553180852
1791531588 gw-search-role-v1a 5777883000 2191953920 2938730243 41553180852
1791531593 gw-search-role-v1b 1351055442 2120749056 2938731255 41553188044
1791531593 gw-search-role-v1a 5777892129 2191953920 2938731255 41553188044
1791531598 gw-search-role-v1b 1351055867 2120749056 2938732312 41553195217
1791531598 gw-search-role-v1a 5777896239 2191953920 2938732312 41553195217
1791531604 gw-search-role-v1b 1351056236 2120749056 2938734059 41553201463
1791531604 gw-search-role-v1a 5777901689 2191953920 2938734059 41553201463
1791531609 gw-search-role-v1b 1351056799 2120749056 2938734930 41553208795
1791531609 gw-search-role-v1a 5777910333 2191953920 2938734930 41553208795
1791531614 gw-search-role-v1b 1351057364 2120749056 2938735696 41553216225
1791531614 gw-search-role-v1a 5777914818 2191953920 2938735696 41553216225
1791531619 gw-search-role-v1b 1351057817 2120749056 2938736874 41553223218
1791531619 gw-search-role-v1a 5777921282 2191953920 2938736874 41553223218
1791531624 gw-search-role-v1b 1351060445 2120749056 2938737825 41553230492
1791531624 gw-search-role-v1a 5777924740 2191953920 2938737825 41553230492
1791531630 gw-search-role-v1b 1351060789 2120749056 2938738844 41553237692
1791531630 gw-search-role-v1a 5777930349 2191953920 2938738844 41553237692
1791531635 gw-search-role-v1b 1351061318 2120749056 2938740497 41553244248
1791531635 gw-search-role-v1a 5777934514 2191953920 2938740497 41553244248
1791531640 gw-search-role-v1b 1351061732 2120749056 2938742505 41553250402
1791531640 gw-search-role-v1a 5777940280 2191953920 2938742505 41553250402
1791531645 gw-search-role-v1b 1351062151 2120749056 2938743488 41553257610
1791531645 gw-search-role-v1a 5777945605 2191953920 2938743488 41553257610
1791531650 gw-search-role-v1b 1351062989 2120749056 2938744654 41553264647
1791531650 gw-search-role-v1a 5777949398 2191953920 2938744654 41553264647
1791531655 gw-search-role-v1b 1351063339 2120749056 2938746149 41553271369
1791531655 gw-search-role-v1a 5777955552 2191953920 2938746149 41553271369
1791531661 gw-search-role-v1b 1351063850 2120749056 2938746959 41553278787
1791531661 gw-search-role-v1a 5777958784 2191953920 2938746959 41553278787
1791531666 gw-search-role-v1b 1351064332 2120749056 2938747887 41553286045
1791531666 gw-search-role-v1a 5777966007 2191953920 2938747887 41553286045
1791531671 gw-search-role-v1b 1351064803 2120749056 2938748857 41553293311
1791531671 gw-search-role-v1a 5777970785 2191953920 2938748857 41553293311
1791531676 gw-search-role-v1b 1351065321 2120749056 2938749958 41553300463
1791531676 gw-search-role-v1a 5777974471 2191953920 2938749958 41553300463
1791531681 gw-search-role-v1b 1351066517 2120749056 2938751975 41553306640
1791531681 gw-search-role-v1a 5777979443 2191953920 2938751975 41553306640
1791531687 gw-search-role-v1b 1351070536 2120744960 2938754168 41553312638
1791531687 gw-search-role-v1a 5777983803 2191953920 2938754168 41553312638
1791531692 gw-search-role-v1b 1351071035 2120744960 2938755293 41553319723
1791531692 gw-search-role-v1a 5777989475 2191953920 2938755293 41553319723
1791531697 gw-search-role-v1b 1351071329 2120744960 2938756189 41553327060
1791531697 gw-search-role-v1a 5777995555 2191953920 2938756189 41553327060
1791531702 gw-search-role-v1b 1351071832 2120744960 2938757118 41553334359
1791531702 gw-search-role-v1a 5777999691 2191953920 2938757118 41553334359
1791531707 gw-search-role-v1b 1351072167 2120744960 2938758484 41553341197
1791531707 gw-search-role-v1a 5778005501 2191953920 2938758484 41553341197
1791531713 gw-search-role-v1b 1351072929 2120744960 2938760031 41553347807
1791531713 gw-search-role-v1a 5778008407 2191953920 2938760031 41553347807
1791531718 gw-search-role-v1b 1351073470 2120744960 2938760910 41553355170
1791531718 gw-search-role-v1a 5778013618 2191953920 2938760910 41553355170
1791531723 gw-search-role-v1b 1351073999 2120744960 2938762227 41553362013
1791531723 gw-search-role-v1a 5778019456 2191953920 2938762227 41553362013
1791531728 gw-search-role-v1b 1351074445 2120744960 2938763237 41553369237
1791531728 gw-search-role-v1a 5778025307 2191953920 2938763237 41553369237
1791531733 gw-search-role-v1b 1351074799 2120744960 2938764968 41553375692
1791531733 gw-search-role-v1a 5778031304 2191953920 2938764968 41553375692
1791531739 gw-search-role-v1b 1351075267 2120744960 2938765909 41553382991
1791531739 gw-search-role-v1a 5778034698 2191953920 2938765909 41553382991
1791531744 gw-search-role-v1b 1351077179 2120744960 2938766714 41553390410
1791531744 gw-search-role-v1a 5778040673 2191953920 2938766714 41553390410
1791531749 gw-search-role-v1b 1351077487 2120744960 2938767838 41553397538
1791531749 gw-search-role-v1a 5778045657 2191953920 2938767838 41553397538
1791531754 gw-search-role-v1b 1351078190 2120744960 2938768559 41553405021
1791531754 gw-search-role-v1a 5778050533 2191953920 2938768559 41553405021
1791531759 gw-search-role-v1b 1351078615 2120744960 2938769478 41553412349
1791531759 gw-search-role-v1a 5778056957 2191953920 2938769478 41553412349
1791531765 gw-search-role-v1b 1351079219 2120744960 2938770293 41553419739
1791531765 gw-search-role-v1a 5778060445 2191953920 2938770293 41553419739
1791531770 gw-search-role-v1b 1351079822 2120744960 2938771681 41553426586
1791531770 gw-search-role-v1a 5778070774 2191953920 2938771681 41553426586
1791531775 gw-search-role-v1b 1351080338 2120744960 2938773372 41553433082
1791531775 gw-search-role-v1a 5778094100 2191962112 2938773372 41553433082
1791531780 gw-search-role-v1b 1351080789 2120744960 2938774464 41553440193
1791531780 gw-search-role-v1a 5778098006 2191962112 2938774464 41553440193
1791531785 gw-search-role-v1b 1351081066 2120744960 2938775842 41553447014
1791531785 gw-search-role-v1a 5778104380 2191962112 2938775842 41553447014
1791531791 gw-search-role-v1b 1351081530 2120744960 2938776970 41553454086
1791531791 gw-search-role-v1a 5778107404 2191962112 2938776970 41553454086
1791531796 gw-search-role-v1b 1351081874 2120744960 2938777968 41553461312
1791531796 gw-search-role-v1a 5778113656 2191962112 2938777968 41553461312
1791531801 gw-search-role-v1b 1351082557 2120744960 2938779175 41553468294
1791531801 gw-search-role-v1a 5778119218 2191962112 2938779175 41553468294
1791531806 gw-search-role-v1b 1351084252 2120744960 2938780281 41553475385
1791531806 gw-search-role-v1a 5778124332 2191962112 2938780281 41553475385
1791531811 gw-search-role-v1b 1351084598 2120744960 2938781468 41553482394
1791531811 gw-search-role-v1a 5778129666 2191962112 2938781468 41553482394
1791531817 gw-search-role-v1b 1351085211 2120744960 2938782646 41553489448
1791531817 gw-search-role-v1a 5778134285 2191962112 2938782646 41553489448
1791531822 gw-search-role-v1b 1351085469 2120744960 2938783526 41553496795
1791531822 gw-search-role-v1a 5778140559 2191962112 2938783526 41553496795
1791531827 gw-search-role-v1b 1351085911 2120744960 2938785222 41553503301
1791531827 gw-search-role-v1a 5778145735 2191962112 2938785222 41553503301
1791531832 gw-search-role-v1b 1351086697 2120744960 2938786219 41553510517
1791531832 gw-search-role-v1a 5778149438 2191962112 2938786219 41553510517
1791531837 gw-search-role-v1b 1351087239 2120744960 2938787254 41553517682
1791531837 gw-search-role-v1a 5778155306 2191962112 2938787254 41553517682
1791531843 gw-search-role-v1b 1351087653 2120744960 2938788602 41553524564
1791531843 gw-search-role-v1a 5778160881 2191962112 2938788602 41553524564
1791531848 gw-search-role-v1b 1351088706 2120744960 2938789618 41553531767
1791531848 gw-search-role-v1a 5778169336 2191962112 2938789618 41553531767
1791531853 gw-search-role-v1b 1351089139 2120744960 2938790725 41553538855
1791531853 gw-search-role-v1a 5778174533 2191962112 2938790725 41553538855
1791531858 gw-search-role-v1b 1351096164 2120753152 2938791391 41553546427
1791531858 gw-search-role-v1a 5778178410 2191962112 2938791391 41553546427
1791531863 gw-search-role-v1b 1351102028 2120753152 2938792481 41553553577
1791531863 gw-search-role-v1a 5778184397 2191962112 2938792481 41553553577
1791531869 gw-search-role-v1b 1351102490 2120753152 2938793619 41553560637
1791531869 gw-search-role-v1a 5778188624 2191962112 2938793619 41553560637
1791531874 gw-search-role-v1b 1351102751 2120753152 2938794835 41553567623
1791531874 gw-search-role-v1a 5778194239 2191962112 2938794835 41553567623
1791531879 gw-search-role-v1b 1351103361 2120753152 2938795876 41553574806
1791531879 gw-search-role-v1a 5778199377 2191962112 2938795876 41553574806
1791531884 gw-search-role-v1b 1351103953 2120753152 2938796770 41553582153
1791531884 gw-search-role-v1a 5778204044 2191962112 2938796770 41553582153
1791531889 gw-search-role-v1b 1351104525 2120753152 2938797662 41553589485
1791531889 gw-search-role-v1a 5778209676 2191962112 2938797662 41553589485
1791531895 gw-search-role-v1b 1351105054 2120753152 2938798887 41553596475
1791531895 gw-search-role-v1a 5778213362 2191962112 2938798887 41553596475
1791531900 gw-search-role-v1b 1351105419 2120753152 2938799958 41553603631
1791531900 gw-search-role-v1a 5778219526 2191962112 2938799958 41553603631
1791531905 gw-search-role-v1b 1351105842 2120753152 2938801180 41553610552
1791531905 gw-search-role-v1a 5778225248 2191962112 2938801180 41553610552
1791531910 gw-search-role-v1b 1351106309 2120753152 2938802281 41553617635
1791531910 gw-search-role-v1a 5778229684 2191962112 2938802281 41553617635
1791531915 gw-search-role-v1b 1351106612 2120753152 2938803641 41553624479
1791531915 gw-search-role-v1a 5778233938 2191962112 2938803641 41553624479
1791531921 gw-search-role-v1b 1351107277 2120753152 2938805382 41553630913
1791531921 gw-search-role-v1a 5778237600 2191962112 2938805382 41553630913
1791531926 gw-search-role-v1b 1351108499 2120753152 2938807054 41553637424
1791531926 gw-search-role-v1a 5778242968 2191962112 2938807054 41553637424
1791531931 gw-search-role-v1b 1351109070 2120753152 2938808026 41553644641
1791531931 gw-search-role-v1a 5778247993 2191962112 2938808026 41553644641
1791531936 gw-search-role-v1b 1351109550 2120753152 2938809132 41553651757
1791531936 gw-search-role-v1a 5778252387 2191962112 2938809132 41553651757
1791531941 gw-search-role-v1b 1351109872 2120753152 2938810199 41553658916
1791531941 gw-search-role-v1a 5778257325 2191962112 2938810199 41553658916
1791531946 gw-search-role-v1b 1351110374 2120753152 2938810916 41553666429
1791531946 gw-search-role-v1a 5778260970 2191962112 2938810916 41553666429
1791531952 gw-search-role-v1b 1351110819 2120753152 2938812040 41553673565
1791531952 gw-search-role-v1a 5778268295 2191962112 2938812040 41553673565
1791531957 gw-search-role-v1b 1351111261 2120753152 2938813184 41553680615
1791531957 gw-search-role-v1a 5778273556 2191962112 2938813184 41553680615
1791531962 gw-search-role-v1b 1351111739 2120753152 2938814346 41553687648
1791531962 gw-search-role-v1a 5778277455 2191962112 2938814346 41553687648
1791531967 gw-search-role-v1b 1351112049 2120753152 2938815418 41553694760
1791531967 gw-search-role-v1a 5778287251 2191962112 2938815418 41553694760
1791531972 gw-search-role-v1b 1351112725 2120753152 2938816670 41553701715
1791531972 gw-search-role-v1a 5778291956 2191962112 2938816670 41553701715
1791531978 gw-search-role-v1b 1351113314 2120753152 2938817584 41553708988
1791531978 gw-search-role-v1a 5778296873 2191962112 2938817584 41553708988
1791531983 gw-search-role-v1b 1351114784 2120753152 2938818881 41553715894
1791531983 gw-search-role-v1a 5778300529 2191962112 2938818881 41553715894
1791531988 gw-search-role-v1b 1351115066 2120753152 2938820544 41553722404
1791531988 gw-search-role-v1a 5778305919 2191962112 2938820544 41553722404
1791531993 gw-search-role-v1b 1351115771 2120753152 2938821490 41553729645
1791531993 gw-search-role-v1a 5778312643 2191962112 2938821490 41553729645
1791531998 gw-search-role-v1b 1351116259 2120753152 2938822377 41553736943
1791531998 gw-search-role-v1a 5778317180 2191962112 2938822377 41553736943
1791532004 gw-search-role-v1b 1351116698 2120753152 2938823094 41553744462
1791532004 gw-search-role-v1a 5778322913 2191962112 2938823094 41553744462
1791532009 gw-search-role-v1b 1351117105 2120753152 2938824140 41553751667
1791532009 gw-search-role-v1a 5778326970 2191962112 2938824140 41553751667
1791532014 gw-search-role-v1b 1351117499 2120753152 2938825497 41553758472
1791532014 gw-search-role-v1a 5778333528 2191962112 2938825497 41553758472
1791532019 gw-search-role-v1b 1351118072 2120753152 2938827090 41553765107
1791532019 gw-search-role-v1a 5778339723 2191962112 2938827090 41553765107
1791532024 gw-search-role-v1b 1351118589 2120753152 2938828884 41553771471
1791532024 gw-search-role-v1a 5778344095 2191962112 2938828884 41553771471
1791532030 gw-search-role-v1b 1351119017 2120753152 2938829929 41553778627
1791532030 gw-search-role-v1a 5778351202 2191962112 2938829929 41553778627
1791532035 gw-search-role-v1b 1351122650 2120749056 2938831356 41553785376
1791532035 gw-search-role-v1a 5778355450 2191962112 2938831356 41553785376
1791532040 gw-search-role-v1b 1351123045 2120749056 2938833326 41553791614
1791532040 gw-search-role-v1a 5778360088 2191962112 2938833326 41553791614
1791532045 gw-search-role-v1b 1351124547 2120749056 2938835175 41553797915
1791532045 gw-search-role-v1a 5778365515 2191962112 2938835175 41553797915
1791532050 gw-search-role-v1b 1351125127 2120749056 2938836800 41553804451
1791532050 gw-search-role-v1a 5778370658 2191962112 2938836800 41553804451
1791532055 gw-search-role-v1b 1351125422 2120749056 2938839243 41553810103
1791532055 gw-search-role-v1a 5778375040 2191962112 2938839243 41553810103
1791532061 gw-search-role-v1b 1351125929 2120749056 2938841472 41553816087
1791532061 gw-search-role-v1a 5778379017 2191962112 2938841472 41553816087
1791532066 gw-search-role-v1b 1351126307 2120749056 2938842664 41553823090
1791532066 gw-search-role-v1a 5778385221 2191962112 2938842664 41553823090
1791532071 gw-search-role-v1b 1351126932 2120749056 2938843710 41553830256
1791532071 gw-search-role-v1a 5778389788 2191962112 2938843710 41553830256
1791532076 gw-search-role-v1b 1351127420 2120749056 2938845157 41553837029
1791532076 gw-search-role-v1a 5778393373 2191962112 2938845157 41553837029
1791532081 gw-search-role-v1b 1351127764 2120749056 2938847203 41553843138
1791532081 gw-search-role-v1a 5778398094 2191962112 2938847203 41553843138
1791532087 gw-search-role-v1b 1351128296 2120749056 2938848150 41553850416
1791532087 gw-search-role-v1a 5778402940 2191962112 2938848150 41553850416
1791532092 gw-search-role-v1b 1351128805 2120749056 2938849019 41553857756
1791532092 gw-search-role-v1a 5778408073 2191962112 2938849019 41553857756
1791532097 gw-search-role-v1b 1351129489 2120749056 2938850839 41553864128
1791532097 gw-search-role-v1a 5778412591 2191962112 2938850839 41553864128
1791532102 gw-search-role-v1b 1351131258 2120749056 2938852904 41553870207
1791532102 gw-search-role-v1a 5778416310 2191962112 2938852904 41553870207
1791532107 gw-search-role-v1b 1351131641 2120749056 2938854257 41553877061
1791532107 gw-search-role-v1a 5778420846 2191962112 2938854257 41553877061
1791532113 gw-search-role-v1b 1351132312 2120749056 2938855627 41553883913
1791532113 gw-search-role-v1a 5778424145 2191962112 2938855627 41553883913
1791532118 gw-search-role-v1b 1351132701 2120749056 2938856855 41553890930
1791532118 gw-search-role-v1a 5778428870 2191962112 2938856855 41553890930
1791532123 gw-search-role-v1b 1351133190 2120749056 2938858055 41553897926
1791532123 gw-search-role-v1a 5778434185 2191962112 2938858055 41553897926
1791532128 gw-search-role-v1b 1351133442 2120749056 2938858863 41553905331
1791532128 gw-search-role-v1a 5778438117 2191962112 2938858863 41553905331
1791532133 gw-search-role-v1b 1351134051 2120749056 2938859983 41553912422
1791532133 gw-search-role-v1a 5778443632 2191962112 2938859983 41553912422
1791532139 gw-search-role-v1b 1351134524 2120749056 2938862069 41553918549
1791532139 gw-search-role-v1a 5778447785 2191962112 2938862069 41553918549
1791532144 gw-search-role-v1b 1351134874 2120749056 2938863484 41553925336
1791532144 gw-search-role-v1a 5778456748 2191962112 2938863484 41553925336
1791532149 gw-search-role-v1b 1351135619 2120749056 2938864582 41553932461
1791532149 gw-search-role-v1a 5778462262 2191962112 2938864582 41553932461
1791532154 gw-search-role-v1b 1351136005 2120749056 2938865799 41553939452
1791532154 gw-search-role-v1a 5778466556 2191962112 2938865799 41553939452
1791532159 gw-search-role-v1b 1351139197 2120749056 2938867087 41553946357
1791532159 gw-search-role-v1a 5778472325 2191962112 2938867087 41553946357
1791532165 gw-search-role-v1b 1351145168 2120744960 2938868034 41553953630
1791532165 gw-search-role-v1a 5778476354 2191962112 2938868034 41553953630
1791532170 gw-search-role-v1b 1351145698 2120744960 2938868878 41553960982
1791532170 gw-search-role-v1a 5778482985 2191962112 2938868878 41553960982
1791532175 gw-search-role-v1b 1351146512 2120744960 2938869784 41553968290
1791532175 gw-search-role-v1a 5778489167 2191962112 2938869784 41553968290
1791532180 gw-search-role-v1b 1351146818 2120744960 2938871480 41553974830
1791532180 gw-search-role-v1a 5778500012 2191962112 2938871480 41553974830
1791532185 gw-search-role-v1b 1351147318 2120744960 2938872659 41553981898
1791532185 gw-search-role-v1a 5778504764 2191962112 2938872659 41553981898
1791532191 gw-search-role-v1b 1351148063 2120744960 2938874396 41553988359
1791532191 gw-search-role-v1a 5778508456 2191962112 2938874396 41553988359
1791532196 gw-search-role-v1b 1351148413 2120744960 2938875669 41553995367
1791532196 gw-search-role-v1a 5778514382 2191962112 2938875669 41553995367
1791532201 gw-search-role-v1b 1351148955 2120744960 2938876997 41554002213
1791532201 gw-search-role-v1a 5778520277 2191962112 2938876997 41554002213
1791532206 gw-search-role-v1b 1351149310 2120744960 2938878365 41554008933
1791532206 gw-search-role-v1a 5778528259 2191962112 2938878365 41554008933
1791532211 gw-search-role-v1b 1351149879 2120744960 2938879287 41554016212
1791532211 gw-search-role-v1a 5778534353 2191962112 2938879287 41554016212
1791532217 gw-search-role-v1b 1351150515 2120744960 2938880044 41554023649
1791532217 gw-search-role-v1a 5778538583 2191962112 2938880044 41554023649
1791532222 gw-search-role-v1b 1351154215 2120744960 2938880762 41554031225
1791532222 gw-search-role-v1a 5778545130 2191962112 2938880762 41554031225
1791532227 gw-search-role-v1b 1351154670 2120744960 2938881982 41554038242
1791532227 gw-search-role-v1a 5778550647 2191962112 2938881982 41554038242
1791532232 gw-search-role-v1b 1351155005 2120744960 2938882850 41554045603
1791532232 gw-search-role-v1a 5778554947 2191962112 2938882850 41554045603
1791532237 gw-search-role-v1b 1351155492 2120744960 2938884181 41554052469
1791532237 gw-search-role-v1a 5778560174 2191962112 2938884181 41554052469
1791532243 gw-search-role-v1b 1351155890 2120744960 2938884935 41554059936
1791532243 gw-search-role-v1a 5778564679 2191962112 2938884935 41554059936
1791532248 gw-search-role-v1b 1351156239 2120744960 2938885958 41554067125
1791532248 gw-search-role-v1a 5778572232 2191962112 2938885958 41554067125
1791532253 gw-search-role-v1b 1351156930 2120744960 2938887090 41554074193
1791532253 gw-search-role-v1a 5778578533 2191962112 2938887090 41554074193
1791532258 gw-search-role-v1b 1351157184 2120744960 2938888513 41554080984
1791532258 gw-search-role-v1a 5778582144 2191962112 2938888513 41554080984
1791532263 gw-search-role-v1b 1351157610 2120744960 2938890196 41554087486
1791532263 gw-search-role-v1a 5778589522 2191962112 2938890196 41554087486
1791532269 gw-search-role-v1b 1351158072 2120744960 2938891518 41554094362
1791532269 gw-search-role-v1a 5778594606 2191962112 2938891518 41554094362
1791532274 gw-search-role-v1b 1351158435 2120744960 2938892361 41554101733
1791532274 gw-search-role-v1a 5778600733 2191962112 2938892361 41554101733
1791532279 gw-search-role-v1b 1351158984 2120744960 2938893479 41554108812
1791532279 gw-search-role-v1a 5778606314 2191962112 2938893479 41554108812
1791532284 gw-search-role-v1b 1351161259 2120744960 2938894435 41554116083
1791532284 gw-search-role-v1a 5778611666 2191962112 2938894435 41554116083
1791532289 gw-search-role-v1b 1351161767 2120744960 2938895350 41554123362
1791532289 gw-search-role-v1a 5778616847 2191962112 2938895350 41554123362
1791532295 gw-search-role-v1b 1351162220 2120744960 2938897061 41554129850
1791532295 gw-search-role-v1a 5778620953 2191962112 2938897061 41554129850
1791532300 gw-search-role-v1b 1351162555 2120744960 2938898236 41554136862
1791532300 gw-search-role-v1a 5778626026 2191962112 2938898236 41554136862
1791532305 gw-search-role-v1b 1351162971 2120744960 2938899601 41554143659
1791532305 gw-search-role-v1a 5778630524 2191962112 2938899601 41554143659
1791532310 gw-search-role-v1b 1351163482 2120744960 2938901341 41554150172
1791532310 gw-search-role-v1a 5778646657 2191966208 2938901341 41554150172
1791532315 gw-search-role-v1b 1351164050 2120744960 2938902602 41554157102
1791532315 gw-search-role-v1a 5778651259 2191966208 2938902602 41554157102
1791532321 gw-search-role-v1b 1351164470 2120744960 2938904156 41554163757
1791532321 gw-search-role-v1a 5778655140 2191966208 2938904156 41554163757
1791532326 gw-search-role-v1b 1351164808 2120744960 2938905199 41554170901
1791532326 gw-search-role-v1a 5778661678 2191966208 2938905199 41554170901
1791532331 gw-search-role-v1b 1351165296 2120744960 2938906261 41554178015
1791532331 gw-search-role-v1a 5778667759 2191966208 2938906261 41554178015
1791532336 gw-search-role-v1b 1351165626 2120744960 2938907943 41554184517
1791532336 gw-search-role-v1a 5778671447 2191966208 2938907943 41554184517
1791532341 gw-search-role-v1b 1351167729 2120744960 2938909831 41554190744
1791532341 gw-search-role-v1a 5778675975 2191966208 2938909831 41554190744
1791532346 gw-search-role-v1b 1351168292 2120744960 2938911104 41554197680
1791532346 gw-search-role-v1a 5778679766 2191966208 2938911104 41554197680
1791532352 gw-search-role-v1b 1351168642 2120744960 2938912126 41554204813
1791532352 gw-search-role-v1a 5778685634 2191966208 2938912126 41554204813
1791532357 gw-search-role-v1b 1351169208 2120744960 2938914367 41554210725
1791532357 gw-search-role-v1a 5778688844 2191966208 2938914367 41554210725
1791532362 gw-search-role-v1b 1351169524 2120744960 2938916816 41554216467
1791532362 gw-search-role-v1a 5778694517 2191966208 2938916816 41554216467
1791532367 gw-search-role-v1b 1351169982 2120744960 2938918597 41554222892
1791532367 gw-search-role-v1a 5778700155 2191966208 2938918597 41554222892
1791532372 gw-search-role-v1b 1351170459 2120744960 2938920178 41554229524
1791532372 gw-search-role-v1a 5778703386 2191966208 2938920178 41554229524
1791532378 gw-search-role-v1b 1351170939 2120744960 2938921819 41554236069
1791532378 gw-search-role-v1a 5778709231 2191966208 2938921819 41554236069
1791532383 gw-search-role-v1b 1351171342 2120744960 2938923791 41554242287
1791532383 gw-search-role-v1a 5778713293 2191966208 2938923791 41554242287
1791532388 gw-search-role-v1b 1351171616 2120744960 2938924725 41554249553
1791532388 gw-search-role-v1a 5778720870 2191966208 2938924725 41554249553
1791532393 gw-search-role-v1b 1351172061 2120744960 2938925842 41554256625
1791532393 gw-search-role-v1a 5778726456 2191966208 2938925842 41554256625
1791532398 gw-search-role-v1b 1351172368 2120744960 2938927173 41554263514
1791532398 gw-search-role-v1a 5778730688 2191966208 2938927173 41554263514
1791532404 gw-search-role-v1b 1351174458 2120744960 2938928201 41554270713
1791532404 gw-search-role-v1a 5778737461 2191966208 2938928201 41554270713
1791532409 gw-search-role-v1b 1351174921 2120744960 2938929573 41554277519
1791532409 gw-search-role-v1a 5778741707 2191966208 2938929573 41554277519
1791532414 gw-search-role-v1b 1351175169 2120744960 2938930813 41554284461
1791532414 gw-search-role-v1a 5778748615 2191966208 2938930813 41554284461
1791532419 gw-search-role-v1b 1351175932 2120744960 2938932433 41554291001
1791532419 gw-search-role-v1a 5778753086 2191966208 2938932433 41554291001
1791532424 gw-search-role-v1b 1351176173 2120744960 2938933208 41554298436
1791532424 gw-search-role-v1a 5778757318 2191966208 2938933208 41554298436
1791532429 gw-search-role-v1b 1351176828 2120744960 2938934346 41554305526
1791532429 gw-search-role-v1a 5778762685 2191966208 2938934346 41554305526
1791532435 gw-search-role-v1b 1351177262 2120744960 2938935556 41554312527
1791532435 gw-search-role-v1a 5778766261 2191966208 2938935556 41554312527
1791532440 gw-search-role-v1b 1351177644 2120744960 2938936550 41554319766
1791532440 gw-search-role-v1a 5778773517 2191966208 2938936550 41554319766
1791532445 gw-search-role-v1b 1351178121 2120744960 2938937408 41554327083
1791532445 gw-search-role-v1a 5778785496 2191966208 2938937408 41554327083
1791532450 gw-search-role-v1b 1351195732 2120749056 2938938344 41554334368
1791532450 gw-search-role-v1a 5778790721 2191966208 2938938344 41554334368
1791532455 gw-search-role-v1b 1351196282 2120749056 2938939206 41554341767
1791532455 gw-search-role-v1a 5778801057 2191966208 2938939206 41554341767
1791532461 gw-search-role-v1b 1351201426 2120749056 2938940271 41554348895
1791532461 gw-search-role-v1a 5778805471 2191966208 2938940271 41554348895
1791532466 gw-search-role-v1b 1351203506 2120749056 2938941827 41554355538
1791532466 gw-search-role-v1a 5778811258 2191966208 2938941827 41554355538
1791532471 gw-search-role-v1b 1351203949 2120749056 2938942874 41554362696
1791532471 gw-search-role-v1a 5778816057 2191966208 2938942874 41554362696
1791532476 gw-search-role-v1b 1351204339 2120749056 2938944455 41554369321
1791532476 gw-search-role-v1a 5778821092 2191966208 2938944455 41554369321
1791532481 gw-search-role-v1b 1351204786 2120749056 2938945897 41554376029
1791532481 gw-search-role-v1a 5778826362 2191966208 2938945897 41554376029
