tvtropes,imdb_id
ABBATheMovie,tt0075617
ABCsOfDeath2,tt2926810
ABNKKBSNPLAko,tt3547428
ABeautifulMind,tt0268978
ABetterTomorrow,tt0092263
ABirdersGuideToEverything,tt1582465
ABittersweetLife,tt0456912
ABoyAndHisDog,tt0072730
ABoyAndHisDog1946,tt0038379
ABridgeTooFar,tt0075784
ABrighterSummerDay,tt0101985
ABronxTale,tt0106489
ABucketOfBlood,tt0052655
ABulletForTheGeneral,tt0061429
ACanterburyTale,tt0036695
AChairyTale,tt0050534
AChineseGhostStory,tt0093978
AChineseOdyssey,tt0311913
AChristmasCarolTheMusical,tt0406649
AChristmasHorrorStory,tt3688406
AChristmasPrince,tt7608418
AChristmasStory,tt0085334
ACinderellaStory,tt0356470
ACinderellaStoryOnceUponASong,tt1814614
AClockworkOrange,tt0066921
AColtIsMyPassport,tt0330536
ACornerInWheat,tt0000832
ACureForWellness,tt4731136
ADangerousMethod,tt1571222
ADarkSong,tt4805316
ADayAtTheRaces,tt0028772
ADayInTheCountry,tt0028445
ADayWithoutAMexican,tt0377744
ADogsLife,tt0009018
ADogsPurpose,tt1753383
ADoubleLife,tt0039335
AFaceInTheCrowd,tt0050371
AFairlyOddMovieGrowUpTimmyTurner,tt1696192
AFantasticFearOfEverything,tt2006040
AFantasticWoman,tt5639354
AFarewellToArms,tt0022879
AFewGoodMen,tt0104257
AFieldInEngland,tt2375574
AFilmWithMeInIt,tt1139319
AFineMess,tt0091051
AFinePair,tt0064329
AFishCalledWanda,tt0095159
AFistfulOfDollars,tt0058461
AFoolThereWas,tt0005339
AForeignAffair,tt0040367
AFreeSoul,tt0021885
AFunnyThingHappenedOnTheWayToThorsHammer,tt0060438
AFutileAndStupidGesture,tt5566790
AGhostStory,tt6265828
AGirlLikeHer,tt2523832
AGirlWalksHomeAloneAtNight,tt2326554
AGoodDayToDieHard,tt1606378
AGoodYear,tt0401445
AGuideToRecognizingYourSaints,tt0473488
AGunfight,tt0067168
AGuyNamedJoe,tt0035959
AHardDay,tt3697626
AHardDaysNight,tt0058182
AHauntedHouse,tt2243537
AHistoryOfViolence,tt0399146
AHorribleWayToDie,tt1617620
AIArtificialIntelligence,tt0212720
AKidInKingArthursCourt,tt0113538
AKidLikeJake,tt6884200
AKingInNewYork,tt0050598
AKnightsTale,tt0183790
ALeagueOfTheirOwn,tt0104694
ALetterToThreeWives,tt0041587
ALifeLessOrdinary,tt0119535
ALittleChaos,tt2639254
ALonelyPlaceToDie,tt1422136
AM1200,tt1295053
AManAndAWoman,tt0061138
AManCalledHorse,tt0066049
AManEscaped,tt0049902
AMarineStory,tt1447479
AMatterOfFaith,tt2587914
AMatterOfLifeAndDeath,tt0038733
AMidnightClear,tt0102443
AMidsummerNightsDream1935,tt0140379
AMidsummerNightsSexComedy,tt0084329
AMightyHeart,tt0829459
AMightyWind,tt0310281
AMillionWaysToDieInTheWest,tt2557490
AMonkeyInWinter,tt0056636
AMonsterCalls,tt3416532
AMostViolentYear,tt2937898
AMurderOfCrows,tt0133985
ANewHope,tt0076759
ANewLeaf,tt0067482
ANightAtTheMovies,tt6908760
ANightAtTheOpera,tt0026778
ANightAtTheRoxbury,tt0120770
ANightToRemember,tt0051994
ANightmareOnElmStreet1984,tt0087800
ANightmareOnElmStreet2010,tt1179056
ANightmareOnElmStreet3DreamWarriors,tt0093629
ANightmareOnElmStreet4TheDreamMaster,tt0095742
ANightmareOnElmStreet5TheDreamChild,tt0097981
ANightmareOnElmStreetPart2FreddysRevenge,tt0089686
ANousLaLiberte,tt0022599
APageOfMadness,tt0017048
APatchOfBlue,tt0059573
APerfectGetaway,tt0971209
APerfectMurder,tt0120787
APigeonSatOnABranchReflectingOnExistence,tt1883180
APlaceInTheSun,tt0043924
APrairieHomeCompanion,tt0420087
APrincessForChristmas,tt1083448
AProphet,tt1235166
AQuietPlace,tt6644200
ARQ,tt5640450
AReportOnThePartyAndTheGuests,tt0063371
ARiverRunsThroughIt,tt0105265
ARoyalAffair,tt1276419
ARoyalNightOut,tt1837562
ASceneAtTheSea,tt0103704
ASeparation,tt1832382
ASeriousMan,tt1019452
AShockToTheSystem,tt0100602
AShotInTheDark,tt0058586
ASimpleFavor,tt7040874
ASimplePlan,tt0120324
ASimpleWish,tt0120133
ASoldiersStory,tt0088146
ASongIsBorn,tt0040820
ASoundOfThunder,tt0318081
ASpecialDay,tt0076085
AStarIsBorn1937,tt0029606
AStarIsBorn1954,tt0047522
AStarIsBorn1976,tt0075265
AStarIsBorn2018,tt1517451
AStolenLife,tt0038984
AStoryOfFloatingWeeds,tt0025929
AStreetcarNamedDesire,tt0044081
AStudyInTerror,tt0059764
ASummersTale,tt0115940
ATL,tt0466856
ATaleOfTwoSisters,tt0365376
ATaleOfWinter,tt0104008
ATalkingCat,tt2511190
ATaxiDriver,tt0075314
AThousandClowns,tt0059798
AThousandWords,tt0763831
ATicklishAffair,tt0057583
ATimeToKill,tt0117913
ATouchOfZen,tt0064451
ATripToTheMoon,tt0000417
AUnitedKingdom,tt3387266
AVeryHaroldAndKumar3DChristmas,tt1268799
AVeryLongEngagement,tt0344510
AViewToAKill,tt0090264
AWalkAmongTheTombstones,tt0365907
AWalkInTheSun,tt0038235
AWalkOnTheMoon,tt0120613
AWalkToRemember,tt0281358
AWar,tt0319020
AWomanOfParis,tt0014624
AWomanUnderTheInfluence,tt0072417
AWomansFace,tt0034399
AWomansFace1938,tt0030337
AWrinkleInTime2003,tt0290382
AWrinkleInTime2018,tt1620680
AZedAndTwoNoughts,tt0090366
AbacusSmallEnoughToJail,tt5952382
AbbottAndCostelloMeetFrankenstein,tt0040068
Abduction,tt1600195
Abel,tt1479668
AboutAlex,tt2667918
AboutSchmidt,tt0257360
AboutTime,tt2194499
AboveTheLaw,tt0094602
AbrahamLincoln1930,tt0020620
AbrahamLincolnVampireHunter,tt1611224
AbrahamLincolnVsZombies,tt2246549
AbraxasGuardianOfTheUniverse,tt0101264
Absolon,tt0300902
AbsoluteBeginners,tt0090585
AbsolutePower,tt0118548
AbsolutelyAnything,tt1727770
Absurd,tt0084028
Accepted,tt0384793
Accident,tt0061328
AccidentMan,tt6237612
AccidentalHero,tt0809504
AccordingToGreta,tt1059925
AceHigh,tt0064860
AceInTheHole,tt0043338
AceOfAces,tt0119094
AceVentura,tt0109040
AceVenturaWhenNatureCalls,tt0112281
Acrimony,tt6063050
AcrossThePacific,tt0034428
AcrossTheUniverse,tt0445922
ActOfValor,tt1591479
ActOfVengeance,tt0072067
ActOfViolence,tt0041088
ActionJackson,tt0094612
Adam,tt1185836
AdamChaplin,tt2175535
AdamsApples,tt0418455
AdamsRib,tt0041090
Adaptation,tt0268126
AddictedToLove,tt0118556
Admiral,tt1101026
Admission,tt1814621
Adrift,tt6306064
AdultWorld,tt1067765
AdvanceToTheRear,tt0057820
Advantageous,tt3090670
Adventureland,tt1091722
AdventuresInBabysitting2016,tt4456850
AdventuresInDinosaurCity,tt0103621
AdviseAndConsent,tt0055728
Aelita,tt0014646
Afflicted,tt2309961
Affliction,tt0118564
AfterDeath,tt2710826
AfterLastSeason,tt1196334
AfterLife,tt0838247
AfterTheDark,tt1928340
AfterTheSunset,tt0367479
AfterTheThinMan,tt0027260
Aftermath,tt4581576
AfternoonDelight,tt2312890
Aftershock,tt1780762
AgeOfConsent,tt0063991
AgentCodyBanks,tt0313911
AgentForHARM,tt0060074
AggieApplebyMakerOfMen,tt0023744
AgnesOfGod,tt0088683
Agora,tt1186830
AguirreTheWrathOfGod,tt0068182
AhBoysToMen,tt2525596
AintThemBodiesSaints,tt2388637
AirAmerica,tt0099005
AirDoll,tt1371630
AirForceOne,tt0118571
Airheads,tt0109068
AirplaneIITheSequel,tt0083530
Airport,tt0065377
AkeelahAndTheBee,tt0437800
Akunin,tt1542840
Alaska,tt0115493
AlbertNobbs,tt1602098
AlexCross,tt1712170
Alexander,tt0346491
AlexanderAndTheTerribleHorribleNoGoodVeryBadDay,tt1698641
AlexanderNevsky,tt0029850
AlexanderTheGreat1956,tt0048937
AlexandersRagtimeBand,tt0029852
Alfie,tt0375173
Algiers,tt0029855
Ali,tt0248667
AliFearEatsTheSoul,tt0071141
AliGIndahouse,tt0284837
AliceDoesntLiveHereAnymore,tt0071115
AliceInMurderland,tt1753422
AliceInTheCities,tt0069687
AliceInWonderland1949,tt0042189
AliceInWonderland1985,tt0088693
AliceInWonderland1999,tt0164993
AliceInWonderland2010,tt1014759
AliceSweetAlice,tt0076150
AliceThroughTheLookingGlass,tt2567026
AlicesRestaurant,tt0064002
Alien,tt0078748
Alien2OnEarth,tt0078749
Alien3,tt0103644
AlienAbduction2014,tt2510434
AlienAbductionIncidentInLakeCounty,tt0142074
AlienCargo,tt0184197
AlienCovenant,tt2316204
AlienFromLA,tt0092532
AlienNation,tt0094631
AlienResurrection,tt0118583
AlienVsNinja,tt1592503
AlienVsPredator,tt0370263
Aliens,tt0090605
AliensInTheAttic,tt0775552
AliensVsPredatorRequiem,tt0758730
Alive,tt0106246
AllAboutEve,tt0042192
AllAboutLilyChouChou,tt0297721
AllAboutMyMother,tt0185125
AllAboutSteve,tt0881891
AllCheerleadersDie,tt2527186
AllEyezOnMe,tt1666185
AllHailTheKing,tt3438640
AllHallowsEve,tt2900624
AllIWantForChristmas,tt0101301
AllIsLost,tt2017038
AllMonstersAttack,tt0064373
AllOfMe,tt0086873
AllQuietOnTheWesternFront,tt0020629
AllSuperheroesMustDie,tt1836212
AllThatHeavenAllows,tt0047811
AllThatJazz,tt0078754
AllTheBoysLoveMandyLane,tt0490076
AllTheMarbles,tt0081964
AllTheMoneyInTheWorld,tt5294550
AllThePresidentsMen,tt0074119
AllThingsFair,tt0113720
AllThisAndHeavenToo,tt0032194
AllThroughTheNight,tt0034449
AlleluiaTheDevilsCarnival,tt3892618
Allied,tt3640424
Alligator,tt0080354
AlmightyThor,tt1792794
AlmostAnAngel,tt0099018
AlmostAngels,tt0055740
AlmostFamous,tt0181875
AlmostHeroes,tt0119053
Aloha,tt1243974
AloneInTheDark2005,tt0369226
AlongCameASpider,tt0164334
AlongCamePolly,tt0343135
AlongWithTheGodsTheTwoWorlds,tt7160070
AlphaDog,tt0426883
Alphaville,tt0058898
Alps,tt1859446
AlreadyTomorrowInHongKong,tt3700804
AlteredStates,tt0080360
Altitude,tt4556370
AlvinAndTheChipmunks,tt0952640
Always,tt0096794
AlwaysWatchingAMarbleHornetsStory,tt2737926
Amadeus,tt0086879
Amal,tt0907674
AmandaKnoxMurderOnTrialInItaly,tt1783413
AmarTeDuele,tt0318292
Amarcord,tt0071129
AmazingGrace,tt0454776
AmazingGraceAndChuck,tt0092545
AmazonWomenOnTheMoon,tt0092546
Amazons,tt0090627
AmberAlert,tt2093944
Amelie,tt0211915
America3000,tt0090630
AmericanAnimals,tt6212478
AmericanBeauty,tt0169547
AmericanDreamz,tt0465142
AmericanGangster,tt0765429
AmericanGigolo,tt0080365
AmericanGraffiti,tt0069704
AmericanHistoryX,tt0120586
AmericanHustle,tt1800241
AmericanMade,tt3532216
AmericanMary,tt1959332
AmericanMovie,tt0181288
AmericanNinja,tt0088708
AmericanPie,tt0163651
AmericanPiePresentsBetaHouse,tt0974959
AmericanRenegades,tt4106376
AmericanSatan,tt5451690
AmericanSniper,tt2179136
AmericanUltra,tt3316948
AmericasSweethearts,tt0265029
Americathon,tt0078766
AmicheDaMorire,tt2343371
Amigo,tt1562847
Amistad,tt0118607
Amityville3D,tt0085159
AmityvilleANewGeneration,tt0106262
AmityvilleDollhouse,tt0115535
AmityvilleIIThePossession,tt0083550
AmityvilleItsAboutTime,tt0103678
AmityvilleTheAwakening,tt1935897
AmityvilleTheEvilEscapes,tt0096808
AmoresPerros,tt0245712
AmosAndAndrew,tt0106266
Amour,tt1602620
Amsterdamned,tt0094651
Amusement,tt0476958
AnActorsRevenge,tt0057710
AnAdventureInSpaceAndTime,tt2663812
AnAffairToRemember,tt0050105
AnAlanSmitheeFilmBurnHollywoodBurn,tt0118577
AnAmericanCarol,tt1190617
AnAmericanHaunting,tt0429573
AnAmericanHippieInIsrael,tt1388371
AnAmericanInParis,tt0043278
AnAmericanWerewolfInLondon,tt0082010
AnAmericanWerewolfInParis,tt0118604
AnArcticTale,tt0488508
AnAutumnAfternoon,tt0056444
AnInconvenientTruth,tt0497116
AnInnocentMan,tt0097579
AnInterestingStory,tt0249600
AnOfficerAndAGentleman,tt0084434
AnUnmarriedWoman,tt0078444
Anaconda,tt0118615
AnacondasTheHuntForTheBloodOrchid,tt0366174
AnalyzeThis,tt0122933
Anamorph,tt0497323
Anastasia,tt0118617
Anatomy,tt0187696
AnatomyOfAMurder,tt0052561
AnatomyOfHell,tt0348529
Anchorman2TheLegendContinues,tt1229340
AnchormanTheLegendOfRonBurgundy,tt0357413
AnchorsAweigh,tt0037514
AndGodCreatedWoman,tt0049189
AndGodSaidToCain,tt0064273
AndJusticeForAll,tt0078718
AndNowTheScreamingStarts,tt0069715
AndQuietFlowsTheDon,tt0384712
AndStarringPanchoVillaAsHimself,tt0337824
AndTheBandPlayedOn,tt0106273
AndYouThoughtYourParentsWereWeird,tt0101343
Andersonville,tt0115097
AndreiRublev,tt0060107
AndroclesAndTheLion,tt0044355
AndroidCop,tt3393070
AngBabaeSaSepticTank,tt6271404
AngelAndTheBadman,tt0039152
AngelDog,tt1711456
AngelEyes,tt0225071
AngelHasFallen,tt6189022
AngelHeart,tt0092563
AngelOnMyShoulder,tt0038300
AngelsInTheOutfield,tt0043286
AngelsWithDirtyFaces,tt0029870
AngryVideoGameNerdTheMovie,tt2123146
Angst,tt0165623
Angus,tt0112368
AnimalRoom,tt0122946
AnnaAndTheKing,tt0166485
AnnaKarenina1935,tt1781769
Annabelle,tt3322940
AnnabelleCreation,tt5140878
AnneFrankRemembered,tt0112373
AnneOfTheIndies,tt0043288
AnnieARoyalAdventure,tt0112374
AnnieHall,tt0075686
Annihilation2018,tt2798920
Anon,tt5397194
Anonymous,tt1521197
AnotherCinderellaStory,tt1071358
AnotherCountry,tt0086904
AnotherEarth,tt1549572
AnotherGayMovie,tt0443431
AnotherMe,tt1816608
AnotherThinMan,tt0031047
AnotherYear,tt1431181
AntMan,tt0478970
AntManAndTheWasp,tt5095030
AnthonyAdverse,tt0027300
Anthropoid,tt4190530
Antichrist,tt0870984
Antitrust,tt0218817
Antiviral,tt2099556
AntoineAndColette,tt1180329
AntoniasLine,tt0112379
AntwoneFisher,tt0168786
AnvilTheStoryOfAnvil,tt1157605
AnyGivenSunday,tt0146838
AnyQuestionsForBen,tt1735839
AnythingElse,tt0313792
Aparajito,tt0048956
Apartment143,tt1757742
ApartmentZero,tt0094667
ApocalypseNow,tt0078788
Apocalypto,tt0472043
Apollo13,tt0112384
Apollo18,tt1772240
Appaloosa,tt0800308
Applause,tt0019644
April9th,tt3542188
AprilFoolsDay,tt0090655
AprilShowers,tt1212451
Aquamarine,tt0429591
Arachnia,tt0370295
Arachnophobia,tt0099052
Ararat,tt0273435
Arbitrage,tt1764183
Arcade,tt0106302
ArchieToRiverdaleAndBackAgain,tt0099054
AreWeThereYet,tt0368578
Area51,tt1519461
Argo,tt1024648
Ariel,tt0094675
ArizonaDream,tt0106307
ArjunReddy,tt7294534
ArlingtonRoad,tt0137363
Armageddon,tt0120591
ArmorOfGod,tt0091431
Armored,tt0913354
Army,tt0115568
ArmyOfDarkness,tt0106308
ArmyOfFrankensteins,tt2620490
ArmyOfOne,tt4382824
ArmyOfShadows,tt0064040
Arrival,tt2543164
ArrowTheUltimateWeapon,tt0186647
Arthur,tt0082031
ArthurAndTheInvisibles,tt0344854
ArtistsAndModels,tt0047840
AsAboveSoBelow,tt2870612
AsGoodAsItGets,tt0119822
AsItIsInHeaven,tt0382330
AsOne,tt1837492
AshesAndDiamonds,tt0052080
AshesOfTime,tt0109688
AspenExtreme,tt0106315
AssassinationGames,tt1436568
AssassinationNation,tt6205872
AssassinationOfAHighSchoolPresident,tt1018818
Assassins,tt0112401
AssassinsCreed2016,tt2094766
AssassinsCreedLineage,tt1587390
AssaultOnAQueen,tt0060135
AssaultOnPrecinct131976,tt0074156
AssaultOnPrecinct132005,tt0398712
AssaultOnWallStreet,tt2368553
AsterixAndObelixGodSaveBritannia,tt1597522
AsterixAndObelixMissionCleopatra,tt0250223
AsterixAndObelixTakeOnCaesar,tt0133385
Astro,tt0375568
AsylumBlackout,tt1027820
AtFiveInTheAfternoon,tt0363303
AtHomeAmongStrangers,tt0072231
AtLongLastLove,tt0072665
AtanarjuatTheFastRunner,tt0285441
AtlanticCity,tt0080388
AtlasShrugged,tt0480239
AtomicBlonde,tt2406566
AtomicTrain,tt0144039
AtomicTwister,tt0281617
Atonement,tt0783233
Atragon,tt0057215
AttackForce,tt0083591
AttackOfThe50FootWoman,tt0051380
AttackOfTheCrabMonsters,tt0050147
AttackOfTheEyeCreatures,tt0059161
AttackOfTheGiantLeeches,tt0053611
AttackOfTheKillerTomatoes,tt0080391
AttackOfTheMoonZombies,tt1878858
AttackOfThePuppetPeople,tt0051381
AttackTheBlock,tt1478964
AttackTheGasStation,tt0262246
Attenberg,tt1691323
AuHasardBalthazar,tt0060138
AuRevoirLesEnfants,tt0092593
Audition,tt0235198
AugustRush,tt0426931
Aurora,tt7312940
Austenland,tt1985019
Australia,tt0455824
AustralianRules,tt0285006
Automata,tt1971325
Autopsy,tt0443435
Autostop,tt0077188
AutumnSonata,tt0077711
AvalancheSharks,tt2622826
Avalon,tt0099073
AvasPossessions,tt3727982
AvengersAgeOfUltron,tt2395427
AvengersGrimm,tt4296026
Awakenings,tt0289043
AwayWeGo,tt1176740
Axe,tt0075710
Azumi,tt0384819
BAT21,tt0094712
BMXBandits,tt0085204
BPMBeatsPerMinute,tt6135348
BUTter,tt1349451
Baahubali,tt2631186
Babe,tt0112431
BabePigInTheCity,tt0120595
Babel,tt0449467
BabesInArms,tt0031066
BabesInToyland1934,tt0054649
BabettesFeast,tt0092603
BabyDriver,tt3890160
BabyGeniuses,tt0118665
BabySecretOfTheLostLegend,tt0088760
BabylonAD,tt0364970
BabysDayOut,tt0109190
BabysitterMassacre,tt2585548
BachelorMother,tt0031067
BachelorParty,tt0086927
Bachelorette,tt1920849
BackToTheBeach,tt0092608
BackToTheFuture,tt0088763
BackToTheFuturePartII,tt0096874
BackToTheFuturePartIII,tt0099088
Backbeat,tt0106339
Backdraft,tt0101393
BadBoyBubby,tt0106341
BadBoysForLife,tt1502397
BadBoysII,tt0172156
BadDayAtBlackRock,tt0047849
BadEggs,tt0312409
BadGenius,tt6788942
BadGrandpa,tt3063516
BadInfluence,tt0099091
BadLieutenant,tt0103759
BadMoms,tt4651520
BadMoon,tt0115610
BadRonald,tt0071186
BadSamaritan,tt3203528
BadSanta,tt0307987
BadSanta2,tt1798603
BadTaste,tt0092610
BadTeacher,tt1284575
BadTiming,tt0080408
BadWords,tt2170299
Badass,tt0367790
BagdadCafe,tt0095801
Baghead,tt0923600
BallOfFire,tt0033373
BalladOfASoldier,tt0052600
BallisticEcksVsSever,tt0308208
BallsOfFury,tt0424823
Bamboozled,tt0215545
Bananas,tt0066808
BandOfRobbers,tt4048668
BandOfTheHand,tt0090693
Bandidas,tt0416496
Bandits,tt0219965
Bandslam,tt0976222
BangBoomBang,tt0135790
BansheeChapter,tt2011276
Baraka,tt0103767
Baran,tt0233841
Barbarella,tt0062711
BarbarianQueen,tt0088771
Barbershop,tt0303714
Barcelona,tt0109219
Barefoot,tt2355495
BarelyLethal,tt1731701
Barfly,tt0092618
BarneysGreatAdventure,tt0120598
BarryLyndon,tt0072684
BartonFink,tt0101410
Baseketball,tt0131857
Basic,tt0264395
BasicInstinct,tt0103772
BasicInstinct2,tt0430912
Baskin,tt4935418
BastardOutOfCarolina,tt0115633
Bastards,tt0460012
Bataan,tt0035664
BatmanAndRobin,tt0041162
BatmanBegins,tt0372784
BatmanForever,tt0112462
BatmanReturns,tt0103776
BatmanTheMovie,tt0231237
BatmanVSupermanDawnOfJustice,tt2975590
Bats,tt0200469
BatteriesNotIncluded,tt0092494
BattleBeyondTheStars,tt0080421
BattleCircus,tt0045544
BattleForSevastopol,tt4084744
BattleForThePlanetOfTheApes,tt0069768
BattleInOuterSpace,tt0053388
BattleLosAngeles,tt1217613
BattleOfBritain,tt0064072
BattleOfTheBulge,tt0058947
BattleOfTheSexes,tt4622512
BattlefieldBaseball,tt0384832
BattlefieldEarth,tt0185183
Battleground,tt0041163
BattlesWithoutHonorAndHumanity,tt0070246
Battleship,tt1440129
BattlingButler,tt0016630
BeKindRewind,tt0799934
BeachBlanketBingo,tt0058953
Beaches,tt0094715
Bean,tt0118689
BeastStalker,tt1330525
BeastsOfNoNation,tt1365050
BeastsOfTheSouthernWild,tt2125435
BeatTheDevil,tt0046414
BeauTravail,tt0209933
BeautifulCreatures,tt1559547
BeautifulGirls,tt0115639
BeautyAndTheBeast1946,tt0038348
BeautyAndTheBeast2014,tt2316801
BeautyAndTheBeast2017,tt2771200
BeautyAndTheBestie,tt4842270
BeautyShop,tt0388500
Becket,tt0057877
BecomingJane,tt0416508
BedOfRoses,tt0115644
Bedeviled,tt4998772
BedknobsAndBroomsticks,tt0066817
BedroomsAndHallways,tt0126810
BedtimeStories,tt0960731
Beerfest,tt0486551
Beethoven,tt0103786
Beetlejuice,tt0094721
BeforeIFall,tt1691916
BeforeIGoToSleep,tt1726592
BeforeIWake,tt3174376
BeforeStonewall,tt0088782
BeforeSunrise,tt0112471
BeforeSunset,tt0381681
BeforeTheDevilKnowsYoureDead,tt0292963
BeforeTheFall,tt0384369
BeforeTheRain,tt0110882
BeginningOfTheEnd,tt0050177
Begotten,tt0101420
BehindEnemyLines,tt0159273
BehindTheCandelabra,tt1291580
BehindTheMaskTheRiseOfLeslieVernon,tt0437857
BeingElmoAPuppeteersJourney,tt1787660
BeingJohnMalkovich,tt0120601
BeingThere,tt0078841
BeingTwoIsntEasy,tt0056680
BellBookAndCandle,tt0051406
Belle,tt2404181
BelleDeJour,tt0061395
BelleEpoque,tt0103791
Belly,tt0158493
Below,tt0276816
BelowHerMouth,tt5073620
Ben10AlienSwarm,tt1327701
BendItLikeBeckham,tt0286499
BendOfTheRiver,tt0044413
BeneathHill60,tt1418646
BeneathThePlanetOfTheApes,tt0065462
Benji,tt1799516
Bent,tt2237324
BerberianSoundStudio,tt1833844
Bereavement,tt1100051
BerlinSyndrome,tt3335606
Bernie,tt1704573
BertieAndElizabeth,tt0310733
BestInShow,tt0218839
BestNightEver,tt2499414
BestOfTheBest,tt0096913
BestPlayer,tt1535615
BestSeller,tt0092641
BetterLivingThroughChemistry,tt1609479
BetterLuckTomorrow,tt0280477
BetterOffDead,tt0088794
BetterThanChocolate,tt0168987
BetterWatchOut,tt4443658
BettyBlue,tt0090563
BeverlyHillsChihuahua,tt1014775
BeverlyHillsCop,tt0086960
BeverlyHillsCopII,tt0092644
BeverlyHillsCopIII,tt0109254
BeverlyHillsNinja,tt0118708
BewareOfTheCar,tt0060161
BewareTheBlob,tt0068271
BeyondAReasonableDoubt,tt0049006
BeyondReAnimator,tt0222812
BeyondTheBlackRainbow,tt1534085
BeyondTheBorder,tt1797396
BeyondTheDarkness,tt0078916
BeyondTheForest,tt0041172
BeyondTheLights,tt3125324
BeyondTheMat,tt0218043
BeyondTheSea,tt0363473
BeyondTheValleyOfTheDolls,tt0065466
BicentennialMan,tt0182789
BicycleThieves,tt0040522
Big,tt0094737
BigAssSpider,tt1830713
BigBadWolf,tt0488962
BigBadWolves,tt2309224
BigBully,tt0115676
BigBusiness,tt0019688
BigBusiness1988,tt0094739
BigDealOnMadonnaStreet,tt0052216
BigEyes,tt1126590
BigFatLiar,tt0265298
BigFish,tt1920885
BigGame,tt2088003
BigJake,tt0066831
BigManJapan,tt0997147
BigMiracle,tt1430615
BigMommasHouse,tt0208003
BigMoneyRustlas,tt1380784
BigNight,tt0115678
BigNothing,tt0488085
BigTopPeeWee,tt0094744
BigTroubleInLittleChina,tt0090728
BiggerThanLife,tt0049010
BigglesAdventuresInTime,tt0090729
BikiniBeach,tt0057887
Bill,tt0790623
BillAndTedsBogusJourney,tt0101452
BillAndTedsExcellentAdventure,tt0096928
BillboardDad,tt0167049
BillionaireBoysClub,tt5179598
BillyBathgate,tt0101453
BillyElliot,tt0249462
BillyJack,tt0066832
BillyLiar,tt0056868
BillyLynnsLongHalftimeWalk,tt2513074
BillyMadison,tt0112508
BiloxiBlues,tt0094746
Bingo,tt0101455
BioDome,tt0115683
BirdOnAWire,tt0099141
Birdemic2TheResurrection,tt1674047
Birdman,tt2562232
BirdmanOfAlcatraz,tt0055798
BirthdayGirl,tt0188453
Bite,tt4264426
BitterLake,tt4393514
BitterMoon,tt0104779
BitterRice,tt0040737
Biutiful,tt1164999
BlacKkKlansman,tt7349662
BlackAndWhiteInColor,tt0074972
BlackBeltJones,tt0071221
BlackCaesar,tt0069792
BlackCatWhiteCat,tt0118843
BlackDeath,tt1181791
BlackDynamite,tt1190536
BlackHawkDown,tt0265086
BlackKnight,tt0265087
BlackMamaWhiteMama,tt0068282
BlackMask,tt0115693
BlackMass,tt1355683
BlackNarcissus,tt0039192
BlackOrWhite,tt2883434
BlackOrpheus,tt0053146
BlackPanther2018,tt1825683
BlackRage,tt0079969
BlackRain,tt0096933
BlackRobe,tt0101465
BlackSabbath,tt0057603
BlackSea,tt2261331
BlackSnakeMoan,tt0462200
BlackSunday,tt0054067
BlackbeardsGhost,tt0062737
Blackbird,tt3181920
BlackboardJungle,tt0047885
Blackenstein,tt0069795
Blackhat,tt2717822
Blackway,tt4061010
Blacula,tt0068284
Blade,tt0120611
BladeII,tt0187738
BladeRunner,tt0083658
BladeRunner2049,tt1856101
BladeTrinity,tt0359013
BladesOfGlory,tt0445934
BlairWitch,tt1540011
BlameItOnTheBellboy,tt0103827
Blancanieves,tt0255605
BlankCheck,tt0109287
Blankman,tt0109288
BlastFromThePast,tt0124298
BlastOfSilence,tt0054687
Blastfighter,tt0088818
BlazingSaddles,tt0071230
BlessTheChild,tt0163983
BlindChance,tt0084549
BlindFury,tt0096945
BlindHorizon,tt0337881
BlindWomansCurse,tt0065932
Blindman,tt0066844
Blindness,tt0861689
Bliss,tt0088821
Blitz,tt1297919
Blockers,tt2531344
BlondeCrazy,tt0021673
BlondeVenus,tt0022698
BlondieJohnson,tt0023817
BloodAndBlackLace,tt0058567
BloodAndBone,tt0346631
BloodAndDonuts,tt0112527
BloodAndWine,tt0115710
BloodDiamond,tt0450259
BloodFather,tt3647498
BloodFeast,tt0056875
BloodFest,tt7208564
BloodForDracula,tt0071233
BloodLakeAttackOfTheKillerLampreys,tt3723790
BloodNightTheLegendOfMaryHatchet,tt1161404
BloodOfTheTribades,tt4813254
BloodOnTheLand,tt0057892
BloodOrgyOfTheSheDevils,tt0068288
BloodPunch,tt2825230
BloodRage,tt0078880
BloodRayne,tt0383222
BloodRayneIIDeliverance,tt0896036
BloodSimple,tt0086979
BloodSurf,tt0226919
BloodWork,tt1562567
Bloodfist,tt0096952
Bloodlust,tt0082272
Bloodsport,tt0092675
BloodsuckersFromOuterSpace,tt0086980
BloodsuckingFreaks,tt0077247
BloodsuckingPharaohsInPittsburgh,tt0101483
BloodyBirthday,tt0082084
BloodyBloodyBibleCamp,tt1663625
BloodyHomecoming,tt2040295
BloodyPitOfHorror,tt0058983
BloodySunday,tt0280491
BlossomsInTheDust,tt0033407
Blow,tt0221027
BlowDry,tt0212380
BlowOut,tt0082085
BlownAway,tt0109303
Blowup,tt0060176
BlueCrush,tt0300532
BlueHawaii,tt0054692
BlueIsTheWarmestColor,tt2278871
BlueJasmine,tt2334873
BlueMonkey,tt0092677
BlueRuin,tt2359024
BlueSteel,tt0099160
BlueStreak,tt0181316
BlueSunshine,tt0074226
BlueThunder,tt0085255
BlueValentine,tt1120985
BlueVelvet,tt0090756
BobAndCarolAndTedAndAlice,tt0064100
BobLeFlambeur,tt0047892
BobRoberts,tt0103850
Bodied,tt5883570
BodyAndSoul,tt0015634
BodyBags,tt0106449
BodyDouble,tt0086984
BodyMelt,tt0106450
BodyOfEvidence,tt0106453
BodyOfLies,tt0758774
BodyguardsAndAssassins,tt1403130
BoggyCreek2TheLegendContinues,tt0088772
BoilerRoom,tt0181984
Bolero,tt0086987
BonCopBadCop,tt0479647
BoneTomahawk,tt2494362
BonnieAndClyde,tt0061418
BoogieNights,tt0118749
BookOfShadowsBlairWitch2,tt0229260
BooneTheBountyHunter,tt3229488
Borat,tt0443453
BordelloOfBlood,tt0117826
Borderland,tt0452592
Borgman,tt1954315
BorisAndNatasha,tt0101500
BornInEastLA,tt0092690
BornOfHope,tt1301303
Borsalino,tt0065486
BossNigger,tt0072725
BottleRocket,tt0115734
BouduSavedFromDrowning,tt0022718
BoulevardNights,tt0078898
BoundForGlory,tt0074235
Bowfinger,tt0131325
BowlingForColumbine,tt0310793
BoxOfMoonlight,tt0115738
BoxcarBertha,tt0068309
BoxingHelena,tt0106471
BoyEatsGirl,tt0415679
Boyhood,tt1065073
BoykaUndisputed,tt3344680
BoysDontCry,tt0171804
BoysOnTheSide,tt0112571
BoyzNTheHood,tt0101507
BrainDonors,tt0103872
Braindead,tt0103873
Brainscan,tt0109327
Brainstorm,tt0085271
Brake,tt1990181
BramStokersDracula,tt0103874
BrandUponTheBrain,tt0443455
BrandedToKill,tt0061882
BrassedOff,tt0115744
Bratz,tt0804452
Braveheart,tt0112573
BrawlInCellBlock99,tt5657856
Brazil,tt0088846
Breach,tt0401997
Breakdown,tt0118771
BreakerMorant,tt0080310
BreakfastAtTiffanys,tt0054698
BreakfastOnPluto,tt0411195
BreakfastWithScot,tt0910847
BreakheartPass,tt0072735
Breakin2ElectricBoogaloo,tt0086999
BreakingAway,tt0078902
BreakingPoint1976,tt0042281
BreakingTheWaves,tt0115751
BreathingRoom,tt1220706
Breathless,tt0053472
BrendaStarr,tt0096978
BrewsterMcCloud,tt0065492
BrewstersMillions1985,tt0088850
BriansSong,tt0068315
Brick,tt0393109
BrickMansions,tt1430612
BrideAndPrejudice,tt0361411
BrideOfChucky,tt0144120
BrideOfFrankenstein,tt0026138
BrideOfReAnimator,tt0099180
BrideOfTheMonster,tt0047898
BrideWars,tt0901476
Bridesmaids,tt1478338
BridgeOfSpies,tt3682448
BridgeToTheSun,tt0054701
BridgetJonesDiary,tt0243155
BridgetJonesTheEdgeOfReason,tt0317198
BriefEncounter,tt0037558
BrighamCity,tt0268200
Bright,tt5519340
BrightEyes,tt0024914
BrightLightsBigCity,tt0094799
BrightYoungThings,tt0325123
BrigsbyBear,tt5805752
Brimstone,tt1895315
BringItOn,tt0204946
BringMeTheHeadOfAlfredoGarcia,tt0071249
BringingDownTheHouse,tt0305669
BringingUpBaby,tt0029947
Brink,tt0162212
BrinkOfLife,tt0052017
BroadcastNews,tt0092699
BroadwayDannyRose,tt0087003
BroadwayMelodyOf1936,tt0026144
BrokebackMountain,tt0388795
BrokedownPalace,tt0120620
BrokenArrow1950,tt0042286
BrokenArrow1996,tt0115759
BrokenBlossoms,tt0009968
BrokenFlowers,tt0412019
BrokenTrail,tt0482857
BroncoBilly,tt0080472
Bronson,tt1172570
Brooklyn,tt2381111
BrooklynsFinest,tt1210042
Brother,tt0222851
Brother2,tt0185906
Brother2000,tt6604936
BrotherhoodOfBlades,tt4019426
BrotherhoodOfDeath,tt0207359
BrotherhoodOfTheWolf,tt0237534
Brothers2009,tt4234850
BruceAlmighty,tt0315327
BruceLeeMyBrother,tt1482989
Bruiser,tt0212830
Bruno,tt0889583
BubbaHoTep,tt0281686
Bubble,tt0454792
BubbleBoy,tt0258470
Buddy,tt0118787
BuffaloSoldiers,tt0252299
Bug,tt0470705
Bugsy,tt0101516
BugsyMalone,tt0074256
BullDurham,tt0094812
BulldogDrummond,tt0019735
BulletInTheHead,tt0099426
BulletProofMonk,tt0245803
BulletToTheHead,tt1308729
BulletsOverBroadway,tt0109348
Bullitt,tt0062765
Bully,tt0242193
Bulworth,tt0118798
BunnyAndTheBull,tt1251725
BunnyLakeIsMissing,tt0058997
Bunraku,tt1181795
BurialGroundTheNightsOfTerror,tt0081248
Buried,tt1462758
BurkeAndHare,tt1320239
Burlesque,tt1126591
BurnAfterReading,tt0887883
BurnNoticeTheFallOfSamAxe,tt1697851
BurningBright,tt1244658
Burnt,tt2503944
BurntByTheSun,tt0111579
BurntOfferings,tt0074258
BuryingTheEx,tt3339674
Bushwhacked,tt0112602
Bushwick,tt4720702
ButImACheerleader,tt0179116
ButchCassidyAndTheSundanceKid,tt0064115
ButcherBakerNightmareMaker,tt0082813
ByDawnsEarlyLight,tt0099197
ByHookOrByCrook,tt0290498
ByTheSword,tt0101524
Byzantium,tt1531901
CBGB,tt1786751
CHUD,tt0087015
CJ7,tt0940709
CKDezerterzy,tt0092713
CRAZY,tt0401085
CSATheConfederateStatesOfAmerica,tt0389828
Cabaret,tt0068327
CabinBoy,tt0109361
CabinByTheLake,tt0199389
CabinFever,tt0303816
CabinInTheSky,tt0035703
Cabiria,tt0003740
Cache,tt0387898
Caddyshack,tt0080487
CadetKelly,tt0294425
CaesarAndCleopatra,tt0038390
Caged,tt0042296
CagedHeat,tt0071266
CalamityJane,tt0045591
CalendarGirls,tt0337909
CaliforniaSplit,tt0071269
Caligula,tt0080491
CallHerSavage,tt0022737
CallMeByYourName,tt5726616
CallawayWentThataway,tt0043371
Calvary,tt2234003
Camila,tt0087027
CampNowhere,tt0109369
CampRock,tt1055366
CampXRay,tt2994190
CanadianBacon,tt0109370
Candleshoe,tt0075807
Candy,tt0424880
CandymanDayOfTheDead,tt0165662
CandymanFarewellToTheFlesh,tt0112625
CannibalFerox,tt0082700
CannibalGirls,tt0069841
CannibalHolocaust,tt0078935
CannibalTheMusical,tt0115819
CannibalWomenInTheAvocadoJungleOfDeath,tt0094834
CantBuyMeLove,tt0092718
CantHardlyWait,tt0127723
CantStopTheMusic,tt0080492
Cantinflas,tt3005242
CanyonPassage,tt0038395
CapeFear,tt0101540
CapeNo7,tt1267160
Capernaum,tt8267604
CapitalismALoveStory,tt1232207
Capote,tt0379725
CapricornOne,tt0077294
CaptainAmericaCivilWar,tt3498820
CaptainAmericaTheFirstAvenger,tt0458339
CaptainAmericaTheWinterSoldier,tt1843866
CaptainBlood,tt0026174
CaptainEO,tt0090793
CaptainFantastic,tt3553976
CaptainKronosVampireHunter,tt0071276
CaptainMarvel2019,tt4154664
CaptainPhillips,tt1535109
CaptainRon,tt0103924
CaptainSindbad,tt0056904
Captivity,tt0374563
Caravaggio,tt0090798
CardSubjectToChange,tt0816362
Cargo,tt3860916
Cargo2013,tt0847880
CarlitosWay,tt0106519
CarmenComesHome,tt0043699
CarmenJones,tt0046828
Carnage,tt1692486
CarnalKnowledge,tt0066892
CarnivalMagic,tt0207374
CarnivalOfSouls,tt0055830
Carnosaur,tt0106521
Carol,tt2402927
Carriers,tt0806203
Carrington,tt0112637
CarryOnAbroad,tt0069847
CarryOnAgainDoctor,tt0064132
CarryOnAtYourConvenience,tt0066895
CarryOnBehind,tt0072764
CarryOnCabby,tt0056912
CarryOnCamping,tt0064133
CarryOnCleo,tt0057918
CarryOnColumbus,tt0103927
CarryOnConstable,tt0053699
CarryOnCowboy,tt0059014
CarryOnCruising,tt0055831
CarryOnDick,tt0071281
CarryOnDoctor,tt0061450
CarryOnEngland,tt0074286
CarryOnGirls,tt0069848
CarryOnHenry,tt0066894
CarryOnJack,tt0057919
CarryOnLoving,tt0065524
CarryOnMatron,tt0068339
CarryOnRegardless,tt0054727
CarryOnScreaming,tt0060214
CarryOnSergeant,tt0051453
CarryOnSpying,tt0057920
CarryOnTeacher,tt0052676
CarryOnUpTheJungle,tt0065525
CarryOnUpTheKhyber,tt0062782
CartelLand,tt4126304
Cartouche,tt0055832
CartsOfDarkness,tt1633175
CarveHerNameWithPride,tt0051454
Carved,tt0891520
Carver,tt1001333
CasAndDylan,tt2334593
CasaDeMiPadre,tt1702425
Casablanca,tt0034583
Casanova,tt0402894
Case39,tt0795351
Cashback,tt0460740
Casino,tt0112641
CasinoJack,tt1194417
CasinoRoyale1967,tt0061452
CasinoRoyale2006,tt0381061
Casper,tt0112642
CasperASpiritedBeginning,tt0118824
CasperMeetsWendy,tt0140883
CasqueDor,tt0043386
CassandrasDream,tt0795493
Casshern,tt0405821
CastADarkShadow,tt0050233
CastADeadlySpell,tt0101550
CastAway,tt0092732
CastawayOnTheMoon,tt1499666
CastleFreak,tt0112643
CastleOfSand,tt0202604
CasualtiesOfWar,tt0097027
CatBallou,tt0059017
CatChaser,tt0097028
CatPeople,tt0083722
CatSickBlues,tt4185862
CatWomenOfTheMoon,tt0045609
CatalinaCaper,tt0061456
Catch44,tt1886493
CatchMeIfYouCan,tt0264464
CatchThatKid,tt0337917
Catfight,tt5294198
Catfish,tt1584016
Catwoman,tt0327554
Cavalcade,tt0023876
CaveOfForgottenDreams,tt1664894
Caveman,tt0082146
CecilBDemented,tt0173716
CedarRapids,tt1477837
Ceddo,tt0077309
Celebrity,tt0120533
CelesteAndJesseForever,tt1405365
CelineAndJulieGoBoating,tt0071381
Cell211,tt1242422
Cellular,tt0337921
CelticPride,tt0115851
CemeteryMan,tt0109592
CentralIntelligence,tt1489889
Centurion,tt1020558
Chained,tt1989475
ChairmanOfTheBoard,tt0118836
ChaletGirl,tt1487118
Champagne,tt0018756
ChanIsMissing,tt0083728
Chang,tt0401312
Changeling,tt0824747
ChangingLanes,tt0264472
Chanthaly,tt2837366
ChaosOnTheBridge,tt2880448
Chaplin,tt0103939
Chappaquiddick,tt5270948
Chappie,tt1823672
Character,tt0119448
Charade,tt0056923
Chariot,tt2531362
ChariotsOfFire,tt0082158
CharleyVarrick,tt0069865
CharlieAndTheChocolateFactory,tt0367594
CharlieBartlett,tt0423977
CharlieStCloud,tt1438254
CharlieWilsonsWar,tt0472062
CharliesAngelsFullThrottle,tt0305357
CharliesFarm,tt3317874
CharlottesWeb,tt0413895
ChasingAmy,tt0118842
ChasingLiberty,tt0360139
ChasingMavericks,tt1629757
Chatroom,tt1319704
Che,tt0892255
CheapThrills,tt2389182
CheaperByTheDozen,tt0349205
CheechAndChongsNextMovie,tt0080520
CheechAndChongsTheCorsicanBrothers,tt0087042
CheerleaderCamp,tt0092744
Chef,tt2883512
ChemicalWedding,tt0974536
ChernobylDiaries,tt1991245
Cherry2000,tt0092746
CherryFalls,tt0175526
Cherrybomb,tt1248971
Chicago,tt0299658
Child44,tt1014763
ChildBride,tt0029989
ChildrenOfALesserGod,tt0090830
ChildrenOfMen,tt0206634
ChildrenOfNature,tt0101526
ChildrenOfParadise,tt0037674
ChildrenOfTheCorn1984,tt0087050
ChildrenOfTheCorn2009,tt1290135
ChildrenOfTheCorn666IsaacsReturn,tt0177625
ChildrenOfTheCornGenesis,tt1745672
ChildrenOfTheCornIIIUrbanHarvest,tt0109415
ChildrenOfTheCornIITheFinalSacrifice,tt0106557
ChildrenOfTheCornIVTheGathering,tt0115885
ChildrenOfTheCornRevelation,tt0279730
ChildrenOfTheCornVFieldsOfTerror,tt0150111
ChildrenOfTheNight,tt0103957
ChildrenShouldntPlayWithDeadThings,tt0068370
ChildsPlay2019,tt0099253
ChildsPlay3,tt0103956
ChillFactor,tt0163579
ChillyScenesOfWinter,tt0079278
ChimesAtMidnight,tt0059012
ChinaSeas,tt0026205
Chinatown,tt0071315
ChineseBox,tt0118851
Chisum,tt0065547
ChittyChittyBangBang,tt0062803
Chloe,tt1352824
ChloeInTheAfternoon,tt0068205
Chocolat,tt0241303
Chocolate,tt1183252
ChopShop,tt0990404
Chopper,tt0221073
ChoppingMall,tt0090837
ChristmasEvil,tt0081793
ChristmasInConnecticut,tt0037595
ChristmasInJuly,tt0032338
ChristmasWithTheKranks,tt0388419
ChristopherRobin,tt4575576
Chronicle,tt1706593
ChronicleOfASummer,tt0054745
ChungkingExpress,tt0109424
Chunhyang,tt0245837
Chushingura,tt0055850
CigarettesAndCoffee,tt0397696
Cimarron,tt0053715
Cinderella2015,tt0075850
CinderellaMan,tt0352248
CinemaParadiso,tt0095765
Circle,tt3118452
CircleOfIron,tt0078975
Circus,tt0191037
CircusOfHorrors,tt0053717
CirqueDuSoleilJourneyOfMan,tt0213749
CitizenDog,tt0444778
CitizenKane,tt0033467
CitizenX,tt0112681
Citizenfour,tt4044364
CityBeneathTheSea,tt0065556
CityGirl,tt0020768
CityLights,tt3709344
CityLimits,tt0088925
CityOfEmber,tt0970411
CityOfGod,tt0317248
CityOfIndustry,tt0118859
CityOfLifeAndDeath,tt1124052
CityOfTheDead,tt0053719
CityOfTheLivingDead,tt0081318
CityOnFire,tt0093435
CitySlickers,tt0101587
CityWar,tt4154756
Civilization,tt0006517
ClairesKnee,tt0065772
ClashByNight,tt0044502
ClashOfTheTitans1981,tt0082186
ClashOfTheTitans2010,tt0800320
ClashOfTheWolves,tt0015687
ClassOf1984,tt0083739
ClassOf1999,tt0099277
ClassOfNukeEmHigh,tt0090849
CleanShaven,tt0106579
ClearAndPresentDanger,tt0109444
ClearHistory,tt2279864
CleoFrom5To7,tt0055852
Cleopatra,tt0056937
Clerks,tt0109445
ClerksII,tt0424345
Click,tt0389860
Cliffhanger,tt0106582
Climax,tt8359848
CloakAndDagger,tt0038417
Clockers,tt0112688
Clockstoppers,tt0157472
Clonus,tt0078062
CloseEncountersOfTheThirdKind,tt0075860
CloseMyEyes,tt0101595
CloseToEden,tt0103176
CloseUp,tt0100234
CloselyWatchedTrains,tt0060802
Closer,tt0376541
CloudAtlas,tt1371111
CloudsOfSilsMaria,tt2452254
Cloverfield,tt1060277
Clown,tt1780798
ClubDread,tt0331953
ClubParadise,tt0090856
Clue,tt0088930
Clueless,tt0112697
ClunyBrown,tt0038419
CoachCarter,tt0393162
CoalMinersDaughter,tt0080549
CobraWoman,tt0036716
CocaineCowboys,tt0380268
CockneysVsZombies,tt1362058
Cocktail,tt0094889
Cocoon,tt0088933
Code46,tt0345061
CodeNameDiamondHead,tt0075862
CodeOfSilence,tt0088936
CodeUnknown,tt0216625
CoffeeAndCigarettes,tt0379217
Coffy,tt0069897
CohenAndTate,tt0097074
Coherence,tt2866360
ColdComesTheNight,tt2511428
ColdCreekManor,tt0331468
ColdInJuly,tt1179031
ColdPrey,tt0808276
ColdSweat,tt0066970
ColdTurkey,tt0066927
ColdWar,tt6543652
ColdWater,tt2198956
Colette,tt5437928
Collateral,tt0369339
CollateralBeauty,tt4682786
CollateralDamage,tt0233469
Colombiana,tt1657507
ColorMeBloodRed,tt0059044
ColorOfNight,tt0109456
Colors,tt0094894
Colossal,tt4680182
ColossusAndTheHeadhunters,tt0056207
ColossusTheForbinProject,tt0064177
CombatShock,tt0090866
ComeAndSee,tt0091251
ComeLiveWithMe,tt0033477
ComeOutAndPlay,tt2341664
ComeSunday,tt1690967
ComicBookConfidential,tt0094897
ComingSoon,tt0150176
ComingToAmerica,tt0094898
Commando,tt0088944
CommandosStrikeAtDawn,tt0035746
Compliance,tt1971352
Compulsion,tt4992060
ComputerChess,tt2007360
ConanTheBarbarian1982,tt0082198
ConanTheBarbarian2011,tt0816462
ConanTheDestroyer,tt0087078
Concussion,tt3322364
Condorman,tt0082199
Coneheads,tt0106598
Confessions,tt1590089
ConfessionsOfAShopaholic,tt1093908
ConfessionsOfATeenageDramaQueen,tt0361467
Confetti,tt0427089
ConfidentiallyYours,tt0086551
Congo,tt0112715
Conquest,tt0085356
ConquestOfThePlanetOfTheApes,tt0068408
ConspiracyTheory,tt0118883
Constantine,tt0360486
Contact,tt0118884
Contagion,tt1598778
Contamination,tt0082000
Contempt,tt0057345
Contracted,tt2281159
Control,tt0421082
Convict13,tt0011071
Convoy,tt0077369
CookiesFortune,tt0126250
CoolAsIce,tt0101615
CoolCatSavesTheKids,tt2974050
CoolHandLuke,tt0061512
CoolRunnings,tt0106611
CoolWorld,tt0104009
CooleyHigh,tt0072820
Cooties,tt2490326
Cop,tt0092783
CopAndAHalf,tt6212210
CopCar,tt3813310
CopLand,tt0118887
CopOrHood,tt0077563
Copacabana,tt0039277
Copycat,tt0112722
CorkyRomano,tt0250310
CorrinaCorrina,tt0109484
CorvetteSummer,tt0077372
Cosmopolis,tt1480656
CosyDens,tt0167331
CountDracula,tt0065569
CountYorga,tt0066952
CountdownToLookingGlass,tt0087090
CounterfeitTraitor,tt0055871
CountessDracula,tt0065580
CountryStrong,tt1555064
CourageUnderFire,tt0115956
Courageous,tt1630036
CousinCousine,tt0072826
CowboysAndAliens,tt0409847
CowboysVsDinosaurs,tt3252786
CoyoteUgly,tt0200550
Crackers,tt0087096
Cracks,tt1183665
Cradle2TheGrave,tt0306685
Crank,tt0479884
Crash,tt0375679
Crawlspace,tt0090881
CrazedFruit,tt0160440
CrazyBeautiful,tt0250224
CrazyBeautifulYou,tt4377918
CrazyPeople,tt0099316
CrazyRichAsians,tt3104988
CrazyStupidLove,tt1570728
Creation,tt0974014
CreatureFromTheBlackLagoon,tt0046876
CreatureWithTheAtomBrain,tt0047960
Creed,tt3076658
CrimeWave,tt0088967
CrimesAndMisdemeanors,tt0097123
CrimesOfTheFuture,tt0065591
Criminal,tt3014866
CriminallyInsane,tt0072831
CrimsonPeak,tt2554274
CrimsonTide,tt0112740
CrisisBehindAPresidentialCommitment,tt0263238
Critters,tt0090887
Croc,tt1127177
Crocodile,tt0203425
CrocodileDundee,tt0090555
Cronos,tt0104029
CrookedHouse,tt1869347
Crooklyn,tt0109504
CrossOfIron,tt0074695
Crossfire,tt1815708
CrossfireTrail,tt0218127
Crossworlds,tt0115985
CrouchingTigerHiddenDragon,tt0190332
CrowsZero,tt1016290
CruelIntentions,tt0139134
CruelStoryOfYouth,tt0054286
Cruising,tt0080569
Crush,tt2093977
CryBaby,tt0099329
CryBabyLane,tt0221097
CryFreedom,tt0092804
CryWilderness,tt0126848
Cthulhu,tt0478126
CubanFury,tt2390237
Cube,tt0123755
Cube2Hypercube,tt0285492
CubeZero,tt0377713
Culloden,tt0057982
CultOfChucky,tt3280262
Cupcakes,tt1935742
Cure,tt0123948
CurlySue,tt0101635
CurseOfChucky,tt2230358
CurseOfTheFly,tt0059076
CurseOfTheGoldenFlower,tt0473444
CurseOfTheHeadlessHorseman,tt0068438
CurseOfThePinkPanther,tt0085384
Curtains,tt0085385
CutAndRun,tt0089338
CutBank,tt1661820
CutthroatIsland,tt0112760
CyberSeductionHisSecretLife,tt0457270
Cyberjack,tt0112763
Cypher,tt0284978
CyranoDeBergerac,tt0099334
Cyrus,tt1336617
DARYL,tt0088979
DArtagnanAndThreeMusketeers,tt0076998
DCCab,tt0085387
DOA,tt0042369
DOADeadOrAlive,tt0398913
DTox,tt0160184
DWar,tt0372873
DaddyDayCamp,tt0462244
DaddyDayCare,tt0317303
DaddyLongLegs1955,tt0047969
DaddyO,tt0052719
DaddysHome,tt5657846
DaddysLittleGirls,tt0778661
Dadnapped,tt1090750
Daens,tt0104046
DaftPunksElectroma,tt0800022
Dagon,tt0264508
Daisies,tt0060959
DaleksInvasionEarth2150AD,tt0060278
DallasBuyersClub,tt0790636
Damage,tt0104237
Dames,tt0025028
DamienOmenII,tt0077394
DamnationAlley,tt0075909
DamselsInDistress,tt1667307
DanInRealLife,tt0480242
DanceGirlDance,tt0032376
DanceMeOutside,tt0109529
DanceOfTheDead,tt0926063
DancerInTheDark,tt0168629
DancesWithWolves,tt0099348
DangerDeathRay,tt0062035
DangerDiabolik,tt0062861
Dangerous,tt0026261
DangerousMinds,tt0112792
DangerousMoves,tt0087144
Dante01,tt0487928
DantesPeak,tt0118928
DaphneAndVelma,tt7689052
DarbyOGillAndTheLittlePeople,tt0052722
DarkAndStormyNight,tt1245091
DarkAngelTheAscent,tt0109542
DarkAsylum,tt0224626
DarkBlue,tt0452971
DarkCity,tt0118929
DarkCountry,tt0469318
DarkFloors,tt0985025
DarkNightOfTheScarecrow,tt0082235
DarkPassage,tt0039302
DarkShadows,tt1077368
DarkSkies,tt2387433
DarkTouch,tt2328549
DarkVictory,tt0031210
DarkWasTheNight,tt2251281
DarkestHour2017,tt4555426
Darkman,tt0099365
DarkmanIIIDieDarkmanDie,tt0116033
DarkmanIITheReturnOfDurant,tt0109552
DarknessFalls,tt0282209
Darling,tt0059084
DarlingLili,tt0065611
DasBoot,tt0082096
DasExperiment,tt0250258
DasepoSonyo,tt0473028
DaughterOfShanghai,tt0028770
DaughtersOfDarkness,tt0067690
DaughtersOfSatan,tt0068448
DaughtersOfTheDust,tt0104057
DaveMadeAMaze,tt4457344
DavidAndLisa,tt0055892
DavidBrentLifeOnTheRoad,tt3137630
DavidHolzmansDiary,tt0062864
DawnOfTheDead1978,tt0077402
DawnOfTheDead2004,tt0363547
DawnOfThePlanetOfTheApes,tt2103281
DayForNight,tt0070460
DayOfTheAnimals,tt0075913
DayOfTheDead1985,tt0088993
DayOfTheDead2008,tt0489018
DayOfTheWolves,tt0069948
Daybreakers,tt0433362
Daylight,tt0116040
DaysOfBeingWild,tt0101258
DaysOfGlory,tt0444182
DaysOfHeaven,tt0077405
DaysOfThunder,tt0099371
DaysOfWineAndRoses,tt0055895
DazedAndConfused,tt0106677
DeKalbElementary,tt5926890
Dead7,tt4405860
DeadAgain,tt0101669
DeadAgainInTombstone,tt5794440
DeadAndDeader,tt6442978
DeadBeforeDawn,tt1989485
DeadBirds,tt0377749
DeadCalm,tt0097162
DeadEndDriveIn,tt0090915
DeadFriend,tt0410537
DeadHookerInATrunk,tt1508661
DeadInTombstone,tt2268419
DeadManOnCampus,tt0118301
DeadManWalking,tt0112818
DeadMansShoes,tt0419677
DeadMenDontWearPlaid,tt0083798
DeadOfNight,tt0037635
DeadPoetsSociety,tt0097165
DeadPresidents,tt0112819
DeadReckoning,tt0039305
DeadRingers,tt0094964
DeadRisingEndgame,tt5481404
DeadRisingWatchtower,tt3816458
DeadSeason,tt1650042
DeadSilence,tt0455760
DeadSnow,tt1278340
DeadSnowRedVsDead,tt2832470
DeadSushi,tt2396429
Deadfall,tt1667310
Deadgirl,tt0896534
DeadlyAdvice,tt0106685
DeadlyBlessing,tt0082245
DeadlyEyes,tt0083801
DeadlyFriend,tt0090917
DeadlyPrey,tt0092848
Deadpool2016,tt1431045
Deafula,tt0123790
DearDiary,tt0109382
DearGodNo,tt1947998
DearLemonLima,tt1242423
DearWendy,tt0342272
DearZachary,tt1152758
DeathAndTheMaiden,tt0109579
DeathAtAFuneral,tt0795368
DeathBecomesHer,tt0104070
DeathBell,tt1438522
DeathHunt,tt0082247
DeathLine,tt0124349
DeathMachine,tt0109575
DeathNoteLightUpTheNewWorld,tt5058340
DeathNoteTheLastName,tt0810827
DeathOfACyclist,tt0048394
DeathOfAPresident,tt0853096
DeathOnDemand,tt0902274
DeathRace,tt0452608
DeathRace2000,tt0072856
DeathRacers,tt1261046
DeathRidesAHorse,tt0064208
DeathSentence,tt0804461
DeathShip,tt0080603
DeathTakesAHoliday,tt0025037
DeathToSmoochy,tt0266452
DeathWarrant,tt0099385
DeathWish3,tt0089003
DeathWish4TheCrackdown,tt0092857
DeathWishII,tt0082250
DeathWishVTheFaceOfDeath,tt0109578
Deathgasm,tt3705412
Deathstalker,tt0087127
DeathstalkerAndTheWarriorsFromHell,tt0097174
DeathstalkerIIDuelOfTheTitans,tt0092860
DeathstalkerIVMatchOfTheTitans,tt0099388
Deathtrap,tt0083806
Decasia,tt0303325
DecisionBeforeDawn,tt0043459
DeckTheHalls,tt0790604
DeconstructingHarry,tt0118954
Decoys,tt0357585
DeepBlueSea,tt0149261
DeepBlueSea2,tt7086706
DeepCover,tt0104073
DeepEnd,tt0066122
DeepImpact,tt0120647
DeepRising,tt0118956
DeepStarSix,tt0097179
DeepwaterHorizon,tt1860357
Deewaar,tt0072860
DefendingYourLife,tt0101698
Defendor,tt1303828
Defiance,tt1034303
DefinitelyMaybe,tt0832266
Delicatessen,tt0101700
DelightfulForest,tt0068821
Delirious,tt0101701
DeliverUsFromEvil,tt2377322
Deliverance,tt0068473
DeliveryMan,tt2387559
DeltaFarce,tt0800003
DeltaForce2TheColombianConnection,tt0099399
DelusionsOfGrandeur,tt0067108
Dementia13,tt0056983
DemetriusAndTheGladiators,tt0046899
DemolitionMan,tt0106697
DemonHunter2005,tt0435631
DemonHunter2016,tt2375585
DemonSeed,tt0075931
Demoni,tt0066993
Demoni2,tt0090930
DemonicToys,tt0104083
DenOfThieves,tt1259528
Denial,tt4645330
DennisTheMenace,tt0106701
DepartmentQTheKeeperOfLostCauses,tt2438644
DerSchuhDesManitu,tt0248408
Descendants,tt3440298
DesertFlower,tt1054580
DesertHearts,tt0089015
DesertHeat,tt0139151
DesignForLiving,tt0023940
DeskSet,tt0050307
Desperado,tt0112851
DesperateJourney,tt0034646
DesperateLiving,tt0075936
DesperateMeasures,tt0118966
DesperatelySeekingSusan,tt0089017
DestinationMoon,tt0042393
DestinationTokyo,tt0035799
DestinationWedding,tt6987770
DestroyAllMonsters,tt0063172
DestryRidesAgain,tt0031225
Detention,tt1701990
Detour,tt0037638
Detroit,tt5390504
DetroitRockCity,tt0165710
DeuceBigalow,tt0205000
DeuceBigalowEuropeanGigolo,tt0367652
Devil,tt1314655
DevilFish,tt0088100
DevilGirlFromMars,tt0046907
DevilInABlueDress,tt0112857
DevilsPass,tt1905040
Devour,tt0406706
Dheepan,tt4082068
DialMForMurder,tt0046912
DiamondsAreForever,tt0066995
DiaryOfAChambermaid1964,tt0058249
DiaryOfACountryPriest,tt0042619
DiaryOfALostGirl,tt0020475
DiaryOfAMadBlackWoman,tt0422093
DiaryOfANudist,tt0054809
DiaryOfTheDead,tt0848557
Dick,tt0144168
DickTracy,tt0099422
DickieRobertsFormerChildStar,tt0325258
DidYouHearAboutTheMorgans,tt1314228
DieAnotherDay,tt0246460
DieArtistenInDerZirkuskuppelRatlos,tt0062679
DieHard2,tt0099423
DieHardWithAVengeance,tt0112864
DieMonsterDie,tt0059465
DieNibelungen,tt0015175
DifferentForGirls,tt0116102
DifferentFromTheOthers,tt0009878
Dillinger,tt0069976
Dimples,tt0027527
Diner,tt0083833
DinnerAtEight,tt0023948
DinnerForSchmucks,tt0427152
Dinosaur1985,tt3090252
DinosaurIsland1994,tt0109627
DinosaurIsland2014,tt3261302
Dinosaurus,tt0130623
Dinoshark,tt1545986
DirtyDancing,tt0092890
DirtyDeeds,tt0407732
DirtyGrandpa,tt1860213
DirtyHarry,tt0066999
DirtyLove,tt0327643
DirtyMaryCrazyLarry,tt0071424
DirtyPrettyThings,tt0301199
DirtyRottenScoundrels,tt0095031
DirtyWork,tt0120654
Disclosure,tt0109635
DiscoGodfather,tt0074412
DiscoPigs,tt0236157
Disconnect,tt1433811
DishonoredLady,tt0039324
Dismissed,tt5039994
DisneylandDream,tt1349452
Disraeli,tt0019823
District9,tt1136608
Disturbia,tt0486822
DisturbingBehavior,tt0134619
Diva,tt0082269
Divergent,tt1840309
DivorceItalianStyle,tt0055913
Django,tt0060315
DjangoUnchained,tt1853728
Djinn,tt1770672
DoTheRightThing,tt0097216
DoYouBelieve,tt4056738
Dobermann,tt0118996
DoctorDetroit,tt0085450
DoctorDolittle,tt0118998
DoctorMordrid,tt0104115
DoctorStrange2016,tt1211837
DoctorZhivago,tt0059113
Dodeskaden,tt0065649
DodgeCity,tt0031235
Dodsworth,tt0027532
DogDayAfternoon,tt0072890
DogSoldiers,tt0280609
Doghouse,tt1023500
Dogma,tt0120655
Dogtooth,tt1379182
Dogville,tt0276919
DoingTimeOnMapleDrive,tt0104118
Dolls,tt0092906
DolphinTale,tt1564349
DomHemingway,tt2402105
DomesticDisturbance,tt0249478
Domino,tt3282076
DonJon,tt0190374
DonJuanDemarco,tt0112883
DonJuanOrIfDonJuanWereAWoman,tt0069990
DonnieBrasco,tt0119008
DonnieDarko,tt0246578
DonovansReef,tt0057007
DonsParty,tt0074422
DontBeAMenaceToSouthCentralWhileDrinkingYourJuiceInTheHood,tt0116126
DontBeAfraidOfTheDark,tt1270761
DontBlink,tt1572306
DontBreathe,tt4160708
DontEatThePictures,tt0331999
DontGoInTheHouse,tt0080646
DontGoInTheWoods,tt0182996
DontKillIt,tt3113696
DontLookBack,tt1075113
DontLookDown,tt1233487
DontLookNow,tt0069995
DontLoseYourHead,tt0060330
DontMakeWaves,tt0061590
DontOpenTillChristmas,tt0089038
DontSayAWord,tt0260866
DontTellMomTheBabysittersDead,tt0101757
DontThinkTwice,tt4972062
DontTortureADuckling,tt0069019
DontTurnTheOtherCheek,tt0067303
Doodlebug,tt0411302
Doom,tt0419706
Doomsday,tt0483607
DoomsdayMachine,tt0061592
DoorOnTheLeftAsYouLeaveTheElevator,tt0096517
Dope,tt3850214
DoubleDragon,tt0106761
DoubleHarness,tt0023960
DoubleImpact,tt0101764
DoubleIndemnity,tt0036775
DoubleJeopardy,tt0150377
DoubleTrouble,tt0104135
DoubleWedding,tt0028804
Doughboys,tt0020838
DownADarkHall,tt2372251
DownAndOutInBeverlyHills,tt0090966
DownArgentineWay,tt0032410
DownByLaw,tt0090967
DownPeriscope,tt0116130
DownToEarth,tt0231775
DownWithLove,tt0309530
Downfall,tt0363163
DownloadingNancy,tt0411323
Downsizing,tt1389072
Downstairs,tt0022834
DrCaligari,tt0097228
DrCyclops,tt0032412
DrGiggles,tt0104139
DrGoldfootAndTheBikiniMachine,tt0059124
DrJekyllAndMrHyde1931,tt0022835
DrJekyllAndMsHyde,tt0112895
DrMabuseTheGambler,tt0013086
DrMonica,tt0025068
DrNo,tt0055928
DrPhibesRisesAgain,tt0068503
DrStrangelove,tt0057012
DrTerrorsHouseOfHorrors,tt0059125
DrWaiInTheScriptureWithNoWords,tt0110463
DrWhoAndTheDaleks,tt0059126
Dracula2000,tt0219653
DraculaAD1972,tt0068505
DraculaDeadAndLovingIt,tt0112896
DraculaHasRisenFromTheGrave,tt0062909
DraculaPrinceOfDarkness,tt0059127
DraculaUntold,tt0829150
DraculasDaughter,tt0027545
DraftDay,tt2223990
DragMeToHell,tt1127180
DragnetGirl,tt0024120
DragonTheBruceLeeStory,tt0106770
DragonTigerGate,tt0482930
DragonWorld,tt0109661
DragonballEvolution,tt1098327
Dragonheart,tt0116136
DragonsForever,tt0093015
Dragonslayer,tt0082288
Dread,tt1331307
DreamHome,tt1407972
DreamHouse,tt0086263
DreamOfARarebitFiend,tt0000546
Dreamkeeper,tt0309150
DreamsOfALife,tt1819513
Dreamscape,tt0087175
Dredd,tt1343727
DressedToKill,tt0080661
DressedToKill1946,tt0038494
DrillbitTaylor,tt0817538
DrinkingBuddies,tt2265398
Drive,tt0780504
DriveACrookedRoad,tt0046935
DriveAngry,tt1502404
DriveInMassacre,tt0074434
DriveMeCrazy,tt0164114
DriveThru,tt0466766
DropDeadFred,tt0101775
DropDeadGorgeous,tt0157503
DrugstoreCowboy,tt0097240
Drumline,tt0303933
DrumsAlongTheMohawk,tt0031252
DrunkOnWomenAndPoetry,tt0317234
DrunkenAngel,tt0040979
DrunkenMaster,tt0080179
DrySummer,tt0062322
DuckSoup,tt0023969
DudeWheresMyCar,tt0242423
DueDate,tt1231583
Duel,tt0067023
DuelInTheSun,tt0038499
DuelToTheDeath,tt0084924
Duets,tt0134630
DumbAndDumber,tt0109686
DumbAndDumberTo,tt2096672
DungeonsAndDragonsTheBookOfVileDarkness,tt1733125
Dunkirk,tt5013056
DunstonChecksIn,tt0116151
Duplex,tt0266489
Duplicity,tt1135487
Dust,tt0243232
DustDevil,tt0104155
Dutch,tt0101786
DyingBreed,tt1064744
EDtv,tt0131369
ETTheExtraTerrestrial,tt0083866
EXistenZ,tt0120907
EagleVsShark,tt0494222
EarlySummer,tt0043313
Earth,tt0021571
EarthGirlsAreEasy,tt0097257
EarthToEcho,tt2183034
EarthVsTheFlyingSaucers,tt0049169
EarthVsTheSpider,tt0282178
Earthquake,tt0071455
EastIsEast,tt0166175
EastOfEden,tt0048028
EastWest,tt0181530
EasternPromises,tt0765443
EasyA,tt1282140
EasyMoney,tt0085470
EasyVirtue,tt0808244
EatDrinkManWoman,tt0111797
EatPrayLove,tt0879870
EatenAlive,tt0081112
EatingOut,tt0372884
EatingRaoul,tt0083869
EauxDArtifice,tt0045719
EbirahHorrorOfTheDeep,tt0060464
Ecstasy,tt0022867
EdWood,tt0109707
EddieAndTheCruisers,tt0085475
EddieTheEagle,tt1083452
EdenLake,tt1020530
EdenLog,tt1087842
EdgeOfAmerica,tt0363587
EdgeOfDarkness1943,tt0034694
EdgeOfDarkness2010,tt1226273
EdgeOfTomorrow,tt1631867
Edison,tt0389957
EdwardScissorhands,tt0099487
Eega,tt2258337
Eegah,tt0055946
EightBelow,tt0397313
EightHeadsInADuffelBag,tt0118541
EightLeggedFreaks,tt0271367
EightMM,tt0134273
EightMenOut,tt0095082
EightMile,tt0179098
EighthGrade,tt7014006
EighthWonderland,tt1060234
ElAmorBrujo,tt0090636
ElCid,tt0054847
ElCrimenDelPadreAmaro,tt0313196
ElDorado,tt0061619
ElMariachi,tt0104815
ElNorte,tt0085482
ElTopo,tt0067866
Election,tt0126886
Elektra,tt0357277
Elephant,tt0363589
ElevatorToTheGallows,tt0051378
ElevenFourteen,tt0331811
Elf,tt0319343
ElfieHopkinsCannibalHunter,tt1470022
Eliminators,tt4587366
Elizabeth,tt0127536
Elizabethtown,tt0368709
EllaCinders,tt0016822
EllaEnchanted,tt0327679
Elle,tt3716530
Eloise,tt3692652
Elysium,tt1535108
Embers,tt0073707
EmbraceOfTheSerpent,tt4285496
EmbraceOfTheVampire,tt0109723
Emmanuelle,tt0071464
EmoTheMusical,tt5460068
EmperorOfTheNorth,tt0070030
EmpireOfTheSun,tt0092965
EmpireRecords,tt0112950
EmployeeOfTheMonth,tt0424993
EnPassion,tt0064793
Enchanted,tt0461770
EncinoMan,tt0104187
EncountersAtTheEndOfTheWorld,tt1093824
EndDay,tt0974962
EndOfDays,tt0146675
EndOfWatch,tt1855199
EndersGame,tt1731141
EnduringLove,tt0375735
Enemy,tt2316411
EnemyAtTheGates,tt0215750
EnemyMine,tt0089092
EnemyOfTheState,tt0120660
EnglishVinglish,tt2181931
Enid,tt1397265
Enjo,tt0051584
Enough,tt0278435
EnterTheDragon,tt0070034
EnterTheVoid,tt1191111
Entrapment,tt0137494
Envy,tt0326856
Equals,tt3289728
Equilibrium,tt0238380
Equinox,tt0067055
EquinoxFlower,tt0051720
Eragon,tt0449010
Eraser,tt0116213
Eraserhead,tt0074486
ErikTheViking,tt0097289
ErinBrockovich,tt0195685
ErnestGoesToCamp,tt0092974
ErnestGoesToJail,tt0099512
ErnestRidesAgain,tt0106827
ErnestSavesChristmas,tt0095107
ErnestScaredStupid,tt0101821
Errementari,tt5592878
EscanabaInDaMoonlight,tt0180679
EscapeFromAlcatraz,tt0079116
EscapeFromLA,tt0116225
EscapeFromNewYork,tt0082340
EscapeFromSobibor,tt0092978
EscapeFromThePlanetOfTheApes,tt0067065
EscapeFromTomorrow,tt2187884
EscapePlan,tt1211956
EscapePlan2Hades,tt6513656
EscapeToAthena,tt0079117
EscapeToWitchMountain,tt0072951
EspionLeveToi,tt0082342
Estomago,tt1039960
EternalSunshineOfTheSpotlessMind,tt0338013
EternityAndADay,tt0156794
EuropaEuropa,tt0099776
EuropaReport,tt2051879
Europe51,tt0043511
Eurotrip,tt0356150
EvanAlmighty,tt0413099
EveOfDestruction,tt0101831
EvenDwarfsStartedSmall,tt0065436
EvenLambsHaveTeeth,tt4147210
EventHorizon,tt0119081
EverAfter,tt0120631
Everly,tt1945084
EveryTimeWeSayGoodbye,tt0091019
EveryWhichWayButLoose,tt0077523
EverybodyWantsSome,tt2937696
EverybodysFine,tt0780511
EveryoneSaysILoveYou,tt0116242
EverythingEverything,tt5001718
EverythingIsIlluminated,tt0404030
EverythingMustGo,tt1531663
EverythingWillBeOkay,tt0887734
EvesBayou,tt0119080
Evidence,tt1828970
EvilAlienConquerors,tt0305556
EvilAngels,tt0892051
EvilBong,tt0829424
EvilDead2,tt1288558
EvilDeadTrap,tt0167147
EvilRoySlade,tt0067072
Evilenko,tt0406754
Evilspeak,tt0082346
Evolution,tt0251075
Evolver,tt0112993
ExDrummer,tt0812243
Exam,tt1258197
Excalibur,tt0082348
Excision,tt1984153
ExecutiveDecision,tt0116253
ExecutiveSuite,tt0046963
ExitSmiling,tt0016832
ExitThroughTheGiftShop,tt1587707
ExitWounds,tt0242445
Exodus,tt0053804
ExodusGodsAndKings,tt1528100
ExorcistIITheHeretic,tt0076009
ExorcistTheBeginning,tt0204313
Exotica,tt0109759
Expelled,tt4189442
Explorers,tt0089114
Extract,tt1225822
ExtraordinaryMeasures,tt1244659
Extraterrestre,tt1680133
Extraterrestrial,tt2960930
ExtremeDays,tt0245891
ExtremeMeasures,tt0116259
ExtremePrejudice,tt0092997
EyeInTheSky,tt2057392
EyeOfTheDevil,tt0061634
EyesOfAStranger,tt0082352
EyesOfAnAngel,tt0101844
EyesWideShut,tt0120663
EyesWithoutAFace,tt0053459
FForFake,tt0072962
FIST,tt0077531
FTheProm,tt5612742
FaceOff,tt0068564
Faces,tt0062952
FacesOfDeath,tt0077533
FacesPlaces,tt5598102
FacingTheGiants,tt0805526
FactoryGirl,tt0432402
Fahrenheit4512018,tt0360556
Fahrenheit911,tt0361596
FailSafe,tt0058083
FailureToLaunch,tt0427229
FairGame,tt0977855
FairyTaleATrueStory,tt0119095
FaithfulHeart,tt0013933
FalconRising,tt2295722
Fallen,tt0119099
FallenAngel1945,tt0037691
FallingDown,tt0106856
FallingLeaves,tt0171343
Fame,tt0080716
FamilyPlot,tt0074512
Fanboys,tt0489049
Fandango,tt0089126
FangsOfTheLivingDead,tt0062957
Fanny,tt0054866
FannyAndAlexander,tt0083922
FantasticBeastsAndWhereToFindThem,tt3183660
FantasticFour2005,tt0120667
FantasticFour2015,tt1502712
FantasticFourRiseOfTheSilverSurfer,tt0486576
FantasticVoyage,tt0060397
FantasyMissionForce,tt0079509
Fantomas,tt0117331
Fantozzi,tt0071486
FarAndAway,tt0104231
FarCry5InsideEdensGate,tt8095034
FarceOfThePenguins,tt0488539
FarewellChina,tt0099000
FarewellMyConcubine,tt0106332
FarewellMyLovely,tt0072973
FarewellMyQueen,tt1753813
FastAndFurious9,tt5433138
FastColor,tt6418778
FastGirls,tt1700808
FastTimesAtRidgemontHigh,tt0083929
Faster,tt1433108
FasterPussycatKillKill,tt0059170
FatAlbert,tt0396592
FatHead,tt1333994
FatSlags,tt0382028
FatalBeauty,tt0093011
FatalDeviation,tt0488046
FatalInstinct,tt0106873
FateOfAMan,tt0053317
FatherFigures,tt1966359
FatherGoose,tt0058092
FatherOfTheBride1950,tt0042451
FatherOfTheBride1991,tt0101862
Fatherland,tt0109779
Fatso,tt0080724
Faults,tt3021360
Faust,tt0016847
FearCity,tt0087247
FearClinic,tt2165765
FearDotCom,tt0295254
FearInc,tt3560148
FearIsland,tt1109583
Fearless2006,tt2112131
Feast,tt0426459
FelliniSatyricon,tt0064940
Felon,tt1117385
Female,tt0024008
FemaleAgents,tt0824330
FemalePerversions,tt0116293
FemaleTrouble,tt0072979
FemmeFatale2002,tt0280665
FenderBender,tt5131906
FermatsRoom,tt1016301
FerrisBuellersDayOff,tt0091042
Fido,tt0457572
FieldOfDreams,tt0097351
FiendWithoutAFace,tt0050393
FierceCreatures,tt0119115
FiercePeople,tt0401420
FifteenAndPregnant,tt0138444
FiftyFifty,tt0406216
FiftyFiveDaysAtPeking,tt0056800
FiftyFour,tt0120577
FiftyShadesOfGrey,tt2322441
FightForYourLife,tt0076023
FighterInTheWind,tt0416499
FightingElegy,tt0060586
FillTheVoid,tt2219514
FillyBrown,tt1869425
FinalDestination1,tt0195714
FinalDestination2,tt0309593
FinalDestination3,tt0414982
FinalDestination4,tt1144884
FinalDestination5,tt1622979
FinalExam,tt0082378
FinalGirl,tt2124787
FinalJustice,tt0087258
FinalScore,tt5254610
FindingForrester,tt0181536
FindingNeverland,tt0308644
FireAtSea,tt3652526
FireDownBelow,tt0119123
FireInTheSky,tt0106912
FireOverEngland,tt0028872
FireWithFire,tt1925431
Firebase,tt7078926
Firefox,tt0083943
Fireproof,tt1129423
FiresOnThePlain,tt0053121
Firestorm,tt0120670
Firewall,tt0408345
FireworksWednesday,tt0845439
FirstBlood,tt0083944
FirstGirlILoved,tt4262174
FirstKnight,tt0113071
FirstReformed,tt6053438
FirstSpaceshipOnVenus,tt0053250
FirstSunday,tt0486578
FirstTheyKilledMyFather,tt4882376
FirstWinter,tt2294619
FishStory,tt1244666
FistFight,tt3401882
FistOfFury,tt0068767
FistOfLegend,tt0110200
Fitzcarraldo,tt0083946
Fitzwilly,tt0061669
FiveAcrossTheEyes,tt0888019
FiveCameBack,tt6587094
FiveDeadlyVenoms,tt0077559
FiveDollsForAnAugustMoon,tt0065553
FiveEasyPieces,tt0065724
FiveFingers1952,tt0428541
FiveGirls,tt0494199
FiveGravesToCairo,tt0035884
FiveMilesToMidnight,tt0056957
FiveStarFinal,tt0021873
FiveWeeksInABalloon,tt0055988
FlagsOfOurFathers,tt0418689
Flakes,tt0462295
FlashGordon1980,tt0080745
FlashOfGenius,tt1054588
Flashdance,tt0085549
Flatliners,tt2039338
Fleisch,tt0079160
FleshAndTheDevil,tt0016884
FleshForFrankenstein,tt0071508
Fletch,tt0089155
Flicka,tt0434215
FlickeringLights,tt0236027
Flight,tt1907668
Flight7500,tt1975159
FlightCrew,tt5653294
FlightOfTheEagle,tt0084136
FlightOfTheIntruder,tt0099587
FlightOfTheNavigator,tt0091059
Flipped,tt0817177
FlirtationWalk,tt0025124
FlirtingWithDisaster,tt0116324
FloatingWeeds,tt0053390
FlorenceFosterJenkins,tt4136084
FlowersInTheAttic1987,tt3074694
FlowersOfShanghai,tt0156587
FlowersOfWar,tt1410063
Flubber,tt0119137
Fluke,tt0113089
FlyAwayHome,tt0116329
Flyboys,tt0454824
FlyingDownToRio,tt0024025
FlyingSwordsOfDragonGate,tt1686784
Focus,tt2381941
FogOverFrisco,tt0025129
FollowMeBoys,tt0060420
FollowThatCamel,tt0061680
FollowTheFleet,tt0027630
FoolishWives,tt0013140
FoolsForScandal,tt0030145
FoolsGold,tt0770752
FoolsRushIn,tt0119141
FootlightParade,tt0024028
Footloose,tt1068242
FootstepsInTheDark,tt0033616
ForAFewDollarsMore,tt0059578
ForAGoodTimeCall,tt1996264
ForKeeps,tt0095169
ForLoveOrMoney1963,tt0057067
ForLoveOrMoney1993,tt0106941
ForMeAndMyGal,tt0034746
ForRicherOrPoorer,tt0119142
ForTheBibleTellsMeSo,tt0912583
ForYourConsideration,tt0470765
ForYourEyesOnly,tt0082398
ForbiddenGames,tt0043686
ForbiddenLoveTheUnashamedStoriesOfLesbianLives,tt0106944
ForbiddenPlanet,tt0049223
ForbiddenWorld,tt0083959
ForbiddenZone,tt0080752
ForceMajeure,tt2121382
ForceOfEvil,tt0040366
ForceTenFromNavarone,tt0077572
ForcedVengeance,tt0083960
ForcesOfNature,tt0141098
ForeignCorrespondent,tt0032484
ForgettingSarahMarshall,tt0800039
ForkliftDriverKlaus,tt0289477
ForrestGump,tt0109830
FortMassacre,tt0051629
Fortress2012,tt0179183
FortressOfWar,tt1343703
FortyGuns,tt0050407
FortyNineSeventeen,tt0007610
FortyNinthParallel,tt0033627
FortyShadesOfBlue,tt0395543
FoulPlay,tt0077578
Found,tt2149360
FoundFootage3D,tt3449006
FourAdventuresOfReinetteAndMirabelle,tt0090565
FourBrothers,tt0430105
FourChristmases,tt0369436
FourDaughters,tt0030149
FourDaysInNovember,tt0059197
FourFliesOnGreyVelvet,tt0066735
FourLions,tt1341167
FourLittleGirls,tt0118540
FourRooms,tt0113101
FourWeddingsAndAFuneral,tt0109831
FoxAndHisFriends,tt0072976
Foxcatcher,tt1100089
Foxfire,tt0048091
FoxyBrown,tt0071517
Frailty,tt0264616
Frances,tt0083967
FrancesHa,tt2347569
Frank,tt1605717
Frankenfish,tt0384833
Frankenhooker,tt0099611
Frankenstein1910,tt0001223
Frankenstein1931,tt0021884
Frankenstein1970,tt0051630
Frankenstein2015,tt4086032
FrankensteinAndTheMonsterFromHell,tt0071519
FrankensteinConquersTheWorld,tt0059205
FrankensteinCreatedWoman,tt0061683
FrankensteinMeetsTheWolfMan,tt0035899
FrankensteinsArmy,tt1925435
FrankensteinsCastleOfFreaks,tt0069851
FrankieAndJohnny,tt0101912
Franklyn,tt0893402
Frantic,tt0095174
Frantz,tt5029608
Freaked,tt0109838
FreaksOfNature,tt1817771
FreakyFriday1976,tt0076054
FreakyFriday1995,tt0113112
FreakyFriday2003,tt0322330
FredClaus,tt0486583
FreddyGotFingered,tt0240515
FreddyVsJason,tt0329101
FreddysDeadTheFinalNightmare,tt0101917
FreeAndEasy,tt0020902
FreeEnterprise,tt0141105
FreeStateOfJones,tt1124037
FreeWilly2TheAdventureHome,tt0113114
FreedomOnMyMind,tt0109839
FreedomWriters,tt0463998
Freejack,tt0104299
Freerunner,tt1579232
Freeway,tt0116361
FrenchCancan,tt0046998
FrenchFriedVacation,tt0077276
Frenzy,tt0068611
Frequencies,tt2414766
Frequency,tt0186151
FrequentlyAskedQuestionsAboutTimeTravel,tt0910554
Fresh,tt0109842
Frida,tt0120679
Friday,tt0113118
FridayThe13th1980,tt0080761
FridayThe13th2009,tt0758746
FridayThe13thPart2,tt0082418
FridayThe13thPartIII,tt0083972
FridayThe13thPartVIIIJasonTakesManhattan,tt0097388
FridayThe13thPartVIITheNewBlood,tt0095179
FridayThe13thPartVIJasonLives,tt0091080
FridayThe13thTheFinalChapter,tt0087298
FriendlyPersuasion,tt0049233
FriendsWithBenefits,tt1632708
FriendsWithKids,tt1720616
FriendsWithMoney,tt0436331
Friendship,tt1185420
FrightNight2011,tt2486630
FriscoJenny,tt0022775
Frogs,tt0068615
FromBeyond,tt0091083
FromBeyondTheGrave,tt0070078
FromDuskTillDawn,tt0116367
FromDuskTillDawn2TexasBloodMoney,tt0120860
FromDuskTillDawn3TheHangmansDaughter,tt0120695
FromHandToMouth,tt0010146
FromHereToEternity,tt0045793
FromHomelessToHarvard,tt0338109
FromJustinToKelly,tt0339034
FromParisWithLove,tt1179034
FromRussiaWithLove,tt0057076
FromTheLifeOfTheMarionettes,tt0080397
Frontiers,tt0814685
FrostNixon,tt0870111
Frostbite,tt0454457
FrozenDays,tt0756359
FruitvaleStation,tt2334649
FugitiveAlien,tt0128224
FullEclipse,tt0106980
FullMetalJacket,tt0093058
FullMoonInParis,tt0087821
FulltimeKiller,tt0286635
FunWithDickAndJane,tt0369441
FuneralHome,tt0083976
FuneralInBerlin,tt0060437
FuneralParadeOfRoses,tt0064068
FunnyGames,tt0119167
FunnyPeople,tt1201167
FurAnImaginaryPortraitOfDianeArbus,tt0422295
Furie,tt2713180
FurryVengeance,tt0492389
Fury1936,tt0103296
FutureCops,tt0106545
FutureForce,tt0099624
FutureWar,tt0113135
FutureWorld,tt0074559
GBF,tt2429074
GForce,tt0436339
GIJane,tt0119173
GIJoeRetaliation,tt1583421
GIJoeTheRiseOfCobra,tt1046173
Gabbeh,tt0116384
GabrielOverTheWhiteHouse,tt0024044
GaiDimanche,tt0026394
Gainsbourg,tt1329457
GalaxyOfTerror,tt0082431
GalaxyQuest,tt0177789
Gallipoli,tt0082432
Gallowwalkers,tt0829176
Gambit,tt0404978
GameNight,tt2704998
GameOfAssassins,tt1067773
GameOfDeath,tt0077594
GameOverMan2018,tt3317234
Gamer,tt1034032
GameraTheBrave,tt0467923
GameraVsBarugon,tt0060446
GameraVsGuiron,tt0064360
GameraVsGyaos,tt0061695
GameraVsJiger,tt0065755
GameraVsViras,tt0063000
GameraVsZigra,tt0067123
Gandhi,tt0083987
GangOfRoses,tt0339091
GangsOfNewYork,tt0217505
GangsterNo1,tt0210065
GangsterSquad,tt1321870
GarageDays,tt0280696
GardenState,tt0333766
Garfield,tt0356634
GarlicIsAsGoodAsTenMothers,tt0080776
Gaslight,tt0036855
GastonLagaffe,tt6995612
GateOfHell,tt0045935
GatesOfHeaven,tt0077598
Gattaca,tt0119177
GeekCharming,tt1835977
Gemini,tt0210302
GeneralIdiAminDadaASelfPortrait,tt0071544
GenghisKhan,tt0059219
GentlemansAgreement,tt0039416
GentlemenOfFortune,tt0068519
GeorgeOfTheJungle,tt0119190
GeorgeWashingtonSleptHere,tt0034780
GeorgesIsland,tt0097419
GeorgyGirl,tt0060453
Geostorm,tt1981128
GermanyYearZero,tt0039417
Gerry,tt0302674
GetAClue,tt0282521
GetAJob,tt1468846
GetCarter,tt0208988
GetCrazy,tt0085551
GetHimToTheGreek,tt1226229
GetOnUp,tt2473602
GetOutYourHandkerchiefs,tt0078122
GetOverIt,tt0192071
GetSmart,tt0425061
GetTheGringo,tt1567609
Getaway,tt2167202
GettTheTrialOfVivianeAmsalem,tt3062880
GettingAny,tt0110524
GettingEvenWithDad,tt0109891
Gettysburg,tt0107007
GhidorahTheThreeHeadedMonster,tt0058544
GhostDad,tt0099654
GhostDogTheWayOfTheSamurai,tt0165798
GhostFromTheMachine,tt1303782
GhostGraduation,tt1924273
GhostInTheMachine,tt0107009
GhostInTheShell2017,tt1260502
GhostRiderSpiritOfVengeance,tt1071875
GhostShark,tt2600742
GhostStories2017,tt5516328
GhostStorm,tt1939686
GhostVoyage,tt1144579
Ghostbusters1984,tt0087332
Ghostbusters2016,tt1289401
Ghostbusters3,tt4513678
GhostbustersII,tt0097428
Ghostland,tt6195094
GhostsCantDoIt,tt0099656
GhostsOfGirlfriendsPast,tt0821640
GhostsOfMars,tt0228333
GhostsOfMississippi,tt0116410
Ghostwatch,tt0200659
Ghoulies,tt0089200
GhouliesII,tt0093091
GhouliesIIIGhouliesGoToCollege,tt0097429
GhouliesIV,tt0109895
Gia,tt0123865
GialloAVenezia,tt0079207
Giant,tt0049261
GiantMonsterGamera,tt0059080
Gigi,tt0051658
Gigli,tt0299930
Gilda,tt0038559
GimmeShelter,tt0065780
GimmeShelter2014,tt1657510
GingerSnaps2Unleashed,tt0353489
GingerSnapsBackTheBeginning,tt0365265
GinzaCosmetics,tt0043587
GirlHouse,tt2577172
GirlInGoldBoots,tt0174685
GirlInterrupted,tt0172493
GirlVsMonster,tt2326087
GirlWithAPearlEarring,tt0335119
Girlfight,tt0210075
GirlsJustWantToHaveFun,tt0089208
GirlsTown,tt0052850
GirlsTrip,tt3564472
GirltrashAllNightLong,tt1555440
GiveEmHellMalone,tt1258137
GiveMyRegardsToBroadStreet,tt0087337
Gladiator,tt0172495
GleamingTheCube,tt0097438
GlenOrGlenda,tt0045826
Glitter,tt0118589
GlobalHeresy,tt0269281
Gloria,tt0080798
Glorious39,tt1319694
Glory,tt0097441
GloryRoad,tt0385726
GnomeAlone,tt5851786
Go,tt0139239
GoJohnnyGo,tt0051665
GoTellTheSpartans,tt0077617
GoWest,tt0032536
GoWestYoungLady,tt0033667
GodBlessAmerica,tt1912398
GodHelpTheGirl,tt2141751
GodOfCookery,tt0116426
GodOfGamblers,tt0097244
GodOfLove,tt1631323
GodOnTrial,tt1173494
GodsAndGenerals,tt0279111
GodsAndMonsters,tt0120684
GodsNotDead,tt2528814
GodsNotDead2,tt4824308
GodsNotDeadALightInDarkness,tt6652708
GodsOfEgypt,tt2404233
GodsOwnCountry,tt5635086
Godsend,tt0335121
Godspell,tt0070121
Godzilla1998,tt0087344
Godzilla2000,tt0188640
Godzilla2014,tt4025708
GodzillaAgainstMechagodzilla,tt0314111
GodzillaAndMothraTheBattleForEarth,tt0104352
GodzillaFinalWars,tt0399102
GodzillaMothraKingGhidorahGiantMonstersAllOutAttack,tt0279112
GodzillaRaidsAgain,tt0048127
GodzillaTokyoSOS,tt0366526
GodzillaVsBiollante,tt0097444
GodzillaVsDestoroyah,tt0113187
GodzillaVsGigan,tt0068371
GodzillaVsHedorah,tt0067148
GodzillaVsKingGhidorah,tt0101962
GodzillaVsMechaGodzillaII,tt0107027
GodzillaVsMegaguirus,tt0255198
GodzillaVsMegalon,tt0070122
GodzillaVsSpaceGodzilla,tt0109916
GoingInStyle1979,tt0079219
GoingInStyle2017,tt2568862
GoingMyWay,tt0036872
GoingOverboard,tt0096870
GoingTheDistance,tt1322312
Gojira,tt0831387
Gojoe,tt0260054
GokeBodySnatcherFromHell,tt0063206
Gold,tt1800302
GoldDiggersOf1933,tt0024069
GoldDiggersOf1935,tt0026421
GoldDiggersOf1937,tt0027686
GoldenEye,tt0113189
GoldenSwallow,tt0063105
Goldfinger,tt0058150
Goldstone,tt4911996
GoneFishin,tt0119214
GoneGirl,tt2267998
GoodBurger,tt0119215
GoodLuckChuck,tt0452625
GoodMorningVietnam,tt0093105
GoodNightAndGoodLuck,tt0433383
GoodWillHunting,tt0119217
GoodbyeChristopherRobin,tt1653665
GoodbyeLenin,tt0301357
GoodbyeMrChips,tt0031385
GoodbyePorkPie,tt0082464
GoodbyeUncleTom,tt0180396
Goodfellas,tt0099685
GoodnightMommy,tt3086442
Goon,tt1456635
Goosebumps,tt1051904
Gordy,tt0113199
GoreOrphanage,tt3831242
Gorgeous,tt0184526
Gorgo,tt0054938
GorillasInTheMist,tt0095243
GoryGoryHallelujah,tt0396041
GosfordPark,tt0280707
Gothic,tt0091142
Gothika,tt0348836
Gotti,tt1801552
Gozu,tt0361668
Grabbers,tt1525366
GraceOfMyHeart,tt0116442
GraduationDay,tt0082467
GranTorino,tt1205489
GrandCanyon,tt0101969
GrandPiano,tt2039345
GraveEncounters,tt1703199
GraveEncounters2,tt2231554
GraveOfTheVampire,tt0068658
GraveyardShift,tt0099697
Gravity,tt1454468
GrayLadyDown,tt0077629
GrayMatters,tt0375785
Grease,tt0077631
Grease2,tt0084021
GreasersPalace,tt0068659
GreatBallsOfFire,tt0097457
GreatExpectations1946,tt1836808
Greedy,tt0109936
GreenLantern,tt1133985
GreenSnake,tt0106559
GreenStreet,tt0385002
GregorysGirl,tt0082477
Gremlins,tt0087363
Gremlins2TheNewBatch,tt0099700
GreyGardens,tt0073076
GriffTheInvisible,tt1509803
GrimPrairieTales,tt0099704
Grimsby,tt3381008
Grindhouse,tt0462322
Gringo,tt3721964
Grizzly,tt1694021
GrizzlyMan,tt0427312
GrizzlyRage,tt0896816
GrossePointeBlank,tt0119229
GroundhogDay,tt0107048
GrudgeMatch,tt1661382
GrumpierOldMen,tt0113228
GrumpyCatsWorstChristmasEver,tt3801438
GrumpyOldMen,tt0107050
Guardians,tt4600952
GuardiansOfTheGalaxyVol2,tt3896198
GuessWhosComingToDinner,tt0061735
GuestHouseParadiso,tt0202381
GuiltyOfRomance,tt1743724
GulliversTravels2010,tt1320261
Gummo,tt0119237
GunCrazy,tt0104377
GunfightAtTheOKCorral,tt0050468
GungHo,tt0035958
Gunhed,tt0097410
Gunless,tt1376195
Gunslinger,tt0054142
Gus,tt0074599
Gutterballs,tt1087853
GuyanaTragedyTheStoryOfJimJones,tt0080832
Gymkata,tt0089243
HMPulhamEsq,tt0033686
HackOLantern,tt0093135
Hackers,tt0113243
HacksawRidge,tt2119532
HailCaesar,tt0475290
HailTheConqueringHero,tt0036891
Hairspray,tt0427327
HaleCountyThisMorningThisEvening,tt6634646
HalfPastDead,tt0297162
HallPass,tt0480687
Hallelujah,tt0019959
Halloween4TheReturnOfMichaelMyers,tt0095271
Halloween5TheRevengeOfMichaelMyers,tt0097474
HalloweenII2009,tt0082495
HalloweenIIISeasonOfTheWitch,tt0085636
HalloweenResurrection,tt0220506
HalloweenTheCurseOfMichaelMyers,tt0113253
Halloweentown,tt0173886
Halo4ForwardUntoDawn,tt2262308
HaloNightfall,tt3804114
HamburgerHill,tt0093137
Hamlet2,tt1104733
HanaBi,tt0119250
Hancock,tt0448157
HandsAcrossTheTable,tt0026452
HandsOfStone,tt1781827
HandsOfTheRipper,tt0067176
HangEmHigh,tt0061747
HangmansCurse,tt0342508
HangmenAlsoDie,tt0035966
HannahAndHerSisters,tt0091167
HannieCaulder,tt0068675
HansChristianAndersen1952,tt0044685
HanselAndGretel2007,tt1002567
HanselAndGretel2013,tt3156634
HanselAndGretelGetBaked,tt2081194
HanselAndGretelWarriorsOfWitchcraft,tt2381962
HanselAndGretelWitchHunters,tt1428538
HanzoTheRazor,tt0174707
HappinessIsInTheField,tt0112556
HappyAccidents,tt0208196
HappyBirthdayToMe,tt0082498
HappyDeathDay,tt5308322
HappyGilmore,tt0116483
HappyGoLucky,tt1045670
HappyTogether,tt0118845
Happythankyoumoreplease,tt1481572
Harakiri,tt0056058
HarbingerDown,tt3397918
HardBoiled,tt0104684
HardCandy,tt0424136
HardCoreLogo,tt0116488
HardEight,tt0119256
HardRain,tt0120696
HardRevengeMilly,tt1483385
HardTarget,tt0107076
HardTicketToHawaii,tt0093146
HardToKill,tt0099739
Hardcore,tt0079271
HardcoreHenry,tt3072482
Hardware,tt0099740
Hardwired,tt0343818
HarlanCountyUSA,tt0074605
HarlemNights,tt0097481
HarleyDavidsonAndTheMarlboroMan,tt0102005
HaroldAndKumarEscapeFromGuantanamoBay,tt0481536
HaroldAndKumarGoToWhiteCastle,tt0366551
HaroldAndMaude,tt0067185
Harper,tt0060490
HarrietCraig,tt0042544
HarrietTheSpyBlogWars,tt1545097
HarryAndTheHendersons,tt0093148
HarryAndTonto,tt0071598
HarryBrown,tt1289406
HarryPotter,tt0241527
HarryPotterAndTheChamberOfSecrets,tt0295297
HarryPotterAndTheDeathlyHallows,tt1201607
HarryPotterAndTheGobletOfFire,tt0330373
HarryPotterAndTheHalfBloodPrince,tt0417741
HarryPotterAndTheOrderOfThePhoenix,tt0373889
HarryPotterAndThePrisonerOfAzkaban,tt0304141
HartsWar,tt0251114
Hatari,tt0056059
Hatchet,tt0422401
Haunter,tt2345567
Hausu,tt0076162
HavanaWidows,tt0024092
HawkTheSlayer,tt0080846
Hawking,tt0395571
Haxan,tt0013257
Haywire,tt1506999
HeDiedWithAFelafelInHisHand,tt0172543
HeKnowsYoureAlone,tt0080850
HeLovesMeHeLovesMeNot,tt0291579
HeWalkedByNight,tt0040427
HeWasAQuietMan,tt0760311
HeWasHerMan,tt0025226
HeWhoGetsSlapped,tt0014972
Head,tt0063049
HeadInTheClouds,tt0338097
HeadOfState,tt0325537
HeadOffice,tt0091183
Headhunters,tt1614989
Headless,tt3922350
HeadlessHorseman,tt1046930
HeartAndSouls,tt0107091
HeartOfDarkness1958,tt0110002
HeartOfDragon,tt0091427
HeartOfGlass,tt0074626
Heartbeats,tt1600524
Heartbeeps,tt0082507
HeartbreakRidge,tt0091187
Heartbreakers,tt0125022
Heartless,tt1220214
HeartsAndMinds,tt0071604
HeartsOfDarknessAFilmmakersApocalypse,tt0102015
Heat,tt0113277
HeatLightning,tt0025228
Heathers,tt0097493
HeavenAndEarth,tt0099753
HeavenCanWait1943,tt0035979
HeavenCanWait1978,tt0077663
HeavenIsForReal,tt1929263
HeavenKnowsMrAllison,tt0050490
HeavenlyCreatures,tt0110005
HeavensAbove,tt0057134
HeavensGate,tt0080855
HeavyTrip,tt7220754
Heavyweights,tt0110006
HectorAndTheSearchForHappiness,tt1626146
Heima,tt1094594
HelenOfTroy,tt0340477
Helios,tt3614922
Helium,tt3346410
HellHouseLLC,tt4267026
HellIsForHeroes,tt0056062
HellOfTheLivingDead,tt0082559
HellOrHighWater,tt2582782
Hellbound,tt0107101
HellboundHellraiserII,tt0095294
HellboyIITheGoldenArmy,tt0411477
Hellfighters,tt0063060
Hellions,tt3305844
Hellraiser,tt0093177
HellraiserBloodline,tt0116514
HellraiserDeader,tt0337636
HellraiserHellseeker,tt0274546
HellraiserHellworld,tt0354623
HellraiserIIIHellOnEarth,tt0104409
HellraiserInferno,tt0229440
HellraiserJudgement,tt5476182
HellraiserRevelations,tt1716747
HellsAngels,tt0020960
HellsBloodyDevils,tt0065826
HellsHinges,tt0006780
Hellzapoppin,tt0033704
HemingwayAndGellhorn,tt0423455
HeneralLuna,tt4944352
HenryPooleIsHere,tt1029120
HenryPortraitOfASerialKiller,tt0099763
Her,tt1798709
HerAlibi,tt0097500
HerDefiance,tt0207511
HerbieFullyLoaded,tt0400497
HerbieGoesBananas,tt0080861
HerbieGoesToMonteCarlo,tt0076137
HerbieRidesAgain,tt0071607
HerculesInNewYork,tt0065832
HereAlone,tt4814760
HereComesMrJordan,tt0033712
HereComesTheBoom,tt1648179
HereComesTheNavy,tt0025238
Hereafter,tt1212419
Hereditary,tt7784604
Hero,tt0299977
HeroAndTheTerror,tt0095296
HeroesForSale,tt0024115
HeroesShedNoTears,tt0202697
HeroesWanted,tt4806012
HesJustNotThatIntoYou,tt1001508
Hesher,tt1403177
HesterStreet,tt0073107
HeyHeyItsEstherBlueburger,tt0469099
Hibernatus,tt0064425
Hick,tt1205558
Hidalgo,tt0317648
HiddenAgenda,tt0099768
HiddenFigures,tt4846340
HighAndTight,tt0047086
HighAnxiety,tt0076141
HighArt,tt0139362
HighLife,tt4827558
HighPlainsDrifter,tt0068699
HighPlainsInvaders,tt1388432
HighRise,tt0462335
HighSchoolBigShot,tt0052891
HighSchoolHigh,tt0116531
HighSchoolMusical,tt0475293
HighSchoolUSA,tt0085679
HighSierra,tt0033717
HighSociety,tt0049314
HighSpirits,tt0095304
HigherLearning,tt0113305
Highlander,tt0091203
HighlanderEndgame,tt0144964
HighlanderIITheQuickening,tt0102034
HighlanderTheSource,tt0299981
Highway61,tt0102035
Highwaymen,tt0339147
HillbillysInAHauntedHouse,tt0061765
Himiko,tt0071609
HiroshimaMonAmour,tt0052893
HisGirlFriday,tt0032599
Hisss,tt1244093
HistoryIsMadeAtNight,tt0029002
HistoryOfTheWorldPartI,tt0082517
Hitch,tt0386588
Hitchcock,tt0975645
HitlersMadman,tt0036005
Hitman,tt0465494
HitmanAgent47,tt2679042
Hobgoblins,tt0089280
HoboWithAShotgun,tt1640459
HocusPocus,tt0045880
HoldBackTheDawn,tt0033722
HoldMeWhileImNaked,tt0060511
HoldYourMan,tt0024130
HoldingTheMan,tt3671542
HolidayAffair,tt0041473
HolidayInn,tt0034862
Holidays,tt4419364
HollywoodChainsawHookers,tt0095312
HollywoodEnding,tt0278823
HollywoodHomicide,tt0329717
HollywoodOnTrial,tt0074635
Hollywoodland,tt0427969
HolyFlyingCircus,tt1981637
HolyMotors,tt2076220
HolyRollers,tt1143896
HomeMovie,tt1267319
HomeOfTheBrave,tt0763840
HomewardBoundIILostInSanFrancisco,tt0116552
HomewardBoundTheIncredibleJourney,tt0107131
Honey,tt0322589
HoneyIBlewUpTheKid,tt0104437
HoneyIShrunkTheKids,tt0097523
HoneyWeShrunkOurselves,tt0119310
Honeymoon,tt3177316
HoneymoonAcademy,tt0099790
HongKilDong,tt0254387
HonorThyFather,tt4498800
Hoodlum,tt0119311
Hook,tt0102057
HoopDreams,tt0110057
Hoosiers,tt0091217
Hop,tt1411704
HopeAndGlory,tt0093209
HopeFloats,tt0119313
Hopscotch,tt0080889
HoratioHornblower,tt0327890
Horns,tt1528071
HorribleBosses,tt1499658
HorrorOfDracula,tt0051554
HorrorsOfSpiderIsland,tt0054333
Horsemen,tt0892767
Hostage,tt0340163
Hostel,tt0450278
Hostiles,tt5478478
HotFuzz,tt0425112
HotLeadAndColdFeet,tt0077698
HotPursuit,tt2967224
HotShotsPartDeux,tt0107144
HotSummerNights,tt3416536
HotToTrot,tt0095326
HotTubTimeMachine,tt1231587
HotTubTimeMachine2,tt2637294
HotelArtemis,tt5834262
HotelForDogs,tt0785006
HotelRwanda,tt0395169
HoubaOnTheTrailOfTheMarsupilami,tt1723642
Hounddog,tt0415856
HourOfTheWolf,tt0063759
HouseArrest,tt0116571
HouseAtTheEndOfTheStreet,tt1582507
HouseByTheLake,tt0075922
HouseIITheSecondStory,tt0093220
HouseOf1000Corpses,tt0251736
HouseOfBones,tt1334536
HouseOfDracula,tt0037793
HouseOfFlyingDaggers,tt0385004
HouseOfFrankenstein,tt0036931
HouseOfGames,tt0093223
HouseOfTheDead,tt0317676
HouseOfUsher,tt0053925
HouseOfWhipcord,tt0071628
HouseOnHauntedHill1959,tt0051744
HouseOnHauntedHill1999,tt0185371
HouseOnTheEdgeOfThePark,tt0080503
Housebound,tt3504048
Houseguest,tt0110066
Housesitter,tt0104452
HowHigh,tt0278488
HowILiveNow,tt1894476
HowIUnleashedWorldWarII,tt0065908
HowItEnds,tt5246700
HowStellaGotHerGrooveBack,tt0120703
HowTheGrinchStoleChristmas,tt0170016
HowTheWestWasWon,tt0056085
HowToBeASerialKiller,tt1038971
HowToGetAheadInAdvertising,tt0097531
HowToIrritatePeople,tt0063100
HowToLoseAGuyIn10Days,tt0251127
HowToLoseFriendsAndAlienatePeople,tt0455538
HowToMakeAnAmericanQuilt,tt0113347
HowToMarryAMillionaire,tt0045891
HowToStealAMillion,tt0060522
HowToStuffAWildBikini,tt0059287
HowardTheDuck,tt0091225
Howl,tt2393827
HowlingIIITheMarsupials,tt0093227
Hud,tt0057163
HudsonHawk,tt0102070
Hugo,tt0970179
Hulk,tt0286716
HumanDesire,tt0047101
HumanNature,tt0219822
HumanTraffic,tt0188674
Humongous,tt0082537
Humoresque,tt0038622
Hunger,tt0986233
HuntForTheWilderpeople,tt4698684
HunterPrey,tt1270291
HurricaneBianca,tt4007248
HusbandsAndWives,tt0104466
Hush,tt5022702
HushHushSweetCharlotte,tt0058213
Husk,tt1504403
HydeParkOnHudson,tt1477855
Hypocrites,tt0004134
Hysteria,tt1435513
IAccuseMyParents,tt0037798
IAmAFugitiveFromAChainGang,tt0023042
IAmBigBird,tt2358456
IAmCuba,tt0058604
IAmLegend,tt0480249
IAmNotASerialKiller,tt4303340
IAmNotAnEasyMan,tt6857988
IAmNotYourNegro,tt5804038
IAmSam,tt0277027
IAmThePrettyThingThatLivesInTheHouse,tt5059406
IBoughtAVampireMotorcycle,tt0097550
ICanDoBadAllByMyself,tt1385912
ICantThinkStraight,tt0830570
IDanielBlake,tt5168192
IDontFeelAtHomeInThisWorldAnymore,tt5710514
IDontWantToBeAMan,tt0010281
IDrinkYourBlood,tt0067229
IEatYourSkin,tt0054724
IEvenMetHappyGypsies,tt0062277
IFrankenstein,tt1418377
IHeartHuckabees,tt0356721
IKilledMyMother,tt1424797
IKnewHerWell,tt0060545
IKnowThatVoice,tt2113683
IKnowWhatYouDidLastSummer,tt0119345
IKnowWhereImGoing,tt0037800
IKnowWhoKilledMe,tt0897361
ILoveTrouble,tt0110093
ILoveYouAgain,tt0032617
ILoveYouBethCooper,tt1032815
ILoveYouMan,tt1155056
ILoveYouPhillipMorris,tt1045772
ILoveYouToDeath,tt0099819
IMarriedAWitch,tt0034881
INotStupid,tt0307681
INowPronounceYouChuckAndLarry,tt0762107
IReallyHateMyJob,tt0831299
IRememberMama,tt0040458
ISawTheDevil,tt1588170
ISawWhatYouDid,tt0059297
ISeeADarkStranger,tt0038289
ISellTheDead,tt0902290
IShotJesseJames,tt0041497
ISpitOnYourGrave,tt1242432
IStandAlone,tt0157016
IStillKnowWhatYouDidLastSummer,tt0130018
IThinkILoveMyWife,tt0770772
ITonya,tt5580036
IVitelloni,tt0046521
IWakeUpScreaming,tt0033740
IWalkedWithAZombie,tt0036027
IWannaHoldYourHand,tt0077714
IWantSomeoneToEatCheeseWith,tt0391229
IWantToLive,tt0051758
IWasAMaleWarBride,tt0041498
IWasATeenageWerewolf,tt0050530
IWasBornBut,tt0023634
Icarus,tt6333060
IceColdInAlex,tt0053935
IceCreamMan,tt0113376
IcePrincess,tt0396652
IceStationZebra,tt0063121
Icebreaker,tt0179861
Ida,tt2718492
IdealHome,tt5460880
IdentificazioneDiUnaDonna,tt0084116
Identity,tt0309698
IdentityThief,tt2024432
Idiocracy,tt0387808
If,tt0063850
IfAManAnswers,tt0056093
IfATreeFallsAStoryOfTheEarthLiberationFront,tt1787725
IfBealeStreetCouldTalk,tt7125860
IfFootmenTireYouWhatWillHorsesDo,tt0336618
IfLooksCouldKill,tt0102095
IgbyGoesDown,tt0280760
Ikiru,tt0044741
IlDesertoRosso,tt0058003
IlDivo,tt1023490
IlGrido,tt0050458
IlPostino,tt0110877
IlProfumoDellaSignoraInNero,tt0070565
IlSorpasso,tt0056512
IllAlwaysKnowWhatYouDidLastSummer,tt0469111
IllBeHomeForChristmas,tt0155753
IllBeSeeingYou,tt0036940
IllWaitForYou,tt0033748
Illicit,tt5152606
IllusiveTracks,tt0365763
Ils,tt0465203
IlsaSheWolfOfTheSS,tt0071650
ImACyborgButThatsOK,tt0497137
ImGonnaGitYouSucka,tt0095348
ImNotAshamed,tt4950110
ImNotScared,tt0326977
ImNotThere,tt0368794
Images,tt0068732
Imaginaerum,tt1959409
ImitationOfLife1934,tt0025301
ImitationOfLife1959,tt0052918
Immortal,tt0314063
ImmortalLove,tt0054845
Immortals,tt1253864
Imprint,tt0816530
Impromptu,tt0102103
InABetterWorld,tt1340107
InALonelyPlace,tt0042593
InAValleyOfViolence,tt3608930
InAWorld,tt2294677
InAndOut,tt6096500
InBruges,tt0780536
InChinaTheyEatDogs,tt0180748
InFabric,tt7464188
InHarmsWay,tt0059309
InHell,tt0339135
InOldArizona,tt0020018
InOldChicago,tt0029047
InOrderOfDisappearance,tt2675914
InSearchOfDrSeuss,tt0110121
InTheBedroom,tt0247425
InTheCompanyOfMen,tt0119361
InTheHeartOfTheSea,tt1390411
InTheLandOfTheHeadHunters,tt0004150
InTheLandOfWomen,tt0419843
InTheLineOfDutyTheFBIMurders,tt0095366
InTheLineOfFire,tt0107206
InTheLoop,tt1226774
InTheMood,tt0093253
InTheMoodForLove,tt0118694
InTheMouthOfMadness,tt0113409
InTheNameOfTheFather,tt0107207
InTheNameOfTheKing,tt0460780
InTheNameOfTheKing2TwoWorlds,tt1767319
InTheRealmOfTheSenses,tt0074102
InTheValleyOfElah,tt0478134
InTheYearOfThePig,tt0064482
InThisOurLife,tt0034890
InTime,tt1637688
InWhichWeServe,tt0034891
InYourEyes,tt2101569
Incendies,tt1255953
Inception,tt1375666
Inchon,tt0084132
IncidentAtLochNess,tt0374639
IndecentProposal,tt0107211
IndependenceDay,tt0116629
IndependenceDayResurgence,tt1628841
IndianSummer,tt0107212
IndianaJonesAndTheKingdomOfTheCrystalSkull,tt0367882
IndianaJonesAndTheLastCrusade,tt0097576
IndianaJonesAndTheTempleOfDoom,tt0087469
IndieGameTheMovie,tt1942884
Indigenous,tt2815072
IndiscretionOfAnAmericanWife,tt0046366
Indochine,tt0104507
Inferno,tt3062096
Infestation,tt1020543
Infini,tt3327624
InfinitelyPolarBear,tt1969062
InglouriousBasterds,tt0361748
IngridGoesWest,tt5962210
InherentVice,tt1791528
InitiationSilentNightDeadlyNight4,tt0100618
Ink,tt1071804
InlandEmpire,tt0460829
Innerspace,tt0093260
InnocentBlood,tt0104511
Inseminoid,tt0084090
Insiang,tt0077740
Inside,tt0856288
InsideLlewynDavis,tt2042568
InsideMan,tt0454848
Insidious,tt1591095
Insomnia,tt0278504
InspectorBlunder,tt0080929
InspectorGadget,tt0141369
InspectorGadget2,tt0301454
InstructionsNotIncluded,tt2378281
Insyriated,tt6497898
Intermission,tt0332658
InternalAffairs,tt0099850
Interstellar,tt0816692
IntoTheArmsOfStrangersStoriesOfTheKindertransport,tt0248912
IntoTheBlue,tt0378109
IntoTheForest,tt2625810
IntoTheStorm2009,tt0992993
IntoTheStorm2014,tt2106361
IntoTheWhite,tt1876277
IntoTheWild,tt0758758
IntoTheWoods,tt2180411
IntolerableCruelty,tt0138524
Intolerance,tt0006864
Intouchables,tt1675434
Intruders,tt4009278
InvasionOfAstroMonster,tt0059346
InvasionOfTheBeeGirls,tt0070222
InvasionOfTheBodySnatchers1956,tt0049366
InvasionOfTheBodySnatchers1978,tt0077745
InvasionOfTheNeptuneMen,tt0055562
InvasionOfTheSaucerMen,tt0050545
InvasionUSA1952,tt0044750
InvasionUSA1985,tt0089348
InvestigationOfACitizenAboveSuspicion,tt0065889
Invictus,tt1057500
InvisibleInvaders,tt0052929
InvisibleSister,tt4420110
InvitationToHell,tt0087480
IpMan,tt1220719
IpMan2,tt1386932
IpMan3,tt2888046
IpMan4,tt2076298
Iphigenia,tt0076208
IrmaVep,tt0116650
IronEagle,tt0091278
IronJawedAngels,tt0338139
IronMan1,tt0371746
IronMan3,tt1300854
IronMonkey,tt0108148
IronSky,tt1034314
IronSkyTheComingRace,tt3038708
IronWill,tt0110157
Ironclad,tt1233301
IrrationalMan,tt3715320
IrreconcilableDifferences,tt0087482
Irreversible,tt0290673
IsParisBurning,tt0060814
Ishtar,tt0093278
IslandOfLostSouls,tt0024188
IslandOfTerror,tt0060548
IsleOfTheDead,tt0037820
ItCameFromBeneathTheSea,tt0048215
ItCameFromHollywood,tt0084156
ItCameFromOuterSpace,tt0045920
ItComesAtNight,tt4695012
ItConqueredTheWorld,tt0049370
ItCouldHappenToYou,tt0110167
ItFollows,tt3235888
ItHappenedHere,tt0055024
ItHappenedOnFifthAvenue,tt0039502
ItHappenedOneNight,tt0025316
ItRunsInTheFamily,tt0311110
ItShouldHappenToYou,tt0047123
ItTakesTwo,tt0113442
ItTheTerrorFromBeyondSpace,tt0051786
ItalianoMedio,tt4142022
Item47,tt2247732
ItsABoyGirlThing,tt0482527
ItsADisaster,tt1995341
ItsAGift,tt0025318
ItsAMadMadMadMadWorld,tt0057193
ItsAVeryMerryMuppetChristmasMovie,tt0329737
ItsAWonderfulLife,tt0038650
ItsAWonderfulWorld,tt0031500
ItsAlive,tt0071675
ItsAllGood,tt6103962
ItsComplicated,tt1230414
ItsLoveImAfter,tt0029058
ItsPat,tt0110169
IvanTheTerrible,tt0037824
IvanVasilievichChangesProfession,tt0070233
Ivanhoe,tt0084157
IvansChildhood,tt0056111
JCVD,tt1130988
JEdgar,tt1616195
JFK,tt0102138
JMenForever,tt0080940
Jabberwocky,tt0076221
JackAndJill,tt0810913
JackBrooksMonsterSlayer,tt0816539
JackO,tt0113449
JackOfTheRedHearts,tt3833520
JackReacher,tt0790724
JackReacherNeverGoBack,tt3393786
JackRyanShadowRecruit,tt1205537
JackStrong,tt2785288
JackTheGiantKiller,tt0056112
JackTheGiantSlayer,tt1351685
JackTheRipper1976,tt0095388
JackbootsOnWhitehall,tt0915463
Jackie,tt1619029
JackieBrown,tt0119396
JacksBack,tt0095389
JacobsLadder,tt0099871
Jade,tt0113451
JagArNyfiken,tt0061834
JaggedEdge,tt0089360
JailBait,tt3290276
JailhouseRock,tt0050556
JakobTheLiar,tt0120716
JaneEyre,tt1229822
JaneWantsABoyfriend,tt3302654
JapaneseSummerDoubleSuicide,tt0062009
Jarhead,tt0418763
Jasminum,tt0778749
JasonAndTheArgonauts,tt0057197
JasonBourne,tt4196776
JasonGoesToHellTheFinalFriday,tt0107254
Jawbreaker,tt0155776
Jaws,tt0073195
Jaws2,tt0077766
Jaws3D,tt0085750
JawsTheRevenge,tt0093300
JayAndSilentBobStrikeBack,tt0261392
JazzOnASummersDay,tt0052942
JeanDeFlorette,tt0091288
JeanneAndThePerfectGuy,tt0123923
JeanneDielman23QuaiDuCommerce1080Bruxelles,tt0073198
JeepersCreepers,tt0263488
JeepersCreepers2,tt0301470
JeepersCreepers3,tt1139592
JeffWhoLivesAtHome,tt1588334
JemAndTheHolograms,tt3614530
Jennifer,tt0104549
JennifersBody,tt1131734
JeremiahJohnson,tt0068762
JerryMaguire,tt0116695
JerseyGirl,tt0300051
JerusalemCountdown,tt1562563
JesseJamesMeetsFrankensteinsDaughter,tt0060558
JesusCamp,tt0486358
JesusChristVampireHunter,tt0311361
JesusOfMontreal,tt0097635
JeuneEtJolie,tt2752200
JewelRobbery,tt0023074
Jezebel,tt0030287
Jigsaw,tt0387564
JingleAllTheWay,tt0116705
JiroDreamsOfSushi,tt1772925
JoanOfArc,tt0178145
Jobs,tt2357129
Joe,tt2382396
JoeDirt,tt0245686
JoeKidd,tt0068768
JoeVersusTheVolcano,tt0099892
JoesApartment,tt0116707
JohnAndJulie,tt0048231
JohnCarter,tt0401729
JohnDiesAtTheEnd,tt1783732
JohnQ,tt0251160
JohnTuckerMustDie,tt0455967
JohnWick,tt2911666
JohnWickChapter2,tt4425200
JohnnyBelinda,tt0040495
JohnnyCool,tt0057200
JohnnyDangerously,tt0087507
JohnnyEnglish,tt0274166
JohnnyEnglishReborn,tt1634122
JohnnyEnglishStrikesAgain,tt6921996
JohnnyGaddaar,tt1077248
JohnnyGuitar,tt0047136
JohnnyHandsome,tt0097626
JohnnyLingo,tt0365393
JohnnyMnemonic,tt0113481
JohnnyReno,tt0060564
JointSecurityArea,tt0260991
JonahHex,tt1075747
Jonestown,tt0762111
JoshAndSAM,tt0107277
Joshua,tt0808331
Josie,tt4682780
JosieAndThePussycats,tt0236348
JourneyIntoFear,tt0034922
JourneyOfHope,tt0100470
JourneyToItaly,tt0046511
JourneyToTheSeventhPlanet,tt0056127
JourneyToTheWestConqueringTheDemons,tt2017561
JourneyToTheWestTheDemonsStrikeBack,tt5273624
JoyRide,tt0206314
JoyRide2DeadAhead,tt1140941
JoyRide3Roadkill,tt3138376
JoyeuxNoel,tt0424205
JoyfulNoise,tt1710396
Joysticks,tt0085764
JuDou,tt0099902
JuRei,tt0125211
JuanOfTheDead,tt1838571
Jubilee,tt0076240
JudasKiss,tt0138541
JudgeDredd,tt0113492
JudgmentAtNuremberg,tt0055031
JudgmentInBerlin,tt0095415
JudgmentNight,tt0107286
JugFace,tt2620736
Juggernaut,tt0071706
Juice,tt0104573
JulesAndJim,tt0055032
JulesVernesMysteryOnMonsterIsland,tt0082769
Julia,tt0340012
JuliaMisbehaves,tt0040498
JuliaX,tt1533058
JuliasEyes,tt1512685
JulieAndJack,tt0358551
JulienDonkeyBoy,tt0192194
JulietOfTheSpirits,tt0059229
July22,tt7959216
Jumanji,tt0113497
JumanjiWelcomeToTheJungle,tt2283362
Jumper,tt0489099
JumpinJackFlash,tt0091306
JumpingTheBroom,tt1640484
JuneBug,tt0418773
Jungle,tt3758172
Jungle2Jungle,tt0119432
JungleBook,tt0034928
JungleFever,tt0102175
JungleGoddess,tt0049437
Jungleground,tt0110215
Junior,tt0110216
Juno,tt0467406
Juon,tt0364385
JupiterAscending,tt1617661
JurassicCity,tt2905674
JurassicParkIII,tt0107290
JurassicWorld,tt0369610
JurassicWorldFallenKingdom,tt4881806
JustBeforeDawn,tt0082592
JustBuried,tt0906326
JustCause,tt0113501
JustFriends,tt0433400
JustGoWithIt,tt1564367
JustHeroes,tt0094351
JustImagine,tt0021016
JustLikeHeaven,tt0425123
JustMarried,tt0305711
JustMyLuck,tt0397078
JustTheWayYouAre,tt4380580
JustVisiting,tt0189192
JusticeLeague2017,tt0974015
JuwannaMann,tt0247444
K-9,tt0097637
K19TheWidowmaker,tt0267626
KPax,tt0272152
Kaboom,tt1523483
Kafka,tt0102181
Kagemusha,tt0080979
Kaiji2TheUltimateGambler,tt1904937
KaijiTheUltimateGambler,tt1309449
Kairo,tt0286751
Kalifornia,tt0107302
Kaminey,tt1274295
Kanal,tt2517658
KangarooJack,tt0257568
Kapo,tt0052961
Karla,tt0424938
Kazaam,tt0116756
Keanu,tt4139124
Kedi,tt4420704
KeepAnEyeOut,tt7156222
KeepingMum,tt0444653
KeepingTheFaith,tt0171433
KeepingUpWithTheJoneses,tt2387499
Keith,tt0435679
KellysHeroes,tt0065938
KenPark,tt0209077
Kenau,tt2512170
Kenny,tt0822389
Keoma,tt0074740
KermitsSwampYears,tt0304283
Kes,tt0064541
KevinAndPerryGoLarge,tt0205177
KeyLargo,tt0040506
Khadak,tt0475241
Khartoum,tt0060588
KickAss,tt1250777
KickAss2,tt1650554
Kickboxer,tt0097659
KickingAndScreaming,tt0113537
Kidnap,tt1458169
KidnappingCaucasianStyle,tt0060584
Kids,tt0113540
KidsInAmerica,tt0408961
KidsInTheHallBrainCandy,tt0116768
Kiler,tt0127626
KillAndKillAgain,tt0082612
KillList,tt1788391
KillTheIrishman,tt1416801
KillYourDarlings,tt1311071
Killdozer,tt0071717
KillerElite,tt1448755
KillerJoe,tt1726669
KillerKlownsFromOuterSpace,tt0095444
KillerOfSheep,tt0076263
KillerParty,tt0091338
KillerToon,tt2973516
Killers,tt1103153
KillersKiss,tt0048254
KillingBono,tt1535101
KillingGround,tt4728386
KillingGunther,tt5689068
KillingThemSoftly,tt1764234
KillingZoe,tt0110265
Killshot,tt0443559
KinDzaDza,tt0091341
KindHeartsAndCoronets,tt0041546
KindergartenCop,tt0099938
KingArthur,tt0349683
KingArthurLegendOfTheSword,tt1972591
KingDavid,tt0089420
KingDinosaur,tt0048256
KingKong,tt0024216
KingKongEscapes,tt0061868
KingKongLives,tt0091344
KingKongVsGodzilla,tt0056142
KingOfBeggars,tt0100963
KingOfDevilsIsland,tt1332134
KingOfJazz,tt0021025
KingOfKings,tt0055047
KingOfNewYork,tt0099939
KingOfTheZombies,tt0033787
KingRalph,tt0102216
KingSolomon,tt0089421
KingdomOfHeaven,tt0320661
KingdomOfTheSpiders,tt0076271
Kingpin,tt0116778
KingsRow,tt0034946
KingsmanTheGoldenCircle,tt4649466
KingsmanTheSecretService,tt2802144
KinjiteForbiddenSubjects,tt0097670
KinkyBoots,tt0434124
Kinsey,tt0362269
KisUykusu,tt2758880
KissKissBangBang,tt0373469
KissMeDeadly,tt0048261
KissMeStupid,tt0058265
KissMeetsThePhantomOfThePark,tt0077788
KissOfDeath,tt0113552
KissOfTheDragon,tt0271027
KissOfTheTarantula,tt0131449
KissTheGirls,tt0119468
KissingAFool,tt0120723
KissingJessicaStein,tt0264761
KitKittredgeAnAmericanGirl,tt0846308
Kite,tt2044801
KittenWithAWhip,tt0058267
KittyFoyle,tt0032671
Klute,tt0067309
KnifeForTheLadies,tt0071722
KnifeInTheWater,tt0056291
KnightAndDay,tt1013743
KnightMoves,tt0104627
KnightWithoutArmour,tt0029087
KnightsOfBadassdom,tt1545660
KnightsOfTheRoundTable,tt0045966
KnockedUp,tt0478311
KnockinOnHeavensDoor,tt0119472
Knowing,tt0448011
KnuteRockneAllAmerican,tt0032676
Kokoda,tt0481390
Kolberg,tt0036989
Kolya,tt0116790
Komaa,tt0043526
Komodo,tt0172669
KonTiki,tt1613750
KongSkullIsland,tt3731562
Konga,tt0055058
Kongo,tt0023101
Kontroll,tt0373981
Koyaanisqatsi,tt0085809
Krai,tt1706414
KramerVsKramer,tt0079417
Krampus,tt3850590
Krull,tt0085811
KrushGroove,tt0089444
Kuffs,tt0104647
Kukushka,tt0308476
KullTheConqueror,tt0119484
KumikoTheTreasureHunter,tt3263614
Kundun,tt0119485
KungFuCultMaster,tt0108624
KungFuHustle,tt0373074
KungPowEnterTheFist,tt0240468
Kuroneko,tt0122136
Kwaidan,tt0058279
LAConfidential,tt0119488
LAgeDOr,tt0021577
LArgent,tt0085180
LAtalante,tt0024844
LAvventura,tt0053619
LChangeTheWorld,tt0912597
LEclisse,tt0056736
LEnfant,tt0456396
LOL,tt1592873
LaBelleNoiseuse,tt0101428
LaBeteHumaine,tt0029957
LaCasaDalleFinestreCheRidono,tt0074287
LaCeremonie,tt1341341
LaChevre,tt0082183
LaChienne,tt0021739
LaCollectionneuse,tt0061495
LaColonia,tt4005402
LaCucaracha,tt0157913
LaDolceVita,tt0053779
LaGrandeBouffe,tt0070130
LaGrandeVadrouille,tt0060474
LaHabanera,tt0028974
LaHaine,tt0113247
LaJetee,tt0056119
LaNotte,tt0054130
LaPielQueHabito,tt1189073
LaSignoraSenzaCamelie,tt0046313
LaSoupeAuxChoux,tt0083109
LaSourianteMadameBeudet,tt0013626
LaTerraTrema,tt0040866
LaVieEnRose,tt0450188
LaVilleDesPirates,tt0086546
Labyrinth,tt0091369
LacombeLucien,tt0071733
Ladder49,tt0349710
LadiesOfLeisure,tt0021040
LadiesTheyTalkAbout,tt0024238
LadyBird,tt0110296
LadyBloodfight,tt4327752
LadyForADay,tt0024240
LadyFrankenstein,tt0067321
LadyInCement,tt0063210
LadyInTheLake,tt0039545
LadyInTheWater,tt0452637
LadyMacbeth,tt4291600
LadyOfBurlesque,tt0036094
LadySnowblood,tt0158714
LadySnowblood2LoveSongOfVengeance,tt0072157
Ladybugs,tt0104670
Ladyhawke,tt0089457
LaidToRest,tt1228933
LakeMungo,tt0816556
LakePlacid,tt0139414
LakePlacidVsAnaconda,tt4497416
LakeviewTerrace,tt0947802
Lambchops,tt0122580
LamoreMolesto,tt0112352
LandOfTheBlind,tt0433405
LandOfTheDead,tt0418819
LandOfTheLost,tt0457400
Lantana,tt0259393
LaraCroftTombRaider,tt0146316
LarryCrowne,tt1583420
LarsAndTheRealGirl,tt0805564
LaserMission,tt0099978
Laserblast,tt0077834
LastActionHero,tt0107362
LastDaysInVietnam,tt3279124
LastFlagFlying,tt6018306
LastHoliday,tt0408985
LastKnights,tt2493486
LastKnownAddress,tt0064225
LastMenInAleppo,tt6333074
LastNight,tt1294688
LastOfTheWildHorses,tt0040530
LastOrders,tt0253200
LastShift,tt2965466
LastTangoInParis,tt0070849
LastTrainHome,tt1512201
LastVegas,tt1204975
LastYearAtMarienbad,tt0054632
LateAutumn,tt1542482
LateSpring,tt0041154
LatterDays,tt0345551
LaughterInParadise,tt0043727
Laura,tt0037008
Lavalantula,tt4060576
LawAbidingCitizen,tt1197624
Lawless,tt1212450
LawnDogs,tt0119506
LawrenceOfArabia,tt0056172
LawyerMan,tt0023125
LayerCake,tt0375912
LazerTeam,tt3864024
LazerTeam2,tt6730898
LeAmiche,tt0047821
LeBoucher,tt0064106
LeCercleRouge,tt0065531
LeDiableProbablement,tt0075938
LeDoulos,tt0054821
LeFantomeDeLaLiberte,tt0071487
LeGendarmeANewYork,tt0060450
LeGendarmeDeSaintTropez,tt0058135
LeGendarmeEnBalade,tt0065769
LeGendarmeEtLesExtraTerrestres,tt0079200
LeGendarmeEtLesGendarmettes,tt0083996
LeGendarmeSeMarie,tt0063005
LeGentlemanDEpsom,tt0056014
LeHavre,tt1508675
LeJaguar,tt0116676
LeJourSeLeve,tt0031514
LeMagnifique,tt0344943
LePerilJeune,tt0110922
LeProfessionnel,tt0082949
LeSamourai,tt0062229
LeTrou,tt0054407
LeVieuxFusil,tt0073864
LeanOnMe,tt0097722
LeapOfFaith,tt0104695
LeapYear,tt1216492
Leatherface,tt2620590
LeatherfaceTheTexasChainsawMassacreIII,tt0099994
Leatherheads,tt0379865
LeaveHerToHeaven,tt0037865
LeaveNoTrace,tt3892172
LeavingLasVegas,tt0113627
Lebanon,tt1483831
LeftBank,tt0940723
LegacyOfRage,tt0091428
LegallyBlonde,tt0250494
LegendOfDinosaursAndMonsterBirds,tt0085830
LegendOfTheBlackScorpion,tt0341595
LegendOfTheEightSamurai,tt0086244
LegendOfTheFistTheReturnOfChenZhen,tt1456661
LegendaryAssassin,tt1236370
LegendsOfTheFall,tt0110322
LegendsOfTheHiddenTemple,tt5333842
LemonTreePassage,tt2396436
LemonadeJoe,tt0058275
LemonadeMouth,tt1648204
Leningrad,tt0432314
Lenny,tt0071746
LeonMorinPriest,tt0055082
LeonardPart6,tt0093405
Leprechaun,tt0107387
Leprechaun2,tt0110329
Leprechaun3,tt0113636
Leprechaun4InSpace,tt0116861
LeprechaunOrigins,tt2345613
LesBonnesFemmes,tt0053666
LesBoys,tt0118764
LesCousins,tt0081614
LesEnfantsTerribles,tt0042436
LesGrandsDucs,tt0116445
LesMiserables1998,tt0119683
LesMiserables2012,tt1707386
LesMiserables2019,tt10199590
LesVampires,tt0006206
LessThanZero,tt0093407
LetHimHaveIt,tt0102288
LetItBe,tt0065976
LetItRide,tt0097731
LetMeIn,tt1228987
LetTheRightOneIn,tt1139797
LetThereBeLight1946,tt0038687
LetThereBeLight2017,tt5804314
Lethal,tt0116407
LetsBeCops,tt1924435
LetsGoToPrison,tt0454987
LetsRobTheBank,tt0057051
LetterFromAnUnknownWoman,tt0040536
LetterNeverSent,tt0053106
LettersFromIwoJima,tt0498380
LettersFromMarusia,tt0072601
LettersToJuliet,tt0892318
LiarLiar,tt0119528
Libel,tt0053003
LibeledLady,tt0027884
LiberalArts,tt1872818
LicenceToKill,tt0097742
Life2017,tt1518809
LifeAfterBeth,tt2581244
LifeAnimated,tt3917210
LifeInAFishbowl,tt2172554
LifeIsBeautiful,tt0118799
LifeOfAnAmericanFireman,tt0000447
LifeOfTheParty,tt5619332
LifePartners,tt2870808
LifeWithFather,tt0039566
LifeWithJudyGarlandMeAndMyShadows,tt0250581
Lifeboat,tt0037017
Lifeforce,tt0089489
Lifepod,tt0107415
LightningJack,tt0110353
LightsOfNewYork,tt0019096
LikeCrazy,tt1758692
LikeFatherLikeSon,tt2331143
LikeMike,tt0308506
Lili,tt0046000
LiliesOfTheField,tt0057251
Liliom,tt0025397
Lilting,tt2560102
Limelight,tt0044837
Limitless,tt1219289
LindaLindaLinda,tt0468795
Lion,tt3741834
Lionheart,tt0100029
LionsForLambs,tt0891527
LiquidSky,tt0085852
LisaAndTheDevil,tt0068863
LisaTheFoxfairy,tt2210769
ListenToYourHeart,tt1274296
Lisztomania,tt0073298
Litalien,tt6957966
LittleAnnieRooney,tt0016028
LittleBigLeague,tt0110363
LittleBigMan,tt0065988
LittleBlackBook,tt0361841
LittleBoy,tt1810683
LittleCaesar,tt0021079
LittleChildren,tt0404203
LittleDarlings,tt0081060
LittleEvil,tt2937366
LittleFugitive,tt0046004
LittleGiants,tt0110364
LittleMan,tt0430304
LittleManTate,tt0102316
LittleManhattan,tt0412922
LittleMissMarker,tt0081063
LittleMissSunshine,tt0449059
LittleNicky,tt0185431
LittleNikita,tt0095532
LittleOdessa,tt0110365
LittleOldNewYork,tt0032719
LittleShopOfHorrors,tt0091419
LiveAndLetDie,tt0070328
LiveByNight,tt2361317
LiveForeverAsYouAreNowWithAlanResnick,tt3414782
LiveFreeOrDieHard,tt0337978
Livid,tt1727516
LivingInOblivion,tt0113677
LivingOutLoud,tt0120722
LivingTilTheEnd,tt0419922
Lo,tt1047490
LoadedWeapon1,tt0107659
LocalHero,tt0085859
LockStockAndTwoSmokingBarrels,tt0120735
LockUp,tt0097770
Locke,tt2692904
Lockout,tt1592525
Logan,tt3315342
LoganLucky,tt5439796
LogansRun,tt0074812
Lola,tt0055093
LollyMadonnaXXX,tt0070332
LondonHasFallen,tt3300542
LoneSurvivor,tt1091191
LoneWolfMcQuade,tt0085862
LonelyAreTheBrave,tt0056195
Lonesome,tt0019109
LongPigs,tt0971204
LongShot,tt0201694
LongWeekend,tt0079482
LookBothWays,tt0382806
LookWhosTalking,tt0097778
Looker,tt0082677
LooneyTunesBackInAction,tt0318155
Looper,tt1276104
LooseAnkles,tt0021087
LooseCannons,tt1405810
LordLoveADuck,tt0060636
LordOfIllusions,tt0113690
LordOfTears,tt2367066
LordOfWar,tt0399295
LordsOfDogtown,tt0355702
LosinIt,tt0085868
LosingIsaiah,tt0113691
LostAfterDark,tt3397556
LostAndDelirious,tt0245238
LostContinent,tt0043757
LostHighway,tt0116922
LostHorizon,tt0029162
LostInAmerica,tt0089504
LostInLaMancha,tt0308514
LostInTranslation,tt0335266
LostRiver,tt2366608
LouisianaStory,tt0040550
Love,tt3774694
LoveActually,tt0314331
LoveAffair,tt0110391
LoveAndBasketball,tt0199725
LoveAndDeath,tt0073312
LoveAndHonor,tt1976989
LoveAndOtherDrugs,tt0758752
LoveAtFirstBite,tt0079489
LoveAtTheChristmasTable,tt2460976
LoveBeforeBreakfast,tt0027908
LoveCrazy,tt0033852
LoveCrime,tt1459012
LoveDontCostAThing,tt0337592
LoveExposure,tt1128075
LoveFindsAndyHardy,tt0030386
LoveHappens,tt0899106
LoveHappy,tt0041604
LoveInTheAfternoon,tt0050658
LoveIsAManySplendoredThing,tt0048316
LoveIsAllYouNeed2016,tt1854236
LoveMeTonight,tt0023158
LoveOnDelivery,tt0110852
LoveRosie,tt1638002
LoveSimon,tt5164432
LoveStinks,tt0188863
LoveTheCoopers,tt2279339
LoveWithTheProperStranger,tt0057263
Lovelace,tt1426329
Loveling,tt5707048
LovelyMolly,tt1707392
LoverComeBack,tt0055100
Lovers,tt5350482
Loving,tt5479616
LovingAnnabelle,tt0323120
Lowriders,tt1366338
LtRobinCrusoeUSN,tt0060640
Lucas,tt0091445
LuckyBastard,tt2417854
LuckyNumberSlevin,tt0425210
LuckyYou,tt0338216
Lucy,tt2872732
Ludwig,tt0068883
Lunopolis,tt1539313
LustCaution,tt0808357
LustForGold,tt0041610
Lydia,tt0033858
M,tt0022100
MFA,tt5091530
MW,tt1242755
MaVieEnRose,tt0119590
MabelsStrangePredicament,tt0004284
MacAndMe,tt0095560
MacGruber,tt1470023
Machete,tt0985694
MacheteKills,tt2002718
MachineGunPreacher,tt1586752
MackennasGold,tt0064615
MadDogMorgan,tt0074836
MadLove,tt0113729
MadMax1,tt0079501
MadMax2TheRoadWarrior,tt0082694
MadMaxBeyondThunderdome,tt0089530
MadMaxFuryRoad,tt1392190
MadMoney,tt0951216
Madadayo,tt0107474
MadamSatan,tt0021106
MadameCurie,tt0036126
MadameRosa,tt0076348
MadameSousatzka,tt0095564
MadchenInUniform,tt0022183
Made,tt0227005
MadeForEachOther,tt0031602
MadeInAmerica,tt5275892
MadeOfHonor,tt0866439
MadeaGoesToJail,tt1142800
MadeasBigHappyFamily,tt1787759
MadeasFamilyReunion,tt0455612
Madeline,tt0123987
Madhouse,tt0071790
Madman,tt0082696
Madre,tt1216496
Maggie,tt1881002
Magic,tt0077889
MagicBeyondWordsTheJKRowlingStory,tt1979269
MagicInTheMoonlight,tt2870756
MagicMike,tt1915581
MagicalLegendOfTheLeprechauns,tt0205214
MagicalMysteryTour,tt0061937
Magicians,tt0841027
MagnificentObsession,tt0047203
Magnolia,tt0175880
MagnumForce,tt0070355
MaidInManhattan,tt0252076
MajorDundee,tt0059418
MajorLeague,tt0097815
MajorPayne,tt0110443
Makdee,tt0341455
MakeTheYuletideGay,tt1305714
MakeWayForTomorrow,tt0029192
MakingContact,tt0089378
Malavita,tt2404311
MalcolmX,tt0104797
Maleficent,tt1587310
Malena,tt0213847
MalibusMostWanted,tt0328099
Malice,tt0107497
Mallrats,tt0113749
Malpertuis,tt0067386
MammaMiaHereWeGoAgain,tt6911608
MammaRoma,tt0056215
Mammoth,tt1038043
ManBitesDog,tt0103905
ManInTheMirrorTheMichaelJacksonStory,tt0411377
ManInTheWilderness,tt0067388
ManOfAThousandFaces1957,tt0050681
ManOfIron,tt0082222
ManOfSteel,tt0770828
ManOfTaiChi,tt2016940
ManOfTheHouse,tt0113755
ManOfTheYear,tt0483726
ManOnALedge,tt1568338
ManOnFire,tt0328107
ManOnTheMoon,tt0125664
ManOnWire,tt1155592
ManThing,tt0290747
ManVs,tt3584354
ManWithAMovieCamera,tt0019760
ManWithTheScreamingBrain,tt0365478
Manborg,tt2060525
ManchesterByTheSea,tt4034228
Mandalay,tt0025461
Maneater,tt0479528
Manhattan,tt0079522
ManhattanMelodrama,tt0025464
ManhattanMurderMystery,tt0107507
Manhunter,tt0091474
ManiacCop,tt0095583
ManiacCop2,tt0100107
ManiacCop3BadgeOfSilence,tt0104808
Mannequin,tt0093493
ManosTheHandsOfFate,tt0060666
MansBestFriend,tt0107504
MansCastle,tt0024302
MansFavoriteSport,tt0058324
MansfieldPark,tt0178737
MapsToTheStars,tt2172584
MarathonMan,tt0074860
MarchOfThePenguins,tt0428803
MarciX,tt0266747
Marebito,tt0434179
MargaritaWithAStraw,tt2929690
MarginCall,tt1615147
Marguerite,tt4428788
MarieAntoinette,tt0030418
MarkOfTheVampire,tt0026685
MarkedForDeath,tt0100114
MarketaLazarova,tt0063278
Marlowe,tt0064638
Marmaduke,tt1392197
Marnie,tt0058329
Marooned,tt0064639
MarriageItalianStyle,tt0058335
MarriedToTheMob,tt0095593
MarsAttacks,tt0116996
MarsNeedsWomen,tt0060672
MarthaMarcyMayMarlene,tt1441326
Marty,tt0048356
Martyrs,tt1029234
MaryOfScotland,tt0027948
MaryPoppins,tt0058331
MaryQueenOfScots,tt0067402
MaryQueenOfScots2018,tt2328900
MaryReilly,tt0117002
MaryShelleysFrankenstein,tt0109836
MaryStevensMD,tt0024307
Mascots,tt4936176
MasculinFeminin,tt0060675
MaskedAvengers,tt0082153
MasterAndCommander,tt0311113
MasterOfTheFlyingGuillotine,tt0072913
MasterOfTheWorld,tt0055152
Masterminds,tt0119630
Masterminds2016,tt2461150
MastersOfTheUniverse,tt0093507
MataHari,tt0023196
Matango,tt0057295
MatchstickMen,tt0325805
Matewan,tt0093509
Matilda,tt0117008
Matinee,tt0107529
Maverick,tt0110478
MaxKeeblesBigMove,tt0273799
MaxManus,tt1029235
MaxSteel,tt1472584
MaximumOverdrive,tt0091499
MaximumRide,tt0825283
MaximumRisk,tt0117011
May,tt0303361
MaybeBaby,tt0206926
Mayhem,tt4348012
Maze,tt0995031
MazeRunnerTheDeathCure,tt4500922
MazeRunnerTheScorchTrials,tt4046784
MazesAndMonsters,tt0084314
McCabeAndMrsMiller,tt0067411
McFarlandUSA,tt2097298
McLintock,tt0057298
MeAndEarlAndTheDyingGirl,tt2582496
MeAndOrsonWelles,tt1175506
MeBeforeYou,tt2674426
MeanCreek,tt0377091
MeanGirls,tt0377092
MeanGuns,tt0119642
MeanStreets,tt0070379
MeatballMachine,tt0820111
Meatballs,tt0079540
MedicineMan,tt0104839
MediumCool,tt0064652
MeetDave,tt0765476
MeetJoeBlack,tt0119643
MeetJohnDoe,tt0033891
MeetMeInStLouis,tt0037059
MeetTheFeebles,tt0097858
MeetTheParents,tt0212338
MeetingPeopleIsEasy,tt0195909
MegaSharkVsGiantOctopus,tt1350498
Megaforce,tt0084316
MeganIsMissing,tt1087461
Melancholia,tt1527186
MelindaAndMelinda,tt0378947
Memento,tt0209144
MementoMori,tt0266075
MemorialDay,tt1694118
MemoriesOfMatsuko,tt0768120
MemoriesOfMurder,tt0353969
MemphisBelle,tt0100133
MenBehindTheSun,tt0093170
MenInBlack,tt0119654
MenInBlack3,tt1409024
MenInBlackII,tt0120912
MenOfHonor,tt0203019
MenOfWar,tt0110490
MenWithBrooms,tt0263734
MenWomenAndChildren,tt3179568
Mental,tt1655416
Merantau,tt1368116
Mercenaries,tt3598222
MercuryRising,tt0120749
MerlinsShopOfMysticalWonders,tt0174917
Mermaid,tt2328678
Mermaids,tt0100140
MerryChristmasMrLawrence,tt0085933
MerryWivesOfReno,tt0025494
MeshesOfTheAfternoon,tt0036154
MessageFromSpace,tt0078435
MessageInABottle,tt0139462
Meteor,tt0079550
Metropolis,tt0017136
MiamiBlues,tt0100143
MiamiConnection,tt0092549
Michael,tt0117038
MichaelBoltonsBigSexyValentinesDaySpecial,tt6343706
MichaelClayton,tt0465538
MichaelCollins,tt0117039
Mickey,tt0277895
MickeyBlueEyes,tt0130121
Micmacs,tt1149361
MidaqAlley,tt0112619
MiddleMan,tt0489070
MiddleOfTheNight,tt0053065
MidnightCowboy,tt0064665
MidnightExpress,tt0077928
MidnightInParis,tt1605783
MidnightInTheGardenOfGoodAndEvil,tt0119668
MidnightLace,tt0054084
MidnightMadness,tt0081159
MidnightMary,tt0024334
MidnightMovie,tt0981224
MidnightRun,tt0095631
MidnightSpecial,tt2649554
MidnightSun,tt4799066
MidwayToHeaven,tt1762308
MightyAphrodite,tt0113819
MightyJoeYoung,tt0120751
MikeAndDaveNeedWeddingDates,tt2823054
MikeBassettEnglandManager,tt0282744
Mikey,tt0104870
MikeyAndNicky,tt0074901
Mile22,tt4560436
Milk,tt1013753
MilkMoney,tt0110516
MillersCrossing,tt0100150
Millie,tt0022149
MillionDollarArm,tt1647668
MillionDollarBaby,tt0405159
MillionairesExpress,tt0091091
Millions,tt0366777
Mimic,tt0119675
Mimino,tt0076391
MinAndBill,tt0021148
MinAndMax,tt6446772
Mindhunters,tt0297284
Mindscape,tt1715336
Mindwarp,tt0100152
MinistryOfFear,tt0037075
MinorityReport,tt0181689
Minotaur,tt0415160
Minutemen,tt1072755
MiracleBeach,tt0104879
MiracleInMilan,tt0043809
MiracleMile,tt0097889
MiracleRun,tt0419967
MirrorMask,tt0366780
Mirrors,tt0790686
MishimaALifeInFourChapters,tt0089603
MissCongeniality,tt0212346
MissMarch,tt1151922
MissMend,tt3128900
MissNobody,tt1129427
MissPeregrinesHomeForPeculiarChildren,tt1935859
MissPettigrewLivesForADay,tt0970468
MissSloane,tt4540710
MissViolence,tt3078242
MissileToTheMoon,tt0053072
MissileXTheNeutronBombIncident,tt0076395
Missing,tt0084335
MissingInAction,tt0087727
MissionImpossible1996,tt0117060
MissionImpossibleFallout,tt4912910
MissionImpossibleGhostProtocol,tt1229238
MissionImpossibleII,tt0120755
MissionImpossibleIII,tt0317919
MissionImpossibleRogueNation,tt2381249
MissionToMars,tt0183523
MissionToMoscow,tt0036166
MississippiBurning,tt0095647
MisterLonely,tt0475984
Mistress,tt0074883
Mitchell,tt0073396
MoBetterBlues,tt0100168
Mobsters,tt0102460
ModelShop,tt0064679
ModernProblems,tt0082763
ModernTimes,tt0027977
ModernVampires,tt0120805
ModestyBlaise,tt0060708
Mogambo,tt0046085
MohammadMessengerOfGod,tt3921314
MollysGame,tt4209788
MomAndDad,tt5462326
MomAndDadSaveTheWorld,tt0104905
MomsGotADateWithAVampire,tt0250593
MomsNightOut,tt3014666
MonOncle,tt0050706
MonOncleAntoine,tt0067439
MonOncleDAmerique,tt0081176
MonaLisaSmile,tt0304415
MoneyMonster,tt2241351
MoneyTalks,tt0119695
MoneyTrain,tt0113845
Moneyball,tt1210166
Mongol,tt0416044
MonkeyBusiness,tt0022158
MonkeyBusiness1952,tt0044916
MonkeyTrouble,tt0110557
Monkeybone,tt0166276
MonsieurVerdoux,tt0039631
MonsieurVincent,tt0039632
MonsoonWedding,tt0265343
MonsterAGoGo,tt0059464
MonsterBrawl,tt1716753
MonsterInLaw,tt0369735
MonsterInTheCloset,tt0091544
MonsterMan,tt2712878
MonsterTrucks,tt3095734
MonsterVerse,tt1453405
MonstersBall,tt0285742
MonteCarlo,tt0021153
MontereyPop,tt0064689
MontyPythonAndTheHolyGrail,tt0071853
MontyPythonLiveAtTheHollywoodBowl,tt0084352
MontyPythonMostlyLiveOneDownFiveToGo,tt3872778
MontyPythonsLifeOfBrian,tt0079470
Moolaade,tt0416991
Moon,tt1182345
MoonOverMiami,tt0033918
MoonOverParador,tt0095654
MoonWarriors,tt0108650
MoonZeroTwo,tt0064691
Moonraker,tt0079574
MoonriseKingdom,tt1748122
Moonstruck,tt0093565
Moontrap,tt0097911
Moonwalker,tt0095655
Moonwalkers,tt2718440
MoreDeadThanAlive,tt0064695
Morgan,tt4520364
Morituri,tt0059470
MorningForTheOsoneFamily,tt0038810
MorningGlory,tt1126618
Morocco,tt0021156
Morozko,tt0058374
MortalKombatAnnihilation,tt0119707
Mortdecai,tt3045616
Mortuary,tt0087746
MoscowCassiopeia,tt0070413
MoscowDoesNotBelieveInTears,tt0079579
MoscowOnTheHudson,tt0087747
Mosquito,tt0113858
MostLikelyToDie,tt4163224
MotelHell,tt0081184
MotherJugsAndSpeed,tt0074923
MotherOfTears,tt0804507
MothersDay,tt4824302
Mothra,tt0055198
MothraVsGodzilla,tt0058379
Mouchette,tt0061996
MoulinRouge,tt0203009
MoulinRouge1952,tt0044926
MountainsMayDepart,tt3740778
MouseHunt,tt0119715
Movie43,tt1333125
MovieCrazy,tt0023241
MovingViolations,tt0089629
MozartAndTheWhale,tt0392465
MrBeansHoliday,tt0453451
MrBrooks,tt0780571
MrDeeds,tt0280590
MrDeedsGoesToTown,tt0027996
MrDestiny,tt0100201
MrDrakesDuck,tt0043821
MrHollandsOpus,tt0113862
MrHolmes,tt3168230
MrHulotsHoliday,tt0046487
MrMagoo,tt0119718
MrMagoriumsWonderEmporium,tt0457419
MrMajestyk,tt0071866
MrMom,tt0085970
MrNoLegs,tt0082775
MrNobody,tt0485947
MrPeabodyAndTheMermaid,tt0040614
MrPoppersPenguins,tt1396218
MrRight,tt2091935
MrSardonicus,tt0055200
MrSkeffington,tt0037094
MrSmithGoesToWashington,tt0031679
MrTurner,tt2473794
MrVampire,tt0089371
MrWoodcock,tt0419984
MrsDoubtfire,tt0107614
MrsHendersonPresents,tt0413015
MrsMiniver,tt0035093
MrsSantaClaus,tt0117103
MrsWinterbourne,tt0117104
Ms45,tt0082776
MuchAdoAboutNothing1993,tt0107616
MuchAdoAboutNothing2012,tt2094064
Mud,tt1935179
Mudbound,tt2396589
MulanRiseOfAWarrior,tt1308138
MulhollandDrive,tt0166924
MulhollandFalls,tt0117107
MultipleManiacs,tt0067454
MultipleSIDosis,tt0272199
Multiplicity,tt0117108
Mumford,tt0140397
Munchhausen,tt0036191
Munich,tt0408306
MuppetTreasureIsland,tt0117110
MuppetsFromSpace,tt0158811
MuppetsMostWanted,tt2281587
MurderAt1600,tt0119731
MurderByDeath,tt0074937
MurderByDecree,tt0079592
MurderByNumbers,tt0264935
MurderMySweet,tt0037101
MurderOnTheOrientExpress1974,tt0071877
MurderOnTheOrientExpress2017,tt3402236
MurderParty,tt0878695
MurdersInTheRueMorgue,tt0023249
MurdersInTheZoo,tt0024360
MurielsWedding,tt0110598
MusicAndLyrics,tt0758766
MusicOfTheHeart,tt0166943
MustLoveDogs,tt0417001
Mutafukaz,tt4717402
MutantChronicles,tt0490181
MutinyOnTheBounty,tt0026752
MutinyOnTheBounty1962,tt0056264
Muttertag,tt0081186
MyAwkwardSexualAdventure,tt2112210
MyBestFriendIsAVampire,tt0095684
MyBestFriendsGirl,tt1046163
MyBestFriendsWedding,tt0119738
MyBigFatGreekWedding,tt0259446
MyBloodyValentine,tt0082782
MyBloodyValentine3D,tt1179891
MyBlueHeaven,tt0100212
MyBossDaughter,tt0270980
MyBoyfriendsBack,tt0107626
MyBreakfastWithBlassie,tt0085979
MyBrilliantCareer,tt0079596
MyCousinRachel,tt4411596
MyCousinVinny,tt0104952
MyDarlingClementine,tt0038762
MyDateWithThePresidentsDaughter,tt0151683
MyDinnerWithAndre,tt0082783
MyDogSkip,tt0156812
MyFairLady,tt0058385
MyFatherTheHero,tt0110612
MyFathersGuests,tt1583303
MyFavoriteBlonde,tt0035100
MyFavoriteBrunette,tt0039645
MyFavoriteWife,tt0029284
MyFavoriteYear,tt0084370
MyFellowAmericans,tt0117119
MyFriendIvanLapshin,tt0084345
MyGirl,tt0102492
MyLeftFoot,tt0097937
MyLifeAsADog,tt0089606
MyLittleEye,tt0280969
MyLuckyStars,tt0089177
MyManGodfrey,tt0028010
MyNameIsBruce,tt0489235
MyNameIsEmily,tt3319018
MyNameIsNobody,tt0070215
MyNightAtMauds,tt0064612
MyOldLady,tt2908856
MyOwnPrivateIdaho,tt0102494
MyPetMonster,tt0400673
MyRainyDays,tt1538401
MyReputation,tt0038765
MySassyGirl,tt0293715
MySistersKeeper,tt1078588
MySoulToTake,tt0872230
MyStepmotherIsAnAlien,tt0095687
MySummerOfLove,tt0382189
MySuperExGirlfriend,tt0465624
MySuperPsychoSweet16,tt1488584
MySweetLittleVillage,tt0090257
MyWeekWithMarilyn,tt1655420
MyWifesRelations,tt0013422
MyWinnipeg,tt1093842
MyraBreckinridge,tt0066115
MysteriousIsland,tt0055207
MysteriousSkin,tt0370986
MysteryDate,tt0102500
MysteryMen,tt0132347
MysteryOfTheWaxMuseum,tt0024368
MysteryTeam,tt1237838
MysteryTrain,tt0097940
MysticPizza,tt0095690
Mythica,tt3405714
Naboer,tt0453383
Nadja,tt0110620
NakedFear,tt0943326
NakedKiller,tt0109412
NakedLunch,tt0102511
NakedWeapon,tt0341495
NamAngels,tt0097954
NannyMcPhee,tt0396752
NanookOfTheNorth,tt0013427
NaomiAndElysNoKissList,tt3282858
NapoleonDynamite,tt0374900
Narc,tt0272207
NateAndHayes,tt0085994
Nathalie,tt0348853
NationalLampoonsChristmasVacation,tt0097958
NationalLampoonsEuropeanVacation,tt0089670
NationalLampoonsMenInWhite,tt0156789
NationalLampoonsVacation,tt0085995
NationalSecurity,tt0271668
NationalTreasure,tt0368891
Nativity,tt1242447
Nativity2DangerInTheManger,tt2089750
Nativity3DudeWheresMyDonkey,tt3558642
NaturalBornKillers,tt0110632
NavajoJoe,tt0061587
NavySEALS,tt0100232
NeNousFachonsPas,tt0059499
NearDark,tt0093605
Nebraska,tt1821549
NecessaryRoughness,tt0102517
Necronomicon,tt0107664
NeedForSpeed,tt2369135
Neighbors2014,tt4438848
Nekromantik,tt0093608
Nell,tt0110638
Nemesis,tt0107668
NeonManiacs,tt0127045
NeptunesDaughter,tt0041687
Nerve,tt3531824
Network,tt0074958
NevadaSmith,tt0060748
NeverBackDown,tt1023111
NeverBeenKissed,tt0151738
NeverCryWerewolf,tt1135933
NeverFear,tt0042783
NeverGiveASuckerAnEvenBreak,tt0033945
NeverLookAway,tt5311542
NeverSayNeverAgain,tt0086006
NeverWeaken,tt0012499
Neverwas,tt0418004
NewBestFriend,tt0191074
NewDragonInn,tt0060635
NewInTown,tt1095174
NewJackCity,tt0102526
NewKids,tt0089679
NewPoliceStory,tt0386005
NewYearsEve,tt1598822
NewYearsEvil,tt0082806
NewYorkMinute,tt0363282
NewYorkNewYork,tt0076451
NewYorkStories,tt0097965
Newsies,tt0104990
Next,tt0435705
Niagara,tt0046126
NiceDreams,tt0082163
NicholasAndAlexandra,tt0067483
NickAndNorahsInfinitePlaylist,tt0981227
NickOfTime,tt0113972
NightAndFog,tt0048434
NightAndTheCity,tt0042788
NightAtTheMuseum,tt0477347
NightCrossing,tt0082810
NightMustFall,tt0029310
NightNurse,tt0022208
NightOfTheBloodBeast,tt0051993
NightOfTheComet,tt0087799
NightOfTheCreeps,tt0091630
NightOfTheDemon,tt0050766
NightOfTheDemons1988,tt0093624
NightOfTheDemons2,tt0110667
NightOfTheDemons2009,tt1268809
NightOfTheDemons3,tt0116073
NightOfTheGhouls,tt0156843
NightOfTheLepus,tt0069005
NightOfTheLivingDead1968,tt0063350
NightOfTheLivingDead1990,tt0100258
NightOfTheLivingDorks,tt0378417
NightOfTheTwisters,tt0117179
NightSchool,tt6781982
NightSchool1981,tt0082812
NightTrainToLisbon,tt1654523
NightTrainToMunich,tt0032842
Nightbreed,tt0100260
Nightcrawler,tt2872718
Nighthawks,tt0082817
Nightmare,tt0082818
Nightmares,tt0086014
NightsOfCabiria,tt0050783
NineAndAHalfWeeks,tt0119576
NineDaysOfOneYear,tt0054803
NineDead,tt0959329
NineDeadGayGuys,tt0336910
NineMonthStretch,tt2853614
NineMonths,tt0113986
NineQueens,tt0247586
NineSongs,tt0025911
Ninja,tt1182921
NinjaAssassin,tt1186367
NinjaCheerleaders,tt0972857
Ninotchka,tt0031725
NinthCompany,tt0417397
Nixon,tt0113987
No,tt2059255
NoBladeOfGrass,tt0066154
NoCountryForOldMen,tt0477348
NoDepositNoReturn,tt0074968
NoEscape,tt1781922
NoGodNoMaster,tt1485761
NoHoldsBarred,tt0097987
NoManOfHerOwn1932,tt0023277
NoManOfHerOwn1950,tt0041694
NoNameOnTheBullet,tt0052002
NoOneLives,tt1763264
NoRegretsForOurYouth,tt0039090
NoRetreatNoSurrender,tt0089695
NoStringsAttached,tt1411238
NoTearsForTheDead,tt3697566
NoWayOut,tt0093640
Noah,tt1959490
NobodyKnows,tt0408664
NocturnalAnimals,tt4550098
NoisesOff,tt0105017
NonStop,tt2024469
NoneButTheLonelyHeart,tt0037135
Noobz,tt1884369
Norbit,tt0477051
NormaRae,tt0079638
NoroiTheCurse,tt0930083
North,tt0110687
NorthByNorthwest,tt0053125
NorthCountry,tt0395972
NorthFace,tt0844457
NorthSeaHijack,tt0081809
NorthSeaTexas,tt1625150
NorthToAlaska,tt0054127
NorthWestFrontier,tt0053126
NorthernSoul,tt1837613
NorthwestPassage,tt0032851
Nostalghia,tt0086022
NotAnotherTeenMovie,tt0277371
NotCool,tt3569356
NotFadeAway,tt1230215
NotQuiteHuman,tt0093649
NotSafeForWork,tt2226495
NotesOnAScandal,tt0465551
Nothing,tt0298482
NothingButAMan,tt0058414
NothingButTrouble,tt0102558
NothingInCommon,tt0091653
NothingSacred,tt0029322
NothingToLose,tt0119807
Notorious,tt0038787
NottingHill,tt0125439
NovaZembla,tt1911607
Novecento,tt0074084
Novitiate,tt4513316
Novocaine,tt0234354
NowAndThen,tt0114011
NowVoyager,tt0035140
NowYouSeeHimNowYouDont,tt0069031
NowYouSeeIt2005,tt0426568
NowYouSeeMe,tt1670345
NowYouSeeMe2,tt3110958
Nowhere,tt0119809
NowhereBoy,tt1266029
NowhereBoysTheBookOfShadows,tt4836736
NowhereInAfrica,tt0161860
Nukie,tt0107715
Numb,tt0795439
NunsOnTheRun,tt0100280
NurseBetty,tt0171580
NuttyProfessorIITheKlumps,tt0144528
O,tt1396484
OBrotherWhereArtThou,tt0190590
OHenrysFullHouse,tt0044981
OSS117CairoNestOfSpies,tt0464913
OSS117LostInRio,tt1167660
OYouth,tt3312830
ObjectiveBurma,tt0037954
Oblivion2013,tt0117223
ObserveAndReport,tt1197628
ObviousChild,tt2910274
Occupation,tt6774786
OceanHeaven,tt1498858
Oceans11,tt0054135
OceansEight,tt5164214
OceansEleven,tt0240772
October,tt7700730
OctoberBaby,tt1720182
OctoberSky,tt0132477
Octopussy,tt0086034
Oculus,tt2388715
OddManOut,tt0039677
OddObsession,tt0052957
OddThomas,tt1767354
OddsAgainstTomorrow,tt0053133
OfUnknownOrigin,tt0086036
OffTheBlack,tt0479965
OfficeChristmasParty,tt1711525
OfficeRomance,tt0076727
OfficeSpace,tt0151804
OfficeUprising,tt6251024
Ogre,tt0118043
OhGod,tt0076489
OhHeavenlyDog,tt0081269
OhWhatALovelyWar,tt0064754
Okja,tt3967856
OldAcquaintance,tt0036230
OlderBrotherYoungerSister,tt0045507
Olga,tt0196811
OlsenBanden,tt0063386
Olympia,tt0030522
OlympusHasFallen,tt2302755
OmenIVTheAwakening,tt0102585
OnBodyAndSoul,tt5607714
OnDangerousGround,tt0043879
OnDeadlyGround,tt0110725
OnDrakon,tt0096329
OnHerMajestysSecretService,tt0064757
OnMoonlightBay,tt0043880
OnTheBowery,tt0050800
OnTheSilverGlobe,tt0093593
OnTheWaterfront,tt0047296
Once,tt0907657
OnceAThief,tt0059540
OnceBitten,tt0089730
OnceUponAHoneymoon,tt0035151
OnceUponASpy,tt0081279
OnceUponATimeInAmerica,tt0087843
OnceUponATimeInChina,tt0103285
OnceUponATimeInMexico,tt0285823
OnceUponATimeInShanghai,tt2290567
OnceUponATimeInTheWest,tt0064116
OnceWereWarriors,tt0110729
OneArmedBoxer,tt0067009
OneArmedSwordsman,tt0061597
OneCrazySummer,tt0091680
OneDayInSeptember,tt0230591
OneEyedJacks,tt0055257
OneFlewOverTheCuckoosNest,tt0073486
OneFootInHeaven,tt0033980
OneForTheMoney,tt1598828
OneHourPhoto,tt0265459
OneHourWithYou,tt0023303
OneHundredAndOneDalmatians1996,tt0115433
OneHundredAndTwoDalmatians,tt0211181
OneHundredBloodyAcres,tt2290065
OneHundredGirls,tt0029347
OneMagicChristmas,tt0089731
OneMillionYearsBC,tt0060782
OneMissedCall,tt0479968
OneMoreTomorrow,tt0038802
OneNightAtMcCools,tt0203755
OneNightOfLove,tt0025601
OneNightStand1997,tt0119832
OneNightSurprise,tt3013126
OneNightWithTheKing,tt0430431
OneOfOurAircraftIsMissing,tt0035153
OneOfOurDinosaursIsMissing,tt0075016
OneSurvivorRemembers,tt0114044
OneTrueThing,tt0120776
OneWayPassage,tt0023305
OneWonderfulSunday,tt0039871
OngBak,tt0368909
Onibaba,tt0058430
OnlyAngelsHaveWings,tt0031762
OnlyGodForgives,tt1602613
OnlyLoversLeftAlive,tt1714915
OnlyOldMenAreGoingToBattle,tt0070861
OnlyTheBrave,tt3829920
OnlyTheStrong,tt0107750
OnlyTheValiant,tt0043885
OnlyYou,tt0110737
Onmyoji,tt0355857
OpenGrave,tt2071550
OpenGraves,tt0870937
OpenRange,tt0316356
OpenYourEyes,tt0125659
Opera,tt0093677
OperationChromite,tt4939066
OperationDaybreak,tt0075019
OperationDumboDrop,tt0114048
OperationEndgame,tt1268987
OperationFinale,tt5208252
OperationPetticoat,tt0053143
OperationThunderbolt,tt0076398
OperationYAndShuriksOtherAdventures,tt0059550
OrangeCounty,tt0273923
OrcWars,tt2333508
OrcaTheKillerWhale,tt0060737
Ordet,tt0048452
Orgazmo,tt0124819
OriginalSin2001,tt0218922
Orlando,tt0107756
Orphan,tt1148204
OrphansOfTheStorm,tt0012532
Orpheus,tt0041719
Osama,tt0368913
OsmosisJones,tt0181739
OtherLife,tt4693358
OtherPeoplesMoney,tt0102609
Ouija,tt1204977
OuijaOriginOfEvil,tt4361050
OurBlushingBrides,tt0021223
OurDailyBread,tt0025610
OurDancingDaughters,tt0019237
OurHospitality,tt0014341
OurIdiotBrother,tt1637706
OurLittleSister,tt3756788
OurManFlint,tt0059557
OurMothersHouse,tt0062089
OurRobocopRemake,tt3528906
OutAtTheWedding,tt0757361
OutCold,tt0253798
OutForJustice,tt0102614
OutOfAfrica,tt0089755
OutOfReach,tt0377100
OutOfSight,tt0120780
OutOfTheFurnace,tt1206543
OutOfThePast,tt0039689
Outbreak,tt0114069
Outland,tt0082869
Outpost,tt0892899
Outrage,tt1462667
OutwardBound,tt0021225
OverTheEdge,tt0079688
Overboard,tt1563742
OvernightDelivery,tt0117276
OzTheGreatAndPowerful,tt1623205
P2,tt0804516
PCU,tt0110759
PacificHeights,tt0100318
PacificRim,tt1663662
PacificRimUprising,tt2557478
Paddington,tt1109624
Paddington2,tt4468740
Padmaavat,tt5935704
PadrePadrone,tt0076517
PageEight,tt1797469
PageOneInsideTheNewYorkTimes,tt1787777
Paid,tt0021228
PaidInFull,tt0259484
PaintYourWagon,tt0064782
Paisan,tt0038823
PalJoey,tt0050815
PaleFlower,tt0056327
PaleRider,tt0089767
PalmTreesInTheSnow,tt3202202
Pan,tt3332064
PandoraAndTheFlyingDutchman,tt0043899
PandorasBox,tt0018737
Pandorum,tt1188729
PanicInTheStreets,tt0042832
PannaANetvor,tt0078054
PansLabyrinth,tt0457430
Panther,tt0114084
Paparazzi,tt0338325
PaperHeart,tt1331064
PaperTowns,tt3622592
PaperbackHero,tt0180037
Paradise,tt0084469
ParadiseRoad,tt0119859
Parallels,tt3479316
Paranoiac,tt0057401
ParanormalActivity,tt1179904
Parents,tt0098068
Pariah,tt1233334
ParisIsBurning,tt0100332
ParisJeTAime,tt0401711
ParisTexas,tt0087884
ParisWhenItSizzles,tt0058453
Parker,tt1904996
PartingGlances,tt0091725
PartyMonster,tt0320244
PasDeDeux,tt0063417
PassageToMarseille,tt0037166
Passchendaele,tt1092082
Passenger57,tt0105104
PassingFancy,tt0023937
Passion,tt1829012
PassportToPimlico,tt0041737
PastoralToDieInTheCountry,tt0071406
PatGarrettAndBillyTheKid,tt0070518
PatchAdams,tt0129290
Patchwork,tt4929720
Paterson,tt5247022
PathToWar,tt0218505
PatherPanchali,tt0048473
Pathfinder,tt0446013
PathsOfGlory,tt0050825
PatriotGames,tt0105112
PatriotsDay,tt4572514
Patton,tt0066206
PattyHearst,tt0095836
Paul,tt1092026
PaulApostleOfChrist,tt7388562
PaulBlartMallCop,tt1114740
PaulMcCartneyReallyIsDead,tt1683472
Paulie,tt0125454
PaulineAtTheBeach,tt0086087
PawnSacrifice,tt1596345
PayItForward,tt0223897
Payback,tt0120784
Paycheck,tt0338337
Peacock,tt1188113
PearlHarbor,tt0213149
Pecker,tt0126604
PeeWeesBigAdventure,tt0089791
PeepingTom,tt0054167
PeggySueGotMarried,tt0091738
PekingOperaBlues,tt0090952
PelleTheConqueror,tt0093713
Penelope,tt0472160
PennAndTellerGetKilled,tt0098073
PennySerenade,tt0034012
PepeLeMoko,tt0029453
Peppermint,tt6850820
PercyJacksonAndTheOlympians,tt0814255
PerfectCreature,tt0403407
PerfectSense,tt1439572
PerfectStranger,tt4901306
Performance,tt0066214
PerriersBounty,tt1003034
Persecuted,tt1761005
PersonalShopper,tt4714782
Persuasion,tt0844330
Pet,tt1183374
PeterPan,tt0316396
PeterRabbit,tt5117670
PetersFriends,tt0105130
PetesDragon1977,tt0076538
PetesDragon2016,tt2788732
Petulia,tt0063426
PeurSurLaVille,tt0073535
Phantasm,tt0079714
PhantomOfTheMegaplex,tt0266850
PhantomOfTheOpera1943,tt0036261
PhantomOfTheParadise,tt0071994
PhantomThread,tt5776858
Pharaoh,tt0060401
PhaseIV,tt0070531
PhatGirlz,tt0490196
Phenomena,tt0087909
Phenomenon,tt0117333
Phffft,tt0047349
Philanthropy,tt0314067
Philomena,tt2431286
Phone,tt0323630
PhoneBooth,tt0183649
Pi,tt0138704
Piccadilly,tt0020269
Pickpocket,tt0053168
PickupOnSouthStreet,tt0046187
Pieces,tt0082748
PierrotLeFou,tt0059592
Pieta,tt2299842
PigsAndBattleships,tt0054709
Pilgrimage,tt3531202
PimpernelSmith,tt0034027
Pin,tt0095871
PineappleExpress,tt0910936
PingPongPlaya,tt0991167
PinkFlamingos,tt0069089
Piranha,tt0078087
Piranha3D,tt0464154
Piranha3DD,tt1714203
PiranhaPartTwoTheSpawning,tt0082910
Pirates,tt0091757
PiratesOfSiliconValley,tt0168122
PiratesOfTheCaribbeanAtWorldsEnd,tt0449088
PiratesOfTheCaribbeanDeadMansChest,tt0383574
PiratesOfTheCaribbeanDeadMenTellNoTales,tt1790809
PiratesOfTheCaribbeanOnStrangerTides,tt1298650
PiratesOfTheCaribbeanTheCurseOfTheBlackPearl,tt0325980
PiratesOfTheGreatSaltLake,tt0477065
PitchPerfect,tt1981677
PixelPerfect,tt0393596
Pixels,tt2120120
Pixote,tt0082912
PlacesInTheHeart,tt0087921
Placido,tt0055310
Plan9FromOuterSpace,tt0052077
PlanBScheissAufPlanA,tt6333284
PlanesTrainsAndAutomobiles,tt0093748
PlanetOfTheApes2001,tt0063442
PlanetOfTheDinosaurs,tt0078089
PlanetTerror,tt1077258
Platoon,tt0091763
PlayDirty,tt0063443
PlayItAgainSam,tt0069097
PlayMistyForMe,tt0067588
PlayingByHeart,tt0145734
PlayingItCool,tt2139555
Playtime,tt0062136
Pleasantville,tt0120789
PleaseStandBy,tt4652650
PleasuresOfTheFlesh,tt0059159
PlunkettAndMacleane,tt0134033
PocketfulOfMiracles,tt0055312
Pod,tt3541080
PodPeople,tt1361318
PoeticJustice,tt0107840
PointOfNoReturn,tt0107843
PointOfOrder,tt0058481
PoisonBerryInMyBrain,tt4063438
PoisonIvy,tt0105156
PokerNight,tt2548208
Polaroid,tt5598292
PoliceAcademy,tt0087928
PoliceStory,tt0089374
PolishWedding,tt0119910
PolitePeople,tt1479688
Poltergeist,tt0084516
PoltergeistIII,tt0095889
PoltergeistIITheOtherSide,tt0091778
Polyester,tt0082926
Pompeii,tt1921064
Pontypool,tt1226681
PoolboyDrowningOutTheFury,tt1693843
PoolhallJunkies,tt0273982
PoorAlbertAndLittleAnnie,tt0071639
PootieTang,tt0258038
Popcorn,tt0102690
PopeJohnPaulII,tt0475999
Popeye,tt0081353
PopeyeDoyle,tt0091780
PopstarNeverStopNeverStopping,tt3960412
Populaire,tt2070776
Population436,tt0462482
PorkChopHill,tt0053183
Porkys,tt0084522
PortraitOfJason,tt0062144
PortraitOfJennie,tt0040705
Poseidon,tt0409182
Posse,tt0107863
Possession,tt0082933
Potiche,tt1521848
PouicPouic,tt0057422
PoultrygeistNightOfTheChickenDead,tt0462485
Pound,tt0066234
Powder,tt0114168
PowerRangers2017,tt3717490
PowersOfTen,tt0078106
PracticalMagic,tt0120791
PrairieFever,tt1160018
Prancer,tt0098115
PrayersForBobby,tt1073510
PreachersKid,tt1328913
PreachingToThePerverted,tt0119935
Precious,tt0929632
Predator,tt0093773
Predator2,tt0100403
Predators,tt1424381
Predestination,tt2397535
PrehistoricWomen,tt0062150
PremiumRush,tt1547234
Premonition,tt0477071
PresumedInnocent,tt0100404
PretAPorter,tt0110907
PrettyBaby,tt0078111
PrettyCool,tt0251951
PrettyCoolToo,tt0496373
PrettyMaidsAllInARow,tt0067610
PrettyPersuasion,tt0381505
PrettyWoman,tt0100405
PreyForRockAndRoll,tt0307351
PrickUpYourEars,tt0093776
Pride,tt3169706
PrideAndPrejudice1940,tt0032943
PrideAndPrejudice2005,tt0414387
PrideAndPrejudiceALatterDayComedy,tt0366920
PrideAndPrejudiceAndZombies,tt1374989
PrimalFear,tt0117381
PrimeCut,tt0069121
Primer,tt0390384
PrinceCaspian,tt0499448
PrinceCharming,tt0261203
PrinceOfDarkness,tt0093777
PrinceOfPersiaTheSandsOfTime,tt0473075
PrinceOfSpace,tt0053464
PrinceOfTheCity,tt0082945
PrinceValiant1954,tt0047365
PrinceValiant1997,tt0119947
Princess,tt1603900
PrincessCyd,tt6053440
PrincessORourke,tt0036277
PrincessOfThieves,tt0272790
PrincessProtectionProgram,tt1196339
PrincessYangKweiFei,tt0048820
Prison,tt0095904
PrisonerOfTheMountains,tt0116754
Prisoners,tt1392214
PrisonersOfTheLostUniverse,tt0086141
PrivateBenjamin,tt0081375
Privilege,tt0062155
PrizzisHonor,tt0089841
ProWrestlersVsZombies,tt2240046
ProblemChild,tt0100419
ProfessorMarstonAndTheWonderWomen,tt6133130
ProjectA,tt0085127
ProjectALF,tt0117397
ProjectAlmanac,tt2436386
ProjectMetalBeast,tt0114193
ProjectMoonbase,tt0046213
Prom,tt1604171
PromNightIIITheLastKiss,tt0098136
PromNightIVDeliverUsFromEvil,tt0105179
Prometheus,tt1446714
Prophecy,tt0079758
Prospect,tt7946422
Proteus,tt0114196
Psycho,tt0054215
PsychoBeachParty,tt0206226
PsychoCop,tt0095922
PsychoCopReturns,tt0107894
PsychoII,tt0086154
PsychoIII,tt0091799
PsychoIVTheBeginning,tt0102724
PublicEnemies,tt1152836
Puhdistus,tt1714205
Pulgasari,tt0089851
PullMyDaisy,tt0052100
Pulse,tt0454919
PumaMan,tt0081693
PumpUpTheVolume,tt0100436
Pumpkinhead,tt0095925
PumpkinheadAshesToAshes,tt0780593
PumpkinheadBloodFeud,tt0790816
PumpkinheadIIBloodWings,tt0110913
Pumzi,tt1508328
PunchDrunkLove,tt0272338
PunisherWarZone,tt0450314
PuppetMaster,tt0098143
PureLuck,tt0102729
Purgatory,tt0158131
PurpleNoon,tt0054189
PurpleRain,tt0087957
Push,tt0465580
Pusher,tt0117407
PutneySwope,tt0064855
Python,tt0209264
Quadrophenia,tt0079766
QuantumApocalypse,tt1265621
QuantumOfSolace,tt0830515
Quarantine,tt1082868
Quartet,tt1441951
Queen,tt3322420
QueenChristina,tt0024481
QueenOfBlood,tt0060877
QueenOfKatwe,tt4341582
QueenOfOuterSpace,tt0052104
QueenOfTheDamned,tt0238546
QueensLogic,tt0102741
QuestForFire,tt0082484
QuestOfTheDeltaKnights,tt0107910
Quigley,tt0350022
QuigleyDownUnder,tt0102744
Quills,tt0180073
Quintet,tt0079770
QuizShow,tt0110932
R100,tt2914838
RBG,tt7689964
REC,tt1038988
ROTOR,tt3839266
RV,tt0449089
Raazi,tt7098658
RabbitProofFence,tt0252444
RabidDogs,tt0071275
RabidGrannies,tt0098157
Rabies,tt1754000
RaceForTheYankeeZephyr,tt0082968
RaceToWitchMountain,tt1075417
RaceWithTheDevil,tt0073600
RachelGettingMarried,tt1084950
RachelRachel,tt0063483
RacingDaylight,tt0840363
RacingStripes,tt0376105
RacketGirls,tt0043954
Rad,tt0091817
RadarMenFromTheMoon,tt0045064
RadarSecretService,tt0042874
Radio,tt0316465
RadioDays,tt0093818
RadioFlyer,tt0105211
RadioRebel,tt2008633
RadioactiveDreams,tt0091818
RagingBull,tt0081398
RagingPhoenix,tt1551621
RaidersOfTheLostArk,tt0082971
RainMan,tt0095953
Rainbow,tt4088588
RaiseTheRedLantern,tt0101640
RaiseTheTitanic,tt0081400
RaiseYourVoice,tt0361696
RaisingArizona,tt0093822
RaisingCain,tt0105217
RaisingHelen,tt0350028
Rakka,tt6990734
RamboFirstBloodPartII,tt0089880
RamboIII,tt0095956
RamboIV,tt0462499
RamonaAndBeezus,tt0493949
Ran,tt0089881
RanchoNotorious,tt0045070
RandomHarvest,tt0035238
Ransom,tt0117438
RapturePalooza,tt1879032
RareExportsAChristmasTale,tt1401143
Rashomon,tt0042876
RasputinTheMadMonk,tt0059635
RatsNightOfTerror,tt0086176
Ratter,tt3836512
Raw,tt4954522
RawDeal,tt0091828
RawheadRex,tt0091829
Ray,tt0350258
RazorBladeSmile,tt0159693
Razorback,tt0087981
ReAnimator,tt0089885
ReachForTheSky,tt0049665
ReadItAndWeep,tt0494716
ReadMyLips,tt0274117
ReadyPlayerOne2018,tt1677720
ReadyToRumble,tt0217756
RealGenius,tt0089886
RealSteel,tt0433035
RealWomenHaveCurves,tt0296166
RealityBites,tt0110950
ReapTheWildWind,tt0035244
RearWindow,tt0047396
RebelWithoutACause,tt0048545
RebirthOfMothra,tt0117089
RebirthOfMothra2,tt0133104
RebirthOfMothra3,tt0189764
RecordOfATenementGentleman,tt0039651
Red,tt1245526
RedCliff,tt0425637
RedDust,tt0023382
RedHeadedWoman,tt0023385
RedHeat,tt0095963
RedLion,tt0063995
RedNightmare,tt0050261
RedPlanet,tt0199753
RedRidingHood,tt1486185
RedRiver,tt0040724
RedRockWest,tt0105226
RedScorpion,tt0098180
RedSonja,tt0089893
RedSparrow,tt2873282
RedState,tt0873886
RedTails,tt0485985
RedWerewolfHunter,tt1626201
Redacted,tt0937237
Redbelt,tt1012804
Reds,tt0082979
ReeferMadness,tt0028346
ReeferMadnessTheMusical,tt0404364
Reeker,tt0393635
ReformSchoolGirls,tt0091836
Regeneration,tt0120001
ReignOfFire,tt0253556
ReignOverMe,tt0490204
Reincarnation,tt0456630
ReindeerGames,tt0184858
RelativeFear,tt0110965
Religulous,tt0815241
Remember,tt3704050
RememberMe,tt1403981
RememberTheNight,tt0032981
RememberTheTitans,tt0210945
RemoWilliamsTheAdventureBegins,tt0089901
RenaissanceMan,tt0110971
Repast,tt0043801
Repeaters,tt1580426
Replicant,tt0238552
RepoChick,tt1379734
RepoMen,tt1053424
RepoTheGeneticOpera,tt0963194
Report,tt0130976
ReportFromTheAleutians,tt0036301
Repossessed,tt0100475
Reptilicus,tt0056405
Repulsion,tt0059646
RequiemForAHeavyweight,tt0056406
ReservoirDogs,tt0105236
ResidentEvil,tt0120804
ResidentEvilAfterlife,tt1220634
ResidentEvilApocalypse,tt0318627
ResidentEvilExtinction,tt0432021
ResidentEvilRetribution,tt1855325
ResidentEvilTheFinalChapter,tt2592614
Resolution,tt1977895
Restrepo,tt1559549
ResurrectingTheChamp,tt0416185
Retroactive,tt0117468
ReturnOfTheFly,tt0053219
ReturnOfTheHero,tt7064498
ReturnOfTheLivingDeadNecropolis,tt0411805
ReturnOfTheLivingDeadPartII,tt0095990
ReturnOfTheLivingDeadRaveToTheGrave,tt0411806
ReturnToHorrorHigh,tt0093854
ReturnToHouseOnHauntedHill,tt0827782
ReturnToMayberry,tt0091846
ReturnToMe,tt0122459
ReturnToOz,tt0089908
ReturnToSleepawayCamp,tt0382943
ReturnWithHonor,tt0176093
Revanche,tt0100485
RevengeOfTheCreature,tt0048554
RevengeOfTheNerds,tt0088000
RevengeOfThePinkPanther,tt0078163
RevengeOfTheSith,tt0121766
ReversalOfFortune,tt0100486
ReverseRunner,tt2071567
Revolver,tt0365686
Rhinestone,tt0088001
RhymesForYoungGhouls,tt2385195
RichardIII,tt0114279
RickiAndTheFlash,tt3623726
Ricochet,tt0102789
RicomincioDaTre,tt0081427
Riddick,tt1411250
RideACrookedTrail,tt0052135
RideClearOfDiablo,tt0047411
RideTheHighCountry,tt0056412
RideThePinkHorse,tt0039768
RideWithTheDevil,tt0134154
Ridicule,tt0117477
RidingInCarsWithBoys,tt0200027
Rififi,tt0048021
RightAtYourDoor,tt0458367
RighteousKill,tt1034331
Rigoletto,tt0092580
RigorMortis,tt2771800
RikiOhTheStoryOfRicky,tt0102293
RingOfTerror,tt0056415
Rings,tt0498381
RioBravo,tt0053221
RioGrande,tt0042895
RioLobo,tt0066301
RipperLetterFromHell,tt0268579
RiseBloodHunter,tt0389328
RiseOfThePlanetOfTheApes,tt1318514
Risen,tt3231054
RiskyBusiness,tt0086200
RiversEdge,tt0091860
RoadGames,tt0083000
RoadHard,tt3110770
RoadHouse,tt0088008
RoadToHell,tt1253859
RoadToMorocco,tt0035262
RoadToPerdition,tt0257044
RoadToZanzibar,tt0034116
Roadracers,tt0111002
RobRoy,tt0114287
Roberta,tt0026942
RobinAndMarian,tt0075147
RobinHoodMenInTights,tt0107977
RobinHoodPrinceOfThieves,tt0102798
RobinsonCrusoeOnMars,tt0058530
RobinsonCrusoeland,tt0117496
RoboCop2,tt0100502
RoboCop2014,tt5809396
RoboCop3,tt0107978
RoboGeisha,tt1381512
Robot,tt1305797
RobotHolocaust,tt0093872
RobotJox,tt0102800
RobotMonster,tt0046248
RobotWars,tt0107979
Robotropolis,tt1754438
RoccoAndHisBrothers,tt0054248
RockAndRollHighSchool,tt0079813
RockAroundTheClock,tt0049682
RockMonster,tt1095027
RockNRollNightmare,tt0093873
RockOfAges,tt1336608
RockSlyde,tt1258154
RockStar,tt1839596
RocketAttackUSA,tt0055380
RocketshipXM,tt0042897
RocknRoll,tt5351818
RocknRolla,tt1032755
Rockula,tt0100506
Rocky,tt0075148
RockyBalboa,tt0479143
RockyII,tt0079817
RockyIII,tt0084602
RockyIV,tt0089927
RockyV,tt0100507
Rodan,tt0049782
RogerDodger,tt0299117
RogueOne,tt3748528
RoleModels,tt0430922
RollBounce,tt0403455
Rollerball,tt0073631
Rollercoaster,tt0076636
RolliAmazingTales,tt0102824
RollingThunder,tt0076637
RomanHoliday,tt0046250
RomanJIsraelEsq,tt6000478
Romance,tt0194314
RomancingTheStone,tt0088011
RomeOpenCity,tt0038890
RomeoAndJuliet1936,tt0028203
RomeoAndJuliet1968,tt0063518
RomeoIsBleeding,tt0107983
RomeoMustDie,tt0165929
Romeos,tt1830792
RomperStomper,tt0105275
RomyAndMichelesHighSchoolReunion,tt0120032
Ronin,tt0122690
RookieOfTheYear,tt0107985
RoomAtTheTop,tt0053226
RoomInRome,tt1263750
RoosterCogburn,tt0073636
RoryOSheaWasHere,tt0417791
RoseHobart,tt0138758
RosemarysBaby,tt0063522
Rosewater,tt2752688
Rosita,tt1617178
RoughNight,tt4799050
Rounders,tt0128442
RoundhayGardenScene,tt0392728
Roxanne,tt0093886
Rubber,tt1612774
RubinAndEd,tt0102817
RubySparks,tt1839492
Rudy,tt0108002
RugglesOfRedGap,tt0026955
RumbleInTheBronx,tt0113326
Rumpelstiltskin,tt0114306
RunAllNight,tt2199571
RunFatboyRun,tt0425413
RunLolaRun,tt0130827
RunSilentRunDeep,tt0052151
Runaway,tt0088024
RunawayBride,tt0163187
RunawayJury,tt0313542
RunawayTrain,tt0089941
RunningOnEmpty,tt0096018
RunningScared1986,tt0091875
RunningScared2006,tt0404390
RurouniKenshinKyotoInferno,tt3029558
RurouniKenshinTheLegendEnds,tt3029556
Rushmore,tt0128445
RussianArk,tt0318034
RussianTerminator,tt0100531
RustlersRhapsody,tt0089945
RuthlessPeople,tt0091877
RyansDaughter,tt0066319
S1m0ne,tt0258153
SAGACurseOfTheShadow,tt2250234
SDarko,tt1231277
SLCPunk,tt0133189
SOB,tt0083015
SSTDeathFlight,tt0076650
SStorm,tt5998744
SWAT,tt1655424
Saboteur,tt0035279
Sabretooth,tt0284445
SadakoVsKayako,tt5309954
SadieThompson,tt0019344
Sadko,tt0046264
SafeHouse,tt1087472
SafeInHell,tt0022335
SafetyLast,tt0014429
SafetyNotGuaranteed,tt1862079
SailorOfTheKing,tt0046267
Salesman,tt0064921
SalmonFishingInTheYemen,tt1441952
SaloOrThe120DaysOfSodom,tt0073650
Salt,tt0944835
SaltOfTheEarth,tt3674140
Salvador,tt0091886
Salvage,tt0492754
SalvationBoulevard,tt1251743
Sam,tt1309379
SamWasHere,tt5736592
SamaritanGirl,tt0397619
SamuraiCop,tt0130236
SamuraiIIDuelAtIchijojiTemple,tt0048579
SamuraiIMusashiMiyamoto,tt0047444
SamuraiRebellion,tt0061847
SanAndreas,tt2126355
SanFrancisco1936,tt0028216
Sanctum,tt0881320
Sanjuro,tt0056443
SansSoleil,tt0084628
SanshiroSugata,tt0036400
SanshiroSugataPartII,tt0038268
SanshoTheBailiff,tt0047445
SantaAndTheIceCreamBunny,tt0138074
SantaBaby,tt0772185
SantaClausConquersTheMartians,tt0058548
SantaClausIsAStinker,tt0084555
SantaClausTheMovie,tt0089961
SantaSangre,tt0098253
SantaWithMuscles,tt0117550
SantasSlay,tt0393685
SantoVsLaHijaDeFrankestein,tt0067707
Santoalla,tt5816712
SarahsKey,tt1668200
Saratoga,tt0029516
Sartana,tt0063568
SatanMetALady,tt0028219
SatansLittleHelper,tt0380687
Satansbraten,tt0075165
Satantango,tt0111341
SaturdayNightAndSundayMorning,tt0054269
SaturdayNightFever,tt0076666
Saturn3,tt0079285
Savaged,tt2378453
Savageland,tt3899154
Savages,tt1615065
SavannahSmiles,tt0084633
SaveTheGreenPlanet,tt0354668
SaveYourLegs,tt1764581
SavingChristmas,tt4009460
SavingFace,tt0384504
SavingMrBanks,tt2140373
SavingPrivateRyan,tt0120815
SavingSarahCain,tt0918557
SavingSilverman,tt0239948
Savior,tt0120070
Saw3D,tt1477076
SawII,tt0432348
SawIII,tt0489270
SawIV,tt0890870
SawV,tt1132626
SawVI,tt1233227
SayAWordForPoorHussar,tt0081256
SayAnything,tt0098258
SayItIsntSo,tt0239949
Sayonara,tt0050933
Scalps,tt0091897
ScannerCop,tt0111082
Scanners,tt0081455
ScannersIIITheTakeover,tt0105322
ScannersIITheNewOrder,tt0102848
Scaramouche1923,tt0014440
Scarecrow,tt0085335
Scarecrows,tt0096046
ScaredStiff,tt0091898
ScarletStreet,tt0038057
ScarsOfDracula,tt0067713
ScaryMovie,tt0175142
ScaryOrDie,tt1833879
ScavengerHunt1979,tt0079858
ScentOfAWoman,tt0105323
SchindlersList,tt0108052
SchoolOfRock,tt0332379
SchoolOfTheHolyBeast,tt0224077
SchoolTies,tt0105327
ScoobyDooCurseOfTheLakeMonster,tt1618435
ScoobyDooMonstersUnleashed,tt0331632
ScoobyDooTheMysteryBegins,tt1258157
Scoop,tt0457513
ScotlandPA,tt0265713
ScottPilgrimVsTheWorld,tt0446029
ScoutsGuideToTheZombieApocalypse,tt1727776
Scream,tt0117571
Scream2,tt0120082
Scream3,tt0134084
Scream4,tt1262416
ScreamBloodyMurder,tt0070654
Screamers,tt0114367
ScreamersTheHunting,tt1214983
Scrooged,tt0096061
Scum,tt0079871
Se7en,tt0114369
SeaOfLove,tt0098273
Seabiscuit,tt0329575
Searching,tt7668870
SearchingForBobbyFischer,tt0108065
SearchingForSugarMan,tt2125608
SeasonOfTheWitch,tt0479997
SecondString,tt0194342
SecondhandLions,tt0327137
Seconds,tt0060955
SecretAgentSuperDragon,tt0060956
SecretBeyondTheDoor,tt0040766
SecretHonor,tt0088074
SecretReunion,tt1535491
SecretWindow,tt0363988
Secretariat,tt1028576
Secretary,tt0274812
SecretsOfAnActress,tt0030727
SecretsOfTheHeart,tt0120090
SeeNoEvil,tt0437179
SeeNoEvil2,tt3106120
SeeNoEvilHearNoEvil,tt0098282
SeedOfChucky,tt0387575
SeekingAFriendForTheEndOfTheWorld,tt1307068
Selena,tt0120094
Selfless,tt2140379
Selma,tt1020072
SemiPro,tt0839980
Senna,tt1424432
SenseAndSensibility,tt0114388
Senso,tt0047469
SeparateTables,tt0052182
September,tt0469641
SeraphimFalls,tt0479537
Serena,tt1247690
Serenade,tt0049737
Serendipity,tt0240890
SergeantYork,tt0034167
SerialMom,tt0111127
Series7TheContenders,tt0251031
Serpico,tt0070666
Session9,tt0261983
SetItOff,tt0117603
SetItUp,tt5304992
SevenBeauties,tt0075040
SevenBridesForSevenBrothers,tt0047472
SevenChances,tt0016332
SevenDaysInHell,tt0058576
SevenPounds,tt0814314
SevenPsychopaths,tt1931533
SevenSamurai,tt0047478
SevenSwords,tt0429078
SevenWaysFromSundown,tt0054296
SevenYearsInTibet,tt0120102
SeventeenAgain,tt0194422
SeventhHeaven,tt0029539
SeventyOne,tt2614684
Severance,tt0464196
SexAndDeath101,tt0497972
SexDrive,tt1135985
SexLiesAndVideotape,tt0098724
SexMission,tt0088083
Sextette,tt0078238
SexyBeast,tt0203119
SexyEvilGenius,tt1801096
SgtBilko,tt0117608
SgtKabukimanNYPD,tt0117609
SgtPeppersLonelyHeartsClubBand,tt0078239
ShadowOfADoubt,tt0036342
ShadowOfTheThinMan,tt0034172
ShadowOfTheVampire,tt0189998
ShadowPeople,tt1764647
Shadowboxer,tt0396857
Shadowlands,tt0108101
Shadows,tt0053270
ShadowsAndFog,tt0105378
ShadowsOfForgottenAncestors,tt0058642
Shaft,tt0067741
ShakesTheClown,tt0102898
ShakespeareInLove,tt0138097
Shakma,tt0100589
ShallWeDance,tt0358135
ShallowGrave,tt0111149
ShallowHal,tt0256380
Shame,tt1723811
Shampoo,tt0073692
Shane,tt0046303
ShanghaiExpress,tt0023458
ShanghaiNoon,tt0184894
Shaolin,tt1533749
ShaolinSoccer,tt0286112
ShaolinWoodenMen,tt0075201
Shara,tt0363060
SharkAttack,tt0222355
SharkAttack3Megalodon,tt0313597
SharkInVenice,tt1087474
SharkNight,tt1633356
Sharknado,tt2724064
Sharknado2TheSecondOne,tt3062074
Sharknado3OhHellNo,tt3899796
Sharknado5GlobalSwarming,tt6298780
SharknadoThe4thAwakens,tt4831420
Sharktopus,tt1619880
SharkysMachine,tt0083064
ShatteredGlass,tt0323944
ShaunOfTheDead,tt0365748
SheDevil,tt0098309
SheDoneHimWrong,tt0024548
SheHateMe,tt0384533
SheWolfOfLondon,tt0038934
SheWoreAYellowRibbon,tt0041866
ShebaBaby,tt0073697
Shenandoah,tt0059711
SherlockHolmes2009,tt0988045
SherlockHolmesAGameOfShadows,tt1515091
SherlockHolmesAndTheDeadlyNecklace,tt0056480
SherlockHolmesInNewYork,tt0075208
ShermansMarch,tt0091943
Sherrybaby,tt0423169
ShesAllThat,tt0160862
ShesOutOfControl,tt0098308
ShesOutOfMyLeague,tt0815236
ShesTheMan,tt0454945
ShinGodzilla,tt4262980
Shine,tt0117631
ShiningThrough,tt0105391
ShinjukuIncident,tt1075419
ShipOfFools,tt0059712
Shiri,tt0192657
Shiver,tt0087798
Shivers,tt0073705
Shoah,tt0090015
ShockCorridor,tt0057495
ShockEmDead,tt0102910
ShockTreatment,tt0083067
ShockWaves,tt0076704
Shocker,tt0098320
ShockingDark,tt0098321
Shockwave,tt5847286
Shoeshine,tt0038913
ShootEmUp,tt0822854
ShootOutAtMedicineBend,tt0050963
ShootThePianoPlayer,tt0054389
Shoplifters,tt8075192
ShortCuts,tt0081363
ShortTerm12,tt2370248
Shortbus,tt0367027
ShortcutToHappiness,tt0263265
Shorts,tt1100119
ShotCaller,tt4633690
ShoulderArms,tt0009611
ShoutAtTheDevil,tt0075214
ShowDogs,tt5691024
ShowMeLove,tt0150662
ShowPeople,tt0019379
ShowdownInLittleTokyo,tt0102915
Showgirls,tt0114436
Showtime,tt0284490
ShriekIfYouKnowWhatIDidLastFridayTheThirteenth,tt0212235
Shrooms,tt0492486
Shutter,tt0440803
ShutterIsland,tt1130884
Shuttle,tt0880648
ShyPeople,tt0093964
Siberiade,tt0079907
Sicario,tt3397884
SicarioDayOfTheSoldado,tt5052474
SicilianGhostStory,tt5375434
Sicko,tt0386032
Sidekicks,tt0105402
SidewalkStories,tt0098325
SidewalksOfNewYork,tt0239986
Sideways,tt0375063
SiegeOfTheDead,tt0086636
SiegeOfTheSaxons,tt0057500
SierraBurgessIsALoser,tt3120280
Sightseers,tt2023690
Signs,tt0286106
Silence,tt0490215
Silenced,tt2070649
SilentFall,tt0111187
SilentHill,tt0384537
SilentHillRevelation3D,tt0938330
SilentHouse,tt1767382
SilentMovie,tt0075222
SilentNightDeadlyNight,tt0088117
SilentNightDeadlyNight5TheToyMaker,tt0105410
SilentNightDeadlyNightPart2,tt0093974
SilentRage,tt0084684
SilentRunning,tt0067756
SilkStockings,tt0050972
Silkwood,tt0086312
SilverBullet,tt0090021
SilverLiningsPlaybook,tt1045658
SilverLode,tt0047495
SilverStreak,tt0075223
Silverado,tt0090022
SimonAndTheOaks,tt1375669
SimonOfTheDesert,tt0059719
SimonSez,tt0168172
SinCityADameToKillFor,tt0458481
SinNombre,tt1127715
SinTakesAHoliday,tt0021377
SinbadAndTheEyeOfTheTiger,tt0076716
SinbadOfTheSevenSeas,tt0098333
SinbadTheSailor,tt0039826
SinceYouWentAway,tt0037280
SingStreet,tt3544112
Singham,tt1948150
SinginInTheRain,tt0045152
SingleWhiteFemale,tt0105414
Singles,tt0105415
Sinister,tt1922777
SinkTheBismarck,tt0054310
Sint,tt1167675
Sirens,tt0111201
SisterAct,tt0105417
SixDaysSevenNights,tt0120828
SixMoralTales,tt0071359
SixStringSamurai,tt0118736
SixteenCandles,tt0088128
Skammen,tt0063611
SkateKitchen,tt7545566
Skidoo,tt0063612
SkinTrade,tt1641841
SkyCaptainAndTheWorldOfTomorrow,tt0346156
Skyfall,tt1074638
Skyline,tt1564585
Skyscraper,tt5758778
Slacker,tt0102943
SladeInFlame,tt0072993
SlapHerShesFrench,tt0187512
SlapTheMonsterOnPageOne,tt0070641
Slashers,tt0286975
SlaughterHigh,tt0091969
SlaveOfLove,tt0075119
SleepawayCamp,tt0086320
SleepawayCampIIITeenageWasteland,tt0096119
SleepawayCampIIUnhappyCampers,tt0096118
Sleeper,tt0070707
Sleepers,tt0117665
SleepingBeauty2011,tt1588398
SleepingDogsLie,tt0492492
SleepingWithTheEnemy,tt0102945
SleeplessInSeattle,tt0108160
Sleepover,tt0368975
SleepwalkWithMe,tt2077851
Sleepwalkers,tt0105428
SleepyHollow1999,tt0162661
SleepyHollowHigh,tt0232657
SlenderMan,tt5690360
SlidingDoors,tt0120148
Slither,tt0439815
Sliver,tt0108162
SlowWest,tt3205376
Slugs,tt0093995
SlumberPartyMassacreII,tt0093996
SlumberPartyMassacreIII,tt0100639
SlumdogMillionaire,tt1010048
SlumsOfBeverlyHills,tt0120831
SmallFaces,tt0114474
SmallSoldiers,tt0122718
SmallTimeCrooks,tt0196216
SmallerAndSmallerCircles,tt7512304
SmartHouse,tt0192618
Smashed,tt2063781
SmettoQuandoVoglioAdHonorem,tt5897292
SmettoQuandoVoglioMasterclass,tt5897288
SmilesOfASummerNight,tt0048641
SmileyFace,tt0780608
SmilinThrough,tt0023488
Smoke,tt0114478
SmokeSignals,tt0120321
SmokeyAndTheBandit,tt0076729
SmokinAces,tt0475394
SmokinAces2AssassinsBall,tt1319743
Smolensk,tt6038600
SnakeEyes,tt0120832
SnakeInTheEaglesShadow,tt0078252
SnakesOnAPlane,tt0417148
Snatch,tt0208092
Sneakers,tt0105435
Snitch,tt0882977
SnowCake,tt0448124
SnowDogs,tt0281373
SnowFallingOnCedars,tt0120834
SnowWhiteATaleOfTerror,tt0119227
SnowWhiteAndTheHuntsman,tt1735898
SnowWhiteAndTheThreeStooges,tt0055458
Snowden,tt3774114
Snuff102,tt0984118
SnuffMovie,tt0403267
SoClose,tt0300620
SoIMarriedAnAxeMurderer,tt0108174
SoUndercover,tt1766094
SoYoungSoBad,tt0042982
Soapdish,tt0102951
Society,tt0098354
Solace,tt1291570
Solarbabies,tt0091981
Soldier,tt0120157
SoldierBlue,tt0066390
SoldierOfOrange,tt0076734
Solo,tt3778644
SolomonKane,tt0970452
SomeCameRunning,tt0052218
SomeKindOfWonderful,tt0094006
SomeLikeItHot,tt0053291
SomebodyUpThereLikesMe,tt0049778
SomethingBorrowed,tt0491152
SomethingNew,tt0437777
SomethingNew1920,tt0197903
SomethingWicked,tt1327601
SomethingWild,tt0091983
SomethingsGottaGive,tt0337741
SometimesInApril,tt0400063
Somewhere,tt1421051
SomewhereInTime,tt0081534
Sommersby,tt0108185
SonOfDracula,tt0036376
SonOfFrankenstein,tt0031951
SonOfGod,tt3210686
SonOfGodzilla,tt0061856
SonOfRambow,tt0845046
SonOfSaul,tt3808342
SonOfTheBride,tt0292542
SonOfTheMask,tt0362165
Sonatine,tt0108188
SongOfTheSouth,tt0038969
SonsOfTheDesert,tt0024601
SophieSchollTheFinalDays,tt0426578
SophiesChoice,tt0084707
Sorcerer,tt0076740
Sorceress,tt0086340
SororityBoys,tt0279781
SororityRow,tt1232783
SorryToBotherYou,tt5688932
SorryWrongNumber,tt0040823
SoulKitchen,tt1244668
SoulSurfer,tt1596346
SoulsForSale,tt0014497
Soultaker,tt0100665
SoundOfMyVoice,tt1748207
SoundOfTheMountain,tt0047682
SourGrapes,tt0120838
Southbound,tt4935334
SouthernComfort,tt0083111
SouthlandTales,tt0405336
Southpaw,tt1798684
SouthsideWithYou,tt4258698
SoylentGreen,tt0070723
SpaceAmoeba,tt0065776
SpaceBattleshipYamato,tt1477109
SpaceCamp,tt0091993
SpaceCop,tt3892384
SpaceCowboys,tt0186566
SpaceIsThePlace,tt0072195
SpaceJam,tt0117705
SpaceMutiny,tt0096149
SpacePeople,tt0049900
SpaceTruckers,tt0120199
Spaceballs,tt0094012
SpacedInvaders,tt0100666
SpacehunterAdventuresInTheForbiddenZone,tt0086346
Spanglish,tt0371246
SpankingTheMonkey,tt0111252
Sparkle,tt1876451
Sparrows,tt3823018
Spartan,tt0360009
Spawn,tt0120177
SpecialBulletin,tt0086350
SpecialCorrespondents,tt4181052
SpecialWhenLit,tt1511532
Species,tt0114508
SpeciesII,tt0120841
Spectral,tt2106651
Spectre,tt2379713
Speed,tt0111257
Speed2CruiseControl,tt0120179
Speedy,tt0019412
Spellbound,tt0038109
Sphere,tt0120184
SpiceWorld,tt0120185
Spider,tt0278731
SpiderBabyOrTheMaddestStoryEverTold,tt0058606
SpiderMan1,tt0145487
SpiderMan2,tt0316654
SpiderMan3,tt0413300
SpiderManHomecoming,tt2250912
Spiders,tt1659216
SpidersIIBreedingGround,tt0282179
Spielberg,tt7133092
Spies,tt0072107
SpiesLikeUs,tt0090056
SpiritsOfTheDead,tt0063715
SpiteMarriage,tt0020442
Splash,tt0088161
SplendorInTheGrass,tt0055471
Splice,tt1017460
Splinter,tt1031280
Split,tt4972582
SplittingHeirs,tt0108207
SpontaneousCombustion,tt0098375
Spotlight,tt1895587
Spring,tt3395184
SpringSummerFallWinterAndSpring,tt0374546
Spy,tt3079380
SpyGame,tt0266987
SpyHard,tt0117723
SpyKids1,tt0227538
SpyKids2IslandOfLostDreams,tt0287717
SpyKids3DGameOver,tt0338459
SpyKidsAllTheTimeInTheWorld,tt1517489
Squatters,tt2359307
Squirm,tt0075261
StElmosFire,tt0090060
StTrinians,tt0964587
StTrinians2TheLegendOfFrittonsGold,tt1210106
StageFright1950,tt0042994
StageFright2014,tt2190838
StageFrightAquarius,tt0092576
Stagecoach,tt0031971
Stakeout,tt0094025
Stalag17,tt0046359
StalagLuft,tt0108210
Stalin,tt0105462
Stalker,tt0079944
StandAndDeliver,tt0094027
StandByMe,tt0092005
StandClearOfTheClosingDoors,tt2405372
StandIn,tt0029605
StandUpGuys,tt1389096
StandingOvation,tt1303803
Star80,tt0086355
StarTrekBeyond,tt2660888
StarTrekFirstContact,tt0117731
StarTrekGenerations,tt0111280
StarTrekIIITheSearchForSpock,tt0088170
StarTrekIITheWrathOfKhan,tt0084726
StarTrekIVTheVoyageHome,tt0092007
StarTrekInsurrection,tt0120844
StarTrekIntoDarkness,tt1408101
StarTrekNemesis,tt0253754
StarTrekVITheUndiscoveredCountry,tt0102975
StarTrekVTheFinalFrontier,tt0098382
StarWarsEwokAdventures,tt0087225
Starcrash,tt0079946
Stardust,tt0486655
StardustMemories,tt0081554
StargateContinuum,tt0929629
StargateTheArkOfTruth,tt0942903
Starman,tt0088172
StarredUp,tt2567712
StarryEyes,tt2793490
StarshipInvasions,tt0076760
StarshipTroopers,tt0120201
StarshipTroopers2HeroOfTheFederation,tt0367093
StarshipTroopers3Marauder,tt0844760
Starstruck,tt1579247
StartTheRevolutionWithoutMe,tt0066402
StarterForTen,tt0477095
StateAndMain,tt0120202
StateFair,tt0038116
StateOfPlay,tt0473705
StatesOfGrace,tt0100685
Static,tt0298130
StationForTwo,tt0084873
StationsOfTheCross,tt3465916
StatusUpdate,tt5692390
Stay,tt0371257
StayAlive,tt0441796
StayingAlive,tt0086361
StealingHarvard,tt0265808
Stealth,tt0382992
SteamboatBillJr,tt0019421
Steel,tt0120207
SteelDawn,tt0094033
SteelFrontier,tt0114537
SteelMagnolias,tt0098384
StellaDallas,tt0029608
StellaMaris,tt0009652
Stephanie,tt3829378
Stepmom,tt0120686
StepsisterFromPlanetWeird,tt0250754
Sterne,tt0053306
SteveJobs,tt2080374
SteveNilesRemains,tt1870527
StickIt,tt0430634
Stigmata,tt0145531
StillAlice,tt3316960
StillCrazy,tt0149151
StillSmokin,tt0086366
Stilyagi,tt1239426
StingraySam,tt1355599
StirCrazy,tt0081562
StirOfEchoes,tt0164181
Stoker,tt1682180
StolenKisses,tt0062695
Stone,tt1423995
StonehearstAsylum,tt1772264
StopLoss,tt0489281
StopMakingSense,tt0088178
StopOrMyMomWillShoot,tt0105477
StormOverAsia,tt0019286
Stormbreaker,tt0457495
StormyWeather,tt0036391
StraightOuttaCompton,tt1398426
StraightToHell,tt0094048
StrangeCargo,tt0033105
StrangeCircus,tt0492784
StrangeDays,tt0114558
StrangeInvaders,tt0086374
StrangeWilderness,tt0489282
StrangerByTheLake,tt2852458
StrangerThanFiction,tt0420223
StrangerThanParadise,tt0088184
StrangersOnATrain,tt0044079
Strapped,tt0108230
StrategicAirCommand,tt0048667
StrayDogKerberosPanzerCops,tt0228457
StreetAngel,tt0019429
StreetFighter,tt0073092
StreetFighterTheLegendOfChunLi,tt0891592
StreetOfShame,tt0048933
StreetTrash,tt0094057
Streetdance,tt1447972
StreetsOfFire,tt0088194
StrictlyBallroom,tt0105488
StrikeCommando,tt0094059
StrikingDistance,tt0108238
Stripes,tt0083131
Striptease,tt0117765
StrokerAce,tt0086379
Stromboli,tt0041931
StrongIsland,tt5873150
Stroszek,tt0075276
StruckByLightning,tt1791614
StuartLittle,tt0164912
StuckInLove,tt2205697
StuckOnYou,tt0338466
StudentBodies,tt0083133
StudentServices,tt1570970
Stunts,tt0076776
Stutterer,tt4817576
SubjectTwo,tt0492912
Submarine,tt1440292
Subspecies,tt0103002
SuburbanCommando,tt0103003
Suburbia,tt0086589
Suburbicon,tt0491175
Suck,tt1323605
SuddenImpact,tt0086383
Suddenly,tt0047542
Suffragette,tt3077214
SuicideClub,tt0312843
SuicideKings,tt0120241
SuicideSquad2016,tt1386697
SukiyakiWesternDjango,tt0906665
SullivansTravels,tt0034240
Sully,tt3263904
SummerCampNightmare,tt0094070
SummerLovers,tt0084737
SummerMagic,tt0057542
SummerOf42,tt0067803
SummerOf84,tt5774450
SummerOfSam,tt0162677
SummerRental,tt0090098
SummerSchool,tt0094072
SummerSchool2006,tt0469979
SummerWithMonika,tt0046345
SundayBloodySunday,tt0067805
SundaySchoolMusical,tt1270792
SundaysAndCybele,tt0055910
SundownTheVampireInRetreat,tt0098412
Sunrise,tt0018455
SunriseAtCampobello,tt0054354
Sunshine,tt0448134
SunshineCleaning,tt0862846
Sunspring,tt5794766
Super,tt1512235
SuperCop,tt0104558
SuperCop2,tt0106544
SuperDarkTimes,tt5112578
SuperFly,tt0069332
SuperMarioBros,tt0108255
SuperSizeMe,tt0390521
Superbad,tt0829482
SuperheroMovie,tt0426592
SupermanII,tt0081573
SupermanIII,tt0086393
SupermanIVTheQuestForPeace,tt0094074
SupermanReturns,tt0348150
Supernova,tt0134983
SupersonicMan,tt0079971
Superstar,tt0167427
Superstition,tt0084739
Supervolcano,tt0419372
SupportTheGirls,tt6859352
SupportYourLocalSheriff,tt0065051
SurfNazisMustDie,tt0094077
SurfNinjas,tt0108258
Surrogates,tt0986263
Surveillance,tt1298649
SurvivalOfTheDead,tt1134854
SurvivalQuest,tt0098415
SurvivingTheGame,tt0111323
SusannahOfTheMounties,tt0031995
SusieQ,tt0117794
Suspect,tt2005374
SuspectZero,tt0324127
Suspicion,tt0034248
SuzannesCareer,tt0056910
SuzhouRiver,tt0234837
Suzy,tt0028330
Swearnet,tt2380564
SweeneyToddTheDemonBarberOfFleetStreet,tt0408236
SweetAndLowdown,tt0158371
SweetCountry,tt6958212
SweetHomeAlabama,tt0256415
SweetMovie,tt0072235
SweetSixteen,tt0313670
SweetSmellOfSuccess,tt0051036
SweetSweetbacksBaadasssssSong,tt0067810
Sweetwater,tt2224004
Swelter,tt2112277
SweptAway,tt0291502
Swimfan,tt0283026
SwimmingWithSharks,tt0114594
SwingHighSwingLow,tt0029626
SwingKids,tt0108265
Swingers,tt0117802
SwingingSafari,tt5473090
SwissArmyMan,tt4034354
SwissFamilyRobinson,tt0054357
Switchback,tt0119210
SwordOfDesperation,tt1606761
Swordfish,tt0244244
Swordsmen,tt1718199
Sybil,tt0075296
SydneyWhite,tt0815244
SylviaScarlett,tt0027067
SymbiopsychotaxiplasmTakeOne,tt0296881
SympathyForMrVengeance,tt0310775
SynecdocheNewYork,tt0383028
Syriana,tt0365737
T2Trainspotting,tt2763304
THX1138,tt0066434
TRexBackToTheCretaceous,tt0163862
Table19,tt1412528
Taegukgi,tt0386064
Tag,tt2854926
TagRiaruOnigokko,tt4439120
TaiChiMaster,tt0108281
TaiChiZero,tt1981080
TakeShelter,tt1675192
TakeTheMoneyAndRun,tt0065063
Taken,tt0936501
Takers,tt1135084
TakingChance,tt1019454
TakingLives,tt0364045
TakingWoodstock,tt1127896
TaleOfTales,tt3278330
TalesFromMuppetlandTheFrogPrince,tt0068613
TalesFromTheHood2,tt8403680
TalesOfAnAncientEmpire,tt1136688
TalesOfHalloween,tt4163020
TalkOfTheTown,tt0035417
TalkToHer,tt0287467
TallTale,tt0111359
TalladegaNightsTheBalladOfRickyBobby,tt0415306
Tamara,tt0401815
Tammy,tt2103254
TammyAndTheTRex,tt0111361
Tampopo,tt0092048
Tangerine,tt3824458
Tangerines,tt2991224
Tanguy,tt0274155
Tank,tt0088224
TankGirl,tt0114614
Tanna,tt4239726
Taps,tt0083169
Tarantula,tt0048696
Targets,tt0063671
TarzanAndHisMate,tt0025862
TarzanTheApeMan1981,tt0083170
TasmanianDevils,tt2180543
TasteOfCherry,tt0120265
TasteTheBloodOfDracula,tt0065073
Tau,tt4357394
TeaAndSympathy,tt0049829
TeachersPet1958,tt0052278
TeachingMrsTingle,tt0133046
TeamAmericaWorldPolice,tt0372588
TearsOfSteel,tt2285752
TearsOfTheSun,tt0314353
Ted,tt1637725
Ted2,tt2637276
TedBundy,tt0284929
TeenAgeStrangler,tt0059786
TeenBeachMovie,tt2325989
TeenWitch,tt0098453
TeenWolf,tt0090142
TeenageCaveman,tt0283043
TeenageCrimeWave,tt0048701
TeenageMutantNinjaTurtles2014,tt1291150
TeenageMutantNinjaTurtlesIII,tt0108308
TeenageMutantNinjaTurtlesIITheSecretOfTheOoze,tt0103060
TeenageMutantNinjaTurtlesOutOfTheShadows,tt3949660
TeenagersFromOuterSpace,tt0053337
Teeth,tt0780622
Tejut,tt1092285
Tekken,tt0411951
Telefon,tt0076804
TellItToTheMarines,tt0018471
TellMeHowIDie,tt5937770
TellNoOne,tt0362225
TempleGrandin,tt1278469
TenCloverfieldLane,tt1179933
TenInchHero,tt0829297
TenItemsOrLess,tt0499603
TenThingsIHateAboutYou,tt0147800
TenThousandBC,tt3397754
TenToMidnight,tt0085121
TenaciousDInThePickOfDestiny,tt0365830
TenderMercies,tt0086423
Tenebre,tt0084777
Teorema,tt0063678
TequilaSunrise,tt0096244
Terminal,tt4463816
TerminalVelocity1994,tt0111400
Terminator2JudgmentDay,tt0103064
Terminator3RiseOfTheMachines,tt0181852
TerminatorGenisys,tt1340138
TerminatorSalvation,tt0438488
Terminus,tt3399896
TermsOfEndearment,tt0086425
Terrifier,tt4281724
TerrorFirmer,tt0169299
TerrorFromTheYear5000,tt0052286
TerrorInATexasTown,tt0052287
TerrorOfMechagodzilla,tt0073373
TerrorTrain,tt0081617
TerrorVision,tt0092074
Tesis,tt0117883
TessOfTheStormCountry,tt0013662
Testament,tt0086429
TestamentOfYouth,tt1441953
Tevya,tt0032012
TexasChainsaw3D,tt1572315
TexasChainsawMassacreTheNextGeneration,tt0110978
Texasville,tt0103069
ThankGodItsFriday,tt0078382
ThankYouForPlaying,tt4190906
ThankYouForSmoking,tt0427944
Thankskilling,tt1129441
ThatAwkwardMoment,tt1800246
ThatColdDayInThePark,tt0065086
ThatDarnCat,tt0059793
ThatHagenGirl,tt0039892
ThatHamiltonWoman,tt0034272
ThatLadyInErmine,tt0040869
ThatLittleBandOfGold,tt0006145
ThatObscureObjectOfDesire,tt0075824
ThatThingYouDo,tt0117887
ThatTouchOfMink,tt0056575
ThatsMyBoy,tt1232200
The300Spartans,tt0055719
The36thChamberOfShaolin,tt0078243
The400Blows,tt0053198
The47Ronin,tt0033654
The5000FingersOfDrT,tt0045464
The6thDay,tt0216216
The7thVoyageOfSinbad,tt0051337
TheABCsOfDeath,tt1935896
TheAbominableDrPhibes,tt0066740
TheAbominableSnowman,tt0050095
TheAbsentMindedProfessor,tt0054594
TheAbyss,tt0096754
TheAccidentalSpy,tt0271946
TheAccidentalTourist,tt0094606
TheAccountant,tt2140479
TheAccountant2001,tt0222675
TheAccused,tt0094608
TheAceOfHearts,tt0011904
TheActOfKilling,tt2375605
TheAdjustmentBureau,tt1385826
TheAdventureOfSherlockHolmesSmarterBrother,tt0072608
TheAdventuresOfBaronMunchausen,tt0096764
TheAdventuresOfBuckarooBanzaiAcrossThe8thDimension,tt0086856
TheAdventuresOfCaptainMarvel,tt0033317
TheAdventuresOfElmoInGrouchland,tt0159421
TheAdventuresOfFordFairlane,tt0098987
TheAdventuresOfMiloAndOtis,tt0097050
TheAdventuresOfPicasso,tt0078084
TheAdventuresOfPinocchio,tt0115472
TheAdventuresOfPlutoNash,tt0180052
TheAdventuresOfPriscillaQueenOfTheDesert,tt0109045
TheAdventuresOfRobinHood,tt0029843
TheAdventuresOfRockyAndBullwinkle,tt0131704
TheAdventuresOfSharkboyAndLavagirl,tt0424774
TheAdventuresOfTartu,tt0035612
TheAffairOfTheNecklace,tt0242252
TheAfflicted,tt1566637
TheAfricanDoctor,tt5555502
TheAfricanQueen,tt0043265
TheAgeOfAdaline,tt1655441
TheAgonyAndTheEcstasy,tt0058886
TheAirIBreathe,tt0485851
TheAlienFactor,tt0075656
TheAlligatorPeople,tt0052549
TheAlphabetKiller,tt0818165
TheAmazingBulk,tt1788453
TheAmazingColossalMan,tt0050118
TheAmazingMrBlunden,tt0068200
TheAmazingPandaAdventure,tt0112342
TheAmazingSpiderMan,tt0948470
TheAmazingSpiderMan2,tt1872181
TheAmazingTransparentMan,tt0053593
TheAmericanAstronaut,tt0243759
TheAmericanFriend,tt0075675
TheAmericanPresident,tt0112346
TheAmericanizationOfEmily,tt0057840
TheAmityvilleCurse,tt0099030
TheAmityvilleHorror1979,tt0078767
TheAmityvilleHorror2005,tt0384806
TheAndromedaStrain,tt0066769
TheAngelsShare,tt1924394
TheAngryRedPlanet,tt0052564
TheAnimal,tt0255798
TheApartment,tt0053604
TheApparition,tt1433822
TheApple,tt0080380
TheAppleDumplingGang,tt0072653
TheAppointmentsOfDennisJennings,tt0094670
TheArtOfWar,tt0160009
TheAscent,tt0075404
TheAsphaltJungle,tt0042208
TheAssassin,tt3508840
TheAssassinationBureau,tt0064045
TheAssassinationOfJesseJamesByTheCowardRobertFord,tt0443680
TheAssassinationOfRichardNixon,tt0364961
TheAssignment1997,tt0118647
TheAssignment2016,tt5034474
TheAssociate,tt0115580
TheAsthenicSyndrome,tt0096841
TheAstroZombies,tt0064048
TheAstronautFarmer,tt0469263
TheAstronautsWife,tt0138304
TheAtomicCafe,tt0083590
TheAutopsyOfJaneDoe,tt3289956
TheAvengingEagle,tt0077868
TheAviator,tt0338751
TheAwakening,tt1687901
TheAwfulTruth,tt0028597
TheBFG,tt3691740
TheBaaderMeinhofComplex,tt0765432
TheBabadook,tt2321549
TheBaby,tt0069754
TheBabySittersClub,tt0112435
TheBabysitter,tt4225622
TheBachelorAndTheBobbySoxer,tt0039169
TheBadAndTheBeautiful,tt0044391
TheBadEducationMovie,tt4660980
TheBadLieutenantPortOfCallNewOrleans,tt1095217
TheBadNewsBears,tt0408524
TheBadSleepWell,tt0054460
TheBadlanders,tt0051393
TheBagman,tt2212008
TheBakersWife,tt0030127
TheBakeryGirlOfMonceau,tt0056884
TheBalladOfCableHogue,tt0065446
TheBalladOfNarayama,tt0084390
TheBandWagon,tt0045537
TheBandsVisit,tt1032856
TheBankDick,tt0032234
TheBankJob,tt0200465
TheBarbarianInvasions,tt0338135
TheBarbarians,tt0092615
TheBarberOfSiberia,tt0120125
TheBarefootContessa,tt0046754
TheBarrens,tt2050633
TheBarrettsOfWimpoleStreet,tt0024865
TheBasketballDiaries,tt0112461
TheBatPeople,tt0071198
TheBattery,tt2272350
TheBattleOfAlgiers,tt0058946
TheBattleOfMidway,tt0034498
TheBattleOfRussia,tt0036629
TheBattleshipIsland,tt5969696
TheBattleshipPotemkin,tt0015648
TheBear,tt0095800
TheBearAndTheDoll,tt0064779
TheBeast,tt0115109
TheBeastInHeat,tt0076649
TheBeastMustDie,tt0071200
TheBeastOfHollowMountain,tt0048992
TheBeastOfWar,tt0094716
TheBeastOfYuccaFlats,tt0054673
TheBeastWithFiveFingers,tt0038338
TheBeastmaster,tt0083630
TheBeatThatMyHeartSkipped,tt0411270
TheBeatniks,tt0053640
TheBeauticianAndTheBeast,tt0118691
TheBeaver,tt1321860
TheBeaverTrilogy,tt0256639
TheBedroomWindow,tt0092627
TheBeguiled,tt5592248
TheBeliever,tt0247199
TheBelievers,tt0092632
TheBelkoExperiment,tt1082807
TheBellboy,tt0053644
TheBellsOfStMarys,tt0037536
TheBespokeOvercoat,tt0049000
TheBestExoticMarigoldHotel,tt1412386
TheBestIntentions,tt0104350
TheBestLittleWhorehouseInTexas,tt0083642
TheBestMan,tt0168501
TheBestOfYouth,tt0346336
TheBestOffer,tt1924396
TheBestTwoYears,tt0377038
TheBestYearsOfOurLives,tt0036868
TheBeyond,tt0082307
TheBigBlue,tt0095250
TheBigBoss,tt0067824
TheBigBus,tt0074205
TheBigChill,tt0085244
TheBigCountry,tt0051411
TheBigEasy,tt0092654
TheBigGayMusical,tt1332100
TheBigGreen,tt0112499
TheBigHeat,tt0045555
TheBigHit,tt0120609
TheBigLebowski,tt0118715
TheBigParade,tt0015624
TheBigRedOne,tt0080437
TheBigRestaurant,tt0100045
TheBigShort,tt1596363
TheBigSick,tt5462602
TheBigSleep,tt0038355
TheBigTease,tt0156639
TheBigTrail,tt0020691
TheBigWedding,tt1931435
TheBigYear,tt1053810
TheBigamist,tt0045557
TheBiggestBundleOfThemAll,tt0062731
TheBirdPeopleInChina,tt0142181
TheBirdWithTheCrystalPlumage,tt0065143
TheBirdcage,tt0115685
TheBirds,tt0056869
TheBirdsTheBeesAndTheItalians,tt0062271
TheBirthOfANation1915,tt0004972
TheBirthOfANation2016,tt4196450
TheBishopsWife,tt0039190
TheBitterTeaOfGeneralYen,tt0023814
TheBitterTearsOfPetraVonKant,tt0068278
TheBlackBellyOfTheTarantula,tt0069343
TheBlackCat,tt0024894
TheBlackDahlia,tt0387877
TheBlackHole,tt0078869
TheBlackPirate,tt0016654
TheBlackRoom,tt5431600
TheBlackScorpion,tt0050197
TheBlackSix,tt4191580
TheBlackSwan1942,tt0034522
TheBlackcoatsDaughter,tt3286052
TheBladeMaster,tt0086972
TheBlairWitchProject,tt0185937
TheBleeding,tt1206881
TheBlingRing,tt2132285
TheBloodBeastTerror,tt0061411
TheBloodOfAPoet,tt0021331
TheBloodOfJesus,tt0033406
TheBloodOnSatansClaw,tt0066849
TheBloodyOlive,tt0130514
TheBlot,tt0094761
TheBlueAngel,tt0020697
TheBlueDahlia,tt0038369
TheBlueGardenia,tt0045564
TheBlueLamp,tt0080453
TheBlueMax,tt0060177
TheBluesBrothers,tt0080455
TheBodySnatcher,tt0037549
TheBodyguardFromBeijing,tt0111835
TheBohemianGirl,tt0027376
TheBoneCollector,tt0145681
TheBoob,tt0016672
TheBoogeyman,tt0080464
TheBookOfEli,tt1037705
TheBookOfHenry,tt4572792
TheBookOfRevelation,tt0424863
TheBoondockSaints,tt0144117
TheBorrower,tt0101502
TheBorrowers1997,tt0118755
TheBorrowers2011,tt1975269
TheBoss,tt2702724
TheBothersomeMan,tt0808185
TheBounty,tt0086993
TheBountyHunter,tt1038919
TheBourneIdentity,tt0258463
TheBourneLegacy,tt1194173
TheBourneSupremacy,tt0372183
TheBourneUltimatum,tt0440963
TheBoyInThePlasticBubble,tt0074236
TheBoyNextDoor,tt3181822
TheBoyWhoCouldFly,tt0090768
TheBoyWhoCriedWerewolf,tt1451423
TheBoysInCompanyC,tt0077270
TheBradyBunchMovie,tt0112572
TheBrainFromPlanetArous,tt0050210
TheBrainThatWouldntDie,tt0052646
TheBrandNewTestament,tt3792960
TheBrassTeapot,tt1935902
TheBraveOne,tt0476964
TheBreakUp,tt0452594
TheBreakfastClub,tt0088847
TheBridesOfDracula,tt0053677
TheBridgeAtRemagen,tt0064110
TheBridgeOnTheRiverKwai,tt0050212
TheBridgesAtTokoRi,tt0046806
TheBroadwayMelody,tt0019729
TheBroken,tt0906734
TheBrokenHeartsClubARomanticComedy,tt0222850
TheBrood,tt0078908
TheBrotherhoodOfSatan,tt0066863
TheBrothersBloom,tt0844286
TheBrothersGrimm,tt0355295
TheBrothersKaramazov1969,tt0051435
TheBrownBunny,tt0330099
TheBruteMan,tt0038387
TheBubble,tt0476643
TheBucketList,tt0825232
TheBuddyHollyStory,tt0077280
TheBullfighters,tt0037563
TheBurbs,tt0096734
TheBurmeseHarp,tt0049012
TheBurning,tt0082118
TheBurningBed,tt0087010
TheBurrowers,tt0445939
TheButchers,tt2349554
TheButtercreamGang,tt0103900
TheButterflyCircus,tt1507355
TheButterflyEffect,tt0289879
TheByeByeMan,tt4030600
TheCabinInTheWoods,tt1259521
TheCabinetOfDrCaligari,tt0010323
TheCableGuy,tt0115798
TheCallOfCthulhu,tt0478988
TheCameraman,tt0018742
TheCampaign,tt1790886
TheCandySnatchers,tt0069840
TheCandyTangerineMan,tt0072759
TheCannonballRun,tt0082136
TheCaptainFromKopenick,tt0049293
TheCaptainHatesTheSea,tt0024951
TheCaptiveHeart,tt0038396
TheCarmillaMovie,tt7427856
TheCarriersAreWaiting,tt0201538
TheCarsThatAteParis,tt0071282
TheCaseForChrist,tt6113488
TheCaseOfTheCuriousBride,tt0026184
TheCaseOfTheHowlingDog,tt0024958
TheCatFromOuterSpace,tt0077305
TheCatInTheHat,tt0312528
TheCatONineTails,tt0065761
TheCatWithHands,tt0371596
TheCatsMeow,tt0266391
TheCave,tt0402901
TheCaveOfTheYellowDog,tt0432325
TheCavern,tt0059022
TheCelebration,tt0154420
TheCell,tt0209958
TheCelluloidCloset,tt0112651
TheCenterOfTheWorld,tt0240402
TheChamp,tt0078950
TheChangeUp,tt1488555
TheChangeling,tt0080516
TheChantOfJimmieBlacksmith,tt0077318
TheChargeOfTheLightBrigade,tt0062790
TheChargeOfTheLightBrigade1936,tt0027438
TheChase,tt0109402
TheChaser,tt1190539
TheCheapDetective,tt0077321
TheChechahcos,tt0014770
TheCheetahGirls,tt0338852
TheCheyenneSocialClub,tt0065542
TheChinaSyndrome,tt0078966
TheChristmasThatAlmostWasnt,tt0059032
TheChristmasToy,tt0099263
TheChroniclesOfRiddick,tt0296572
TheCincinnatiKid,tt0059037
TheCinemaSnobMovie,tt2262221
TheCircus,tt0018773
TheCitadel,tt0029995
TheCityOfLostChildren,tt0112682
TheClass,tt1068646
TheClient,tt0109446
TheClimax,tt0036715
TheClonesOfBruceLee,tt0075859
TheCloverfieldParadox,tt2548396
TheCobbler,tt3203616
TheCobweb,tt0047944
TheCocoanuts,tt0019777
TheColditzStory,tt0047945
TheCollector,tt0844479
TheColorOfFriendship,tt0213565
TheColorOfMoney,tt0090863
TheColorOfPomegranates,tt0063555
TheComedy,tt2112293
TheComedyOfTerrors,tt0056943
TheCommitments,tt0101605
TheCommuter,tt1590193
TheCompanyMen,tt1172991
TheCompanyOfWolves,tt0087075
TheComputerWoreTennisShoes,tt0065566
TheConIsOn,tt4685806
TheCondemned,tt0443473
TheConfirmation,tt4210080
TheCongress,tt1821641
TheConjuring,tt1457767
TheConjuringII,tt3065204
TheConqueror,tt0049092
TheConspiracy,tt2330322
TheConspirator,tt0968264
TheConstantGardener,tt0387131
TheConstantNymph,tt0035751
TheContender,tt0208874
TheConversation,tt0071360
TheCookTheThiefHisWifeAndHerLover,tt0097108
TheCooler,tt0318374
TheCore,tt0298814
TheCorpseGrinders,tt0068414
TheCorpseVanishes,tt0034613
TheCottage,tt0465430
TheCottonClub,tt0087089
TheCounselor,tt2193215
TheCountOfMonteCristo2002,tt0245844
TheCounterfeiters,tt0813547
TheCountryBears,tt0276033
TheCountryGirl,tt0046874
TheCourtJester,tt0049096
TheCourtMartialOfBillyMitchell,tt0047956
TheCove,tt1313104
TheCovenant,tt0475944
TheCowboys,tt0068421
TheCraft,tt0115963
TheCranesAreFlying,tt0050634
TheCrawlingEye,tt0052320
TheCrawlingHand,tt0056961
TheCrazyFamily,tt0087377
TheCreatureWalksAmongUs,tt0049103
TheCreepingTerror,tt0057970
TheCremator,tt0063633
TheCrew,tt4428728
TheCrimsonPirate,tt0044517
TheCrimsonRivers,tt0228786
TheCrowCityOfAngels,tt0115986
TheCrowSalvation,tt0132910
TheCrowWickedPrayer,tt0353324
TheCrush,tt0106627
TheCryingGame,tt0104036
TheCuencaCrime,tt0079007
TheCuriosityOfChance,tt0481273
TheCuriousCaseOfBenjaminButton,tt0421715
TheCurrentWar,tt2140507
TheCurse,tt0092809
TheCurseOfFrankenstein,tt0050280
TheCurseOfTheJadeScorpion,tt0256524
TheCurseOfTheMummysTomb,tt0057986
TheCurseOfTheWerewolf,tt0054777
TheCurtainPole,tt0000840
TheCyclops,tt0050281
TheDamBusters,tt0046889
TheDanishGirl,tt0810819
TheDarjeelingLimited,tt0838221
TheDarkBackward,tt0101660
TheDarkCrystal,tt0083791
TheDarkHorse,tt2192016
TheDarkKnight,tt0468569
TheDarkKnightRises,tt1345836
TheDarkMaidens,tt6064378
TheDarkSideOfChocolate,tt1773722
TheDarkSideOfTheMoon,tt0099364
TheDarkTower2017,tt1648190
TheDarkWind,tt0101664
TheDarkestDawn,tt6017594
TheDarkestHour,tt1093357
TheDarkestMinds,tt4073790
TheDarkness,tt1878841
TheDaughterOfDawn,tt0191066
TheDawnPatrol,tt0020815
TheDawnsHereAreQuiet,tt4629032
TheDayAfter,tt0085404
TheDayAfterTomorrow,tt0319262
TheDayLincolnWasShot,tt0140613
TheDayOfTheTriffids,tt1332653
TheDayTheClownCried,tt0068451
TheDayTheEarthCaughtFire,tt0054790
TheDayTheEarthFroze,tt0053240
TheDayTheEarthStoodStill1951,tt0043456
TheDayTheEarthStoodStill2008,tt0970416
TheDead,tt1386925
TheDeadGirl,tt0783238
TheDeadNextDoor,tt0094962
TheDeadPit,tt0122037
TheDeadPool,tt0094963
TheDeadTalkBack,tt0106682
TheDeadZone,tt0085407
TheDeadlyBees,tt0061557
TheDeadlyDuo,tt0069540
TheDeadlyMantis,tt0050294
TheDeadlySpawn,tt0087998
TheDeathOfStalin,tt4686844
TheDeathsOfIanStone,tt0810823
TheDebt,tt1226753
TheDeclineOfTheAmericanEmpire,tt0090985
TheDeclineOfWesternCivilization,tt0082252
TheDecoyBride,tt1657299
TheDeepBlueSea,tt1700844
TheDeerHunter,tt0077416
TheDefiantOnes,tt6958022
TheDeltaForce,tt0090927
TheDen,tt2503154
TheDentist,tt0116075
TheDeparted,tt0407887
TheDescent,tt0435625
TheDescentPart2,tt1073105
TheDesertRats,tt0045679
TheDeserter,tt0313608
TheDesperateHours,tt0047985
TheDevilAndMaxDevlin,tt0082263
TheDevilAndMissJones,tt0033533
TheDevilBat,tt0032390
TheDevilDoll,tt0027521
TheDevilInside,tt1560985
TheDevilRidesOut,tt0062885
TheDevilsAdvocate,tt0118971
TheDevilsBackbone,tt0256009
TheDevilsBrigade,tt0062886
TheDevilsCandy,tt4935372
TheDevilsCarnival,tt2204379
TheDevilsDouble,tt1270262
TheDevilsOwn,tt0118972
TheDevilsRejects,tt0395584
TheDiamondArm,tt0062759
TheDiaryOfAnneFrank,tt0052738
TheDictator,tt1645170
TheDilemma,tt1578275
TheDinosaurProject,tt1907779
TheDirties,tt2334896
TheDirtyDozen,tt0061578
TheDisappearanceOfAliceCreed,tt1379177
TheDisappearanceOfEleanorRigby,tt3729920
TheDisappointmentsRoom,tt2364897
TheDisasterArtist,tt3521126
TheDiscreetCharmOfTheBourgeoisie,tt0068361
TheDish,tt0205873
TheDistinguishedGentleman,tt0104114
TheDivide,tt1535616
TheDivorceOfLadyX,tt0030063
TheDivorcee,tt0306734
TheDocksofNewYork,tt0018839
TheDoctorTakesAWife,tt0032397
TheDoomGeneration,tt0112887
TheDoor,tt0101761
TheDouble,tt1646980
TheDoubleLifeOfVeronique,tt0101765
TheDove,tt0071438
TheDraughtsmansContract,tt0083851
TheDreamers,tt0309987
TheDresser,tt4247618
TheDressmaker,tt2910904
TheDrillerKiller,tt0079082
TheDriver,tt0077474
TheDrop,tt1600196
TheDrowningGhost,tt0375100
TheDrownsman,tt3450134
TheDuchess,tt0864761
TheDuellists,tt0075968
TheDuff,tt1666801
TheDukeOfBurgundy,tt2570858
TheDungeonmaster,tt0089060
TheDustFactory,tt0329030
TheEagleHasLanded,tt0074452
TheEagleHuntress,tt3882074
TheEarringsOfMadameDe,tt0046022
TheEdge,tt0119051
TheEdgeOfSeventeen,tt1878870
TheEdukators,tt0408777
TheEichmannShow,tt4163668
TheEightDiagramPoleFighter,tt0086606
TheElectricHorseman,tt0079100
TheElementOfCrime,tt0087280
TheElephantMan,tt0080678
TheEliteSquad,tt0861739
TheEmeraldForest,tt0089087
TheEmperorAndTheAssassin,tt0162866
TheEmperorsClub,tt0283530
TheEmperorsNewClothes,tt0282768
TheEmpireStrikesBack,tt0080684
TheEmptyMirror,tt0116192
TheEndOfSummer,tt0055052
TheEndless,tt3986820
TheEndlessSummer,tt0060371
TheEnemyBelow,tt0050356
TheEnforcer,tt0074483
TheEnglishmanWhoWentUpAHillButCameDownAMountain,tt0112966
TheEnigmaOfKasparHauser,tt0071691
TheEntity,tt0082334
TheEqualizer,tt0455944
TheEqualizer2,tt3766354
TheEscapist,tt0961728
TheEvil,tt0083907
TheEvilOfFrankenstein,tt0058073
TheEvilThatMenDo,tt0087222
TheEvilWithin,tt0339736
TheExMrsBradford,tt0027593
TheExorcismOfEmilyRose,tt0404032
TheExorcist,tt0070047
TheExorcistIII,tt0099528
TheExpendables,tt1320253
TheExpendables2,tt1764651
TheExpendables3,tt2333784
TheExpert,tt0097314
TheExterminatingAngel,tt0056732
TheExterminator,tt0080707
TheExterminatorsOfTheYear3000,tt0085514
TheExtraGirl,tt0014029
TheExtraordinaryAdventuresOfAdeleBlancSec,tt1179025
TheEyesOfMyMother,tt5225338
TheFabulousBakerBoys,tt0097322
TheFaceOfAnother,tt0061065
TheFaculty,tt0133751
TheFalconAndTheSnowman,tt0087231
TheFallOfTheHouseOfUsher1928USA,tt0018770
TheFallOfTheRomanEmpire,tt0058085
TheFamilySecret,tt0043521
TheFamilyStone,tt0356680
TheFamilyThatPreys,tt1142798
TheFantasticFour,tt0109770
TheFarCountry,tt0048055
TheFavourite,tt5083738
TheFearlessVampireKillers,tt0061655
TheFencer,tt2534634
TheFiendishPlotOfDrFuManchu,tt0080731
TheFifthElement,tt0119116
TheFifthEstate,tt1837703
TheFighter,tt0964517
TheFightingLady,tt0036823
TheFightingPrinceOfDonegal,tt0060408
TheFinal,tt1390535
TheFinalCountdown,tt0080736
TheFinalGirls,tt2118624
TheFinalSacrifice,tt0131550
TheFinalTerror,tt0082379
TheFinestHours,tt2025690
TheFingerPoints,tt0021865
TheFiremensBall,tt0061781
TheFirm,tt0106918
TheFirstDeadlySin,tt0080738
TheFirstNudieMusical,tt0074533
TheFirstPower,tt0099578
TheFirstPurge,tt6133466
TheFirstWivesClub,tt0116313
TheFisherKing,tt0101889
TheFiveYearEngagement,tt1195478
TheFlamingoKid,tt0087265
TheFleshAndBloodShow,tt0068596
TheFleshEaters,tt0058101
TheFlightOfThePhoenix1965,tt0059183
TheFlightOfThePhoenix2004,tt0377062
TheFlintstones,tt0109813
TheFlintstonesInVivaRockVegas,tt0158622
TheFloorwalker,tt0006689
TheFloridaProject,tt5649144
TheFlyII,tt0097368
TheFlyingDeuces,tt0031322
TheFlyingMan,tt3018700
TheFog,tt0080749
TheFoodOfTheGods,tt0074540
TheFootFistWay,tt0492619
TheFootballFactory,tt0385705
TheForbiddenKingdom,tt0865556
TheForceAwakens,tt2488496
TheForgiven,tt2249081
TheForgotten,tt0356618
TheForsaken,tt0245120
TheFortuneCookie,tt0060424
TheFounder,tt4276820
TheFountain,tt0414993
TheFourFeathers,tt0240510
TheFourHorsemenOfTheApocalypse,tt0054890
TheFourSkullsOfJonathanDrake,tt0052820
TheFourthKind,tt1220198
TheFreakmaker,tt0070423
TheFrenchConnection,tt0067116
TheFriendsOfEddieCoyle,tt0070077
TheFrighteners,tt0116365
TheFront,tt2312718
TheFrontLine,tt2007387
TheFrontPage,tt0071524
TheFrontPage1931,tt0021890
TheFugitive,tt0106977
TheFullMonty,tt0119164
TheFundamentalsOfCaring,tt2452386
TheFuneral,tt0116378
TheFunhouse,tt0082427
TheGalaxyInvader,tt0089185
TheGallows,tt2309260
TheGame,tt0119174
TheGamePlan,tt0492956
TheGamers,tt0419764
TheGamersDorknessRising,tt0447166
TheGamersHandsOfFate,tt2312390
TheGangsAllHere,tt0035916
TheGarage,tt0079193
TheGarbagePailKidsMovie,tt0093072
TheGardenOfTheFinziContinis,tt0065777
TheGate,tt0093075
TheGauntlet,tt0076070
TheGayDivorcee,tt0025164
TheGeneral,tt0017925
TheGeneralsDaughter,tt0144214
TheGetaway,tt0068638
TheGhostAndMrChicken,tt0059221
TheGhostAndMrsMuir,tt0039420
TheGhostAndTheDarkness,tt0116409
TheGhostGoesWest,tt0026406
TheGhostOfFrankenstein,tt0034786
TheGhostOfYotsuya,tt0155278
TheGhostWriter,tt1139328
TheGhoul,tt0073042
TheGiantBehemoth,tt0052611
TheGiantClaw,tt0050432
TheGiantGilaMonster,tt0052846
TheGiantSpider,tt2716062
TheGiantSpiderInvasion,tt0073043
TheGingerbreadMan,tt0119196
TheGingerdeadMan,tt0364376
TheGirlAndTheEcho,tt0194918
TheGirlCantHelpIt,tt0049263
TheGirlFromMonday,tt0388973
TheGirlInLoversLane,tt0052849
TheGirlNextDoor2004,tt0265208
TheGirlWithAllTheGifts,tt4547056
TheGirlWithTheDragonTattoo2011,tt1568346
TheGirlWithThePistol,tt0063485
TheGiver,tt0435651
TheGladiators,tt0064371
TheGlassCastle,tt2378507
TheGlassHouse,tt0221218
TheGleanersAndI,tt0247380
TheGlennMillerStory,tt0047030
TheGoat,tt0012224
TheGoddess,tt0051667
TheGodfather,tt0068646
TheGodfatherPartII,tt0071562
TheGodsMustBeCrazy,tt0080801
TheGodson,tt0165303
TheGoldOfNaples,tt0047313
TheGoldRush,tt0015864
TheGoldenChild,tt0091129
TheGoldenCoach,tt0044487
TheGoldenCompass,tt0385752
TheGoldenVoyageOfSinbad,tt0071569
TheGoodShepherd,tt0343737
TheGoodSon,tt0107034
TheGoodTheBadAndTheUgly,tt0060196
TheGoodTheBadTheWeird,tt0901487
TheGoodThief,tt0281820
TheGoodbyeGirl,tt0076095
TheGoodsLiveHardSellHard,tt1092633
TheGoonies,tt0089218
TheGorgon,tt0058155
TheGospelAccordingToStMatthew,tt0058715
TheGraduate,tt0061722
TheGrandBudapestHotel,tt2278388
TheGrandIllusion,tt0028950
TheGrandSeduction,tt2319580
TheGrandmaster,tt1462900
TheGrapesOfWrath,tt0032551
TheGravedancers,tt0435653
TheGrayMan,tt0478329
TheGreasyStrangler,tt4381236
TheGreatBeauty,tt2358891
TheGreatDictator,tt0032553
TheGreatEscape,tt0057115
TheGreatGatsby1974,tt0071577
TheGreatGatsby2013,tt1343092
TheGreatHoudinis,tt0074587
TheGreatMcGinty,tt0032554
TheGreatMuppetCaper,tt0082474
TheGreatOutdoors,tt0095253
TheGreatRace,tt0059243
TheGreatRaid,tt0326905
TheGreatSilence,tt0063032
TheGreatTrainRobbery,tt0079240
TheGreatWaldoPepper,tt0073075
TheGreatWall,tt2034800
TheGreatWhiteHype,tt0116448
TheGreatYokaiWar,tt0425661
TheGreatZiegfeld,tt0027698
TheGreatestShowOnEarth,tt0044672
TheGreatestShowman,tt1485796
TheGreatestStoryEverTold,tt0059245
TheGreenBerets,tt0063035
TheGreenButchers,tt0342492
TheGreenElephant,tt1003080
TheGreenHornet,tt0990407
TheGreenInferno,tt2403021
TheGreenMile,tt0120689
TheGreenSlime,tt0064393
TheGreyFox,tt0085622
TheGreyZone,tt0252480
TheGrifters,tt0099703
TheGrudge2020,tt0433386
TheGuard,tt1540133
TheGuardian,tt0406816
TheGuernseyLiteraryAndPotatoPeelPieSociety,tt1289403
TheGuest,tt2980592
TheGuillotines,tt1847713
TheGuilty,tt6742252
TheGumballRally,tt0074597
TheGunfighter,tt0042531
TheGunman,tt2515034
TheGuyFromHarlem,tt0175694
TheGuyver,tt0101988
TheGypsyMoths,tt0064397
TheHalfBreed,tt0044681
TheHallelujahTrail,tt0059250
TheHallow,tt2474976
TheHamiltons,tt0443527
TheHandThatRocksTheCradle,tt0104389
TheHandmaiden,tt4016934
TheHandsOfOrlac,tt0015202
TheHangover,tt1119646
TheHappening,tt0949731
TheHappinessOfTheKatakuris,tt0304262
TheHappytimeMurders,tt1308728
TheHarderTheyCome,tt0070155
TheHarderTheyFall,tt0049291
TheHarveyGirls,tt0038589
TheHastyHeart,tt0041445
TheHatefulEight,tt3460252
TheHauntedHouse,tt0012255
TheHauntedMansion,tt0338094
TheHauntingOfMollyHartley,tt1045655
TheHauntingOfWhaleyHouse,tt2396701
TheHawksAndTheSparrows,tt0061132
TheHeartIsDeceitfulAboveAllThings,tt0368774
TheHeartbreakKid1972,tt0068687
TheHeartbreakKid2007,tt0408839
TheHeat,tt2404463
TheHebrewHammer,tt0317640
TheHeiress,tt0041452
TheHellcats,tt0061759
TheHelp,tt1454029
TheHeroicOnes,tt0070684
TheHidden,tt0093185
TheHiddenFortress,tt0051808
TheHideousSunDemon,tt0052888
TheHighSign,tt0012278
TheHillsHaveEyes1977,tt0077681
TheHillsHaveEyes2,tt0800069
TheHillsHaveEyes2006,tt0454841
TheHillsHaveEyesPartII,tt0089274
TheHillsRunRed,tt0907676
TheHindenburg1975,tt0073113
TheHiredHand,tt0067204
TheHistoryOfFutureFolk,tt2245195
TheHitcher,tt0091209
TheHitchhikersGuideToTheGalaxy,tt0371724
TheHitman,tt0102045
TheHitmansBodyguard,tt1959563
TheHive,tt3745906
TheHoax,tt0462338
TheHobbit,tt0077687
TheHobbitAnUnexpectedJourney,tt0903624
TheHobbitTheBattleOfTheFiveArmies,tt2310332
TheHobbitTheDesolationOfSmaug,tt1170358
TheHole,tt0242527
TheHoliday,tt0457939
TheHollywoodKnights,tt0080881
TheHollywoodRevueOf1929,tt0019993
TheHolyMountain,tt0071615
TheHomeTeachers,tt0377071
TheHoneymoonKillers,tt0064437
TheHoodlum,tt0043655
TheHorrorOfFrankenstein,tt0065851
TheHorrorOfPartyBeach,tt0058208
TheHorrorShow,tt0097527
TheHorseWhisperer,tt0119314
TheHospital,tt0067217
TheHost,tt0468492
TheHotChick,tt0302640
TheHotRock,tt0068718
TheHottieAndTheNottie,tt0804492
TheHoundOfTheBaskervilles,tt0031448
TheHouseBunny,tt0852713
TheHouseByTheCemetery,tt0082966
TheHouseILiveIn,tt2125653
TheHouseIsBlack,tt0336693
TheHouseOfRothschild,tt0025272
TheHouseOfTheDevil,tt1172994
TheHouseOfYes,tt0119324
TheHouseOnSororityRow,tt0085694
TheHouseThatDrippedBlood,tt0065854
TheHouseThatDripsBloodOnAlex,tt1691424
TheHouseWithAClockInItsWalls,tt2119543
TheHousemaid1960,tt0150980
TheHousemaid2010,tt1314652
TheHousesOctoberBuilt,tt1958043
TheHowardsOfVirginia,tt0032612
TheHowling,tt0082533
TheHudsuckerProxy,tt0110074
TheHumanCentipede,tt1467304
TheHumanComedy,tt0036022
TheHumanDuplicators,tt0059290
TheHunchbackOfNotreDame1923,tt0014142
TheHunchbackOfNotreDame1939,tt0031455
TheHunchbackOfNotreDame1956,tt0050781
TheHunger,tt0085701
TheHungerGames,tt1392170
TheHungerGamesCatchingFire,tt1951264
TheHungerGamesMockingjay,tt1951266
TheHuntForRedOctober,tt0099810
TheHuntingParty,tt0455782
TheHuntsmanWintersWar,tt2381991
TheHurtLocker,tt0887912
TheIcePirates,tt0087451
TheIceStorm,tt0119349
TheIceman,tt1491044
TheIdesOfMarch,tt1124035
TheIdiots,tt0154421
TheIdleClass,tt0012304
TheIllusionist,tt0443543
TheImaginariumOfDoctorParnassus,tt1054606
TheImitationGame,tt2084970
TheImmaculateConceptionOfLittleDizzle,tt1039786
TheImmigrant,tt1951181
TheImpossible,tt1649419
TheImpostors,tt0120823
TheInLaws,tt0314786
TheInbetweeners2,tt3097204
TheIncident,tt0061814
TheIncredibleBurtWonderstone,tt0790628
TheIncredibleHulk,tt0800080
TheIncredibleMeltingMan,tt0076191
TheIncredibleMrLimpet,tt0058230
TheIncredibleShrinkingMan,tt0050539
TheIncrediblyStrangeCreatures,tt0057181
TheIncrediblyTrueAdventureOfTwoGirlsInLove,tt0113416
TheIndependent,tt0160403
TheIndestructibleMan,tt0049363
TheIndianInTheCupboard,tt0113419
TheInfidel,tt1424003
TheIngloriousBastards,tt0076584
TheInitiation,tt0087472
TheInnOfTheSixthHappiness,tt0051776
TheInnkeepers,tt1594562
TheInquestOfPilotPirx,tt0080010
TheInsider,tt0140352
TheInsult,tt7048622
TheIntern,tt2361509
TheInternational,tt0963178
TheInternship,tt2234155
TheInterpreter,tt0373926
TheIntervention,tt4872078
TheIntervention1968,tt0142405
TheInvasion,tt0427392
TheInventionOfLying,tt1058017
TheInvisibleGuest,tt4857264
TheInvisibleManReturns,tt0032635
TheInvisibleWoman1983,tt1700845
TheInvitation,tt2400463
TheIpcressFile,tt0059319
TheIronHorse,tt0015016
TheIronLady,tt1007029
TheIronMask,tt0020030
TheIronyOfFate,tt0987918
TheIsland,tt0399201
TheIslandAtTheTopOfTheWorld,tt0071671
TheIslandOfDrMoreau1977,tt0076210
TheIslandOfDrMoreau1996,tt0116654
TheItalian,tt0005557
TheItalianJob1969,tt0064505
TheItalianJob2003,tt0317740
TheJackal,tt0119395
TheJacket,tt0366627
TheJadeRaksha,tt0063831
TheJaneAustenBookClub,tt0866437
TheJazzSinger,tt0018037
TheJerk,tt0079367
TheJourneyOfNattyGann,tt0089385
TheJudge,tt1872194
TheJudgeAndTheAssassin,tt0073219
TheJungleBook1994,tt0110213
TheJungleBook2016,tt3040964
TheJurassicGames,tt6710826
TheKarateKid1984,tt0087538
TheKarateKidPartII,tt0091326
TheKarateKidPartIII,tt0097647
TheKeep,tt0085780
TheKentuckyFriedMovie,tt0076257
TheKidBrother,tt0018051
TheKidsAreAllRight,tt0842926
TheKiller,tt0097202
TheKillerElite,tt0073240
TheKillerInsideMe,tt0954947
TheKillerShrews,tt0052969
TheKillers,tt0038669
TheKillingFields,tt0087553
TheKillingOfAChineseBookie,tt0074749
TheKillingOfASacredDeer,tt5715874
TheKillingOfJohnLennon,tt0881934
TheKillingRoom,tt1119191
TheKingAndTheClown,tt0492835
TheKingOfComedy,tt0085794
TheKingOfFighters2010,tt1038685
TheKingOfKings,tt0018054
TheKingsChoice,tt4353996
TheKingsOfSummer,tt2179116
TheKingsSpeech,tt1504320
TheKissingBooth,tt3799232
TheKlansman,tt0071721
TheKnackAndHowToGetIt,tt0059362
TheLadiesGetTheirSay,tt1285243
TheLadiesMan,tt0213790
TheLadyEve,tt0033804
TheLadyFromShanghai,tt0040525
TheLadyVanishes,tt0030341
TheLadykillers1955,tt0048281
TheLadykillers2004,tt0335245
TheLairOfTheWhiteWorm,tt0095488
TheLandBeyondTheSunset,tt0000488
TheLandOfFarAway,tt0093543
TheLastAirbender,tt0938283
TheLastBoyScout,tt0102266
TheLastBroadcast,tt0122143
TheLastCastle,tt0272020
TheLastChase,tt0082642
TheLastCircus,tt1572491
TheLastCommand,tt0019071
TheLastDaysOfDisco,tt0120728
TheLastDaysOnMars,tt1709143
TheLastDetail,tt0070290
TheLastDinosaur,tt0076294
TheLastDragon,tt0089461
TheLastEmperor,tt0093389
TheLastExorcism,tt1320244
TheLastFarm,tt0461847
TheLastGangster,tt0029118
TheLastHardMen,tt0074776
TheLastHeist,tt4743562
TheLastHouseOnTheLeft,tt0844708
TheLastJedi,tt2527336
TheLastKingOfScotland,tt0455590
TheLastLegion,tt0462396
TheLastLovecraftRelicOfCthulhu,tt1522262
TheLastMetro,tt0080610
TheLastMimzy,tt0768212
TheLastMovie,tt0067327
TheLastOfMrsCheney,tt0029120
TheLastOfSheila,tt0070291
TheLastOfTheMohicans,tt0104691
TheLastPictureShow,tt0067328
TheLastRemakeOfBeauGeste,tt0076297
TheLastSamurai,tt0325710
TheLastSeduction,tt0110308
TheLastShark,tt0081677
TheLastStand,tt1549920
TheLastStarfighter,tt0087597
TheLastSunset,tt0055073
TheLastSupper,tt0113613
TheLastTemptationOfChrist,tt0095497
TheLastValley,tt0065969
TheLastVoyage,tt0054016
TheLastWagon,tt0049434
TheLastWaltz,tt0077838
TheLastWar,tt0055428
TheLastWave,tt0076299
TheLastWinter,tt0454864
TheLastWitchHunter,tt1618442
TheLavenderHillMob,tt0044829
TheLawnmowerMan,tt0104692
TheLayover,tt4565520
TheLazarusEffect,tt2918436
TheLeagueOfExtraordinaryGentlemen,tt0311429
TheLeagueOfGentlemen,tt0052997
TheLearningTree,tt0064579
TheLedge,tt1535970
TheLeechWoman,tt0054020
TheLegendOfAwesomestMaximus,tt1059887
TheLegendOfBaggerVance,tt0146984
TheLegendOfBillieJean,tt0089470
TheLegendOfBoggyCreek,tt0068837
TheLegendOfHercules,tt1043726
TheLegendOfJohnnyLingo,tt0367960
TheLegendOfLobo,tt0056173
TheLegendOfLylahClare,tt0063219
TheLegendOfTarzan,tt0918940
TheLegendOfThe7GoldenVampires,tt0070297
TheLegendOfTheLoneRanger,tt0082648
TheLegendOfZorro,tt0386140
TheLeopard,tt0057091
TheLeopardMan,tt0036104
TheLibertine2000,tt0214878
TheLibertine2004,tt0375920
TheLifeAndDeathOf9413AHollywoodExtra,tt0131461
TheLifeAndDeathOfColonelBlimp,tt0036112
TheLifeAndDeathOfPeterSellers,tt0352520
TheLifeAndTimesOfJudgeRoyBean,tt0068853
TheLifeAndTimesOfRosieTheRiveter,tt0081053
TheLifeAquaticWithSteveZissou,tt0362270
TheLifeOfDavidGale,tt0289992
TheLifeOfEmileZola,tt0029146
TheLifeOfOharu,tt0045112
TheLimehouseGolem,tt4733640
TheLimey,tt0165854
TheLimitsOfControl,tt1135092
TheLineKingTheAlHirschfeldStory,tt0116886
TheLinguiniIncident,tt0102313
TheLionHasWings,tt0031575
TheLionTheWitchAndTheWardrobe,tt0094500
TheLittleBather,tt0062120
TheLittleColonel,tt0016029
TheLittleDeath,tt2785032
TheLittleGirlWhoLivesDownTheLane,tt0074806
TheLittleHours,tt5666304
TheLittleHut,tt0050646
TheLittleMermaid2018,tt0097757
TheLittleRascals,tt0110366
TheLittleShopOfHorrors,tt0054033
TheLittleVampire,tt0192255
TheLittlestRebel,tt0026641
TheLivesOfABengalLancer,tt0026643
TheLivesOfOthers,tt0405094
TheLivingDaylights,tt0093428
TheLivingDeadAtManchesterMorgue,tt0071431
TheLivingDesert,tt0046008
TheLivingEnd,tt0104745
TheLivingSkeleton,tt0203635
TheLivingWake,tt0489212
TheLobster,tt3464902
TheLoneRanger2013,tt1210819
TheLonelinessOfTheLongDistanceRunner,tt0056194
TheLonelyGuy,tt0087635
TheLonelyLady,tt0085863
TheLonelyVilla,tt0000942
TheLongGoodFriday,tt0081070
TheLongGoodbye,tt0070334
TheLongHotSummer,tt0051878
TheLongKissGoodnight,tt0116908
TheLongShips,tt0057259
TheLongVoyageHome,tt0032728
TheLongestDay,tt0056197
TheLongestNite,tt0168043
TheLongestYard,tt0398165
TheLookOfSilence,tt3521134
TheLookout,tt0427470
TheLordOfTheRingsTheFellowshipOfTheRing,tt0120737
TheLordOfTheRingsTheReturnOfTheKing,tt0167260
TheLordOfTheRingsTheTwoTowers,tt0167261
TheLordsOfSalem,tt1731697
TheLosers,tt0480255
TheLostBattalion,tt0287535
TheLostBladesman,tt1648093
TheLostBoys,tt0093437
TheLostCityOfZ,tt1212428
TheLostCoastTapes,tt1740725
TheLostContinent,tt0063240
TheLostPatrol,tt0025423
TheLostSkeletonOfCadavra,tt0307109
TheLostWeekend,tt0037884
TheLostWorldJurassicPark,tt0119567
TheLoveBug,tt0064603
TheLoveGuru,tt0811138
TheLoveLight,tt0012408
TheLoveNest,tt0014218
TheLoveOfSiam,tt4572820
TheLoveParade,tt0020112
TheLoveWitch,tt3908142
TheLovedOne,tt0059410
TheLovedOnes,tt1316536
TheLovelyBones,tt0380510
TheLover,tt0101316
TheLovesOfABlonde,tt0059415
TheLovesOfHercules,tt0053598
TheLowerDepths1957,tt0050330
TheLuckOfTheIrish,tt0274636
TheLure,tt5278832
TheMachine,tt2317225
TheMachineGirl,tt1050160
TheMachinist,tt0361862
TheMadAdventuresOfRabbiJacob,tt0069747
TheMadMissManton,tt0030396
TheMadMonster,tt0035009
TheMadnessOfKingGeorge,tt0110428
TheMafiaKillsOnlyInTheSummer,tt3374966
TheMagdaleneSisters,tt0318411
TheMagicChristian,tt0064622
TheMagicSword,tt0056211
TheMagnificentAmbersons,tt0035015
TheMagnificentSeven1960,tt0054047
TheMagnificentSeven2016,tt2404435
TheMaidenHeist,tt1107860
TheMajestic,tt0268995
TheMajorAndTheMinor,tt0035019
TheMalibuBikiniShop,tt0089538
TheMalteseFalcon1931,tt0022111
TheMalteseFalcon1941,tt0033870
TheMamboKings,tt0104802
TheManFromColorado,tt0041625
TheManFromEarth,tt0756683
TheManFromLaramie,tt0048342
TheManFromNowhere,tt1527788
TheManFromSnowyRiver,tt0084296
TheManFromUNCLE2015,tt1638355
TheManInGrey,tt0036135
TheManInTheGlassBooth,tt0073345
TheManInTheIronMask,tt0120744
TheManInTheMoon,tt0102388
TheManInTheWhiteSuit,tt0044876
TheManWhoCouldCheatDeath,tt0053041
TheManWhoCouldWorkMiracles,tt0029201
TheManWhoFellToEarth,tt0074851
TheManWhoInventedChristmas,tt6225520
TheManWhoKilledDonQuixote,tt1318517
TheManWhoKnewTooLittle,tt0120483
TheManWhoKnewTooMuch,tt0049470
TheManWhoNeverWas,tt0049471
TheManWhoSavesTheWorld,tt0182060
TheManWhoSawTomorrow,tt0081109
TheManWhoShotLibertyValance,tt0056217
TheManWhoSuedGod,tt0268437
TheManWhoWasntThere1983,tt0085892
TheManWhoWasntThere2001,tt0243133
TheManWhoWouldBeKing,tt0073341
TheManWithOneRedShoe,tt0089543
TheManWithTheGoldenArm,tt0048347
TheManWithTheGoldenGun,tt0071807
TheManWithTheIronFists,tt1258972
TheManWithTheIronHeart,tt3296908
TheManWithTwoBrains,tt0085894
TheManchurianCandidate,tt0368008
TheMangler,tt0113762
TheManhattanProject,tt0091472
TheMansion,tt7029854
TheMarine,tt0419946
TheMarkOfZorro,tt0011439
TheMarkOfZorro1940,tt0032762
TheMarriageChronicles,tt2137376
TheMarriageOfMariaBraun,tt0079095
TheMarryingKind,tt0044888
TheMarryingMan,tt0102411
TheMartian,tt3659388
TheMask,tt0110475
TheMaskOfFuManchu,tt0023194
TheMaskOfZorro,tt0120746
TheMasqueOfTheRedDeath,tt0058333
TheMaster,tt1560747
TheMasterOfDisguise,tt0295427
TheMatchFactoryGirl,tt0098532
TheMatingHabitsOfTheEarthboundHuman,tt0165874
TheMatrixReloaded,tt0234215
TheMatrixRevolutions,tt0242653
TheMatteiAffair,tt0068346
TheMazeRunner2014,tt1790864
TheMedallion,tt0288045
TheMedusaTouch,tt0077921
TheMeg,tt4779682
TheMemphisBelle,tt0036152
TheMenWhoStareAtGoats,tt1234548
TheMenWhoTreadOnTheTigersTail,tt0038182
TheMerryWidow1925,tt0016104
TheMerryWidow1934,tt0025493
TheMessenger,tt0790712
TheMessengerTheStoryOfJoanOfArc,tt0151137
TheMeteorMan,tt0107563
TheMexican,tt0236493
TheMeyerowitzStories,tt5536736
TheMidnightMeatTrain,tt0805570
TheMightyDucks,tt0104868
TheMilagroBeanfieldWar,tt0095638
TheMilkyWay,tt0066534
TheMillAndTheCross,tt1324055
TheMiracleOfMorgansCreek,tt0037077
TheMiracleWoman,tt0022153
TheMirrorHasTwoFaces,tt0117057
TheMiseducationOfCameronPost,tt6257174
TheMisfits,tt0055184
TheMisfortunates,tt1075110
TheMissing,tt3877200
TheMission,tt0091530
TheMolePeople,tt0049516
TheMollyMaguires,tt0066090
TheMoneyPit,tt0091541
TheMonolithMonsters,tt0050720
TheMonster,tt3976144
TheMonsterClub,tt0081178
TheMonsterSquad,tt0093560
TheMonsterThatChallengedTheWorld,tt0050722
TheMonumentsMen,tt2177771
TheMoreTheMerrier,tt0036172
TheMortalInstrumentsCityOfBones,tt1538403
TheMortalStorm,tt0032811
TheMosquitoCoast,tt0091557
TheMostAssassinatedWomanInTheWorld,tt6186696
TheMostBeautiful1944,tt5154896
TheMotherAndTheWhore,tt0070359
TheMothmanProphecies,tt0265349
TheMotorcycleDiaries,tt0318462
TheMountainOfTheCannibalGod,tt0077945
TheMountie,tt5813916
TheMouseThatRoared,tt0053084
TheMummyReturns,tt0209163
TheMummyTombOfTheDragonEmperor,tt0859163
TheMummysHand,tt0032818
TheMummysShroud,tt0062006
TheMuppetChristmasCarol,tt0104940
TheMuppetMovie,tt0079588
TheMuppetMusiciansOfBremen,tt0274678
TheMuppets,tt1204342
TheMuppetsTakeManhattan,tt0087755
TheMurderMan,tt0026739
TheMurdererLivesAtNumber21,tt0034478
TheMusicRoom,tt0051792
TheMusketeersOfPigAlley,tt0002381
TheMutilator,tt0124014
TheMysterians,tt0050251
TheMysteriousLady,tt0019195
TheMysteryOfTheLeapingFish,tt0007108
TheMyth,tt0365847
TheNakedCity,tt0040636
TheNakedGun,tt0095705
TheNakedPrey,tt0060736
TheNakedSpur,tt0044953
TheNamesake,tt0433416
TheNannyDiaries,tt0489237
TheNastyGirl,tt0100557
TheNativityStory,tt0762121
TheNavigator,tt0015163
TheNeanderthalMan,tt0046121
TheNeedle,tt0097561
TheNegotiator,tt0120768
TheNegroSoldier,tt0139491
TheNeighbor,tt3905764
TheNeonDemon,tt1974419
TheNet2016,tt0449077
TheNeverEndingStory,tt0088323
TheNewDaughter,tt0951335
TheNewGirlfriend,tt3184934
TheNewGuy,tt0241760
TheNewLand,tt0069035
TheNewLegendOfShaolin,tt0110054
TheNewTenants,tt1520428
TheNewYorkHat,tt0002391
TheNewYorkRipper,tt0084719
TheNextKarateKid,tt0110657
TheNextThreeDays,tt1458175
TheNiceGuys,tt3799694
TheNightBefore,tt3530002
TheNightEatsTheWorld,tt4266076
TheNightFlier,tt0119784
TheNightOfTheGenerals,tt0062038
TheNightOfTheGrizzly,tt0060754
TheNightOfTheHunter,tt0048424
TheNightPorter,tt0071910
TheNightTheLightsWentOutInGeorgia,tt0082816
TheNinjaMission,tt0087806
TheNinthCircle,tt0053764
TheNinthConfiguration,tt0081237
TheNinthGate,tt0142688
TheNorthAvenueIrregulars,tt0079639
TheNorthStar,tt0036217
TheNotebook,tt0332280
TheNotoriousBettiePage,tt0404802
TheNovemberMan,tt2402157
TheNumber23,tt0481369
TheNumbersStation,tt1659338
TheNun,tt5814060
TheNunsStory,tt0053131
TheNutcrackerIn3D,tt1041804
TheNuttyProfessor1963,tt0057372
TheNuttyProfessor1996,tt0117218
TheObjectOfMyAffection,tt0120772
TheObjective,tt0962711
TheOceanWaif,tt0004413
TheOctagon,tt0081259
TheOddLifeOfTimothyGreen,tt1462769
TheOfficialStory,tt0089276
TheOldDarkHouse1932,tt0023293
TheOldDarkHouse1963,tt0057379
TheOldManAndTheGun,tt2837574
TheOmegaCode,tt0203408
TheOmen,tt0075005
TheOne,tt0267804
TheOneILove,tt2756032
TheOnesBelow,tt4126438
TheOnionMovie,tt0392878
TheOnlySon,tt0027752
TheOpenHouse,tt7608028
TheOppositeOfSex,tt0120777
TheOrganization,tt0067535
TheOriginalKingsOfComedy,tt0236388
TheOrphanage,tt0464141
TheOscar,tt0060801
TheOtherBoleynGirl,tt0467200
TheOtherGuys,tt1386588
TheOtherMe,tt5221894
TheOtherSideOfHeaven,tt0250371
TheOtherSideOfHope,tt5222918
TheOtherSideOfSunday,tt0117817
TheOtherSideOfTheWind,tt0069049
TheOtherSister,tt0123209
TheOtherWoman2014,tt2203939
TheOutlawAndHisWife,tt0008879
TheOutlawJoseyWales,tt0075029
TheOutrage,tt0058437
TheOxBowIncident,tt0036244
TheOysterPrincess,tt0009893
ThePacifier,tt0395699
ThePact,tt2040560
ThePagan,tt0020253
ThePaintedHills,tt0043895
ThePaintedVeil,tt0446755
ThePaleface,tt0040679
ThePalmBeachStory,tt0035169
ThePanicInNeedlePark,tt0067549
ThePaperChase,tt0070509
TheParadineCase,tt0039694
TheParallaxView,tt0071970
TheParentTrap1961,tt0055277
TheParentTrap1998,tt0120783
TheParoleOfficer,tt0283534
TheParty2017,tt0083686
ThePassageOfVenus,tt3155794
ThePassenger,tt0073580
ThePassionOfJoanOfArc,tt0019254
ThePassionOfTheChrist,tt0335345
ThePassionateFriends,tt0041735
ThePatchworkGirlOfOz,tt0004457
ThePatriot,tt0187393
ThePatsy,tt0058456
ThePeacemaker,tt0119874
ThePeanutButterSolution,tt0089789
ThePelicanBrief,tt0107798
ThePenalty,tt0011565
ThePentagonWars,tt0144550
ThePeopleUnderTheStairs,tt0105121
ThePeopleVsLarryFlynt,tt0117318
ThePerezFamily,tt0114113
ThePerfectHost,tt1334553
ThePerfectScore,tt0314498
ThePerfectStorm,tt0177971
ThePerilsOfPauline,tt0039698
ThePest,tt0119887
ThePet,tt1659337
ThePetrifiedForest,tt0028096
ThePhantomCarriage,tt0012364
ThePhantomOfCrestwood,tt0023335
ThePhantomOfParis,tt0022264
ThePhantomOfTheOpera1925,tt0016220
ThePhantomOfTheOpera1962,tt0056347
ThePhantomOfTheOpera1983,tt0086101
ThePhantomOfTheOpera1989,tt0098090
ThePhantomOfTheOpera2004,tt0293508
ThePhantomPlanet,tt0055294
ThePhenixCityStory,tt0048488
ThePhiladelphiaExperiment,tt0087910
ThePhiladelphiaExperimentII,tt0107819
ThePhiladelphiaStory,tt0032904
ThePianist,tt0253474
ThePianoTeacher,tt0254686
ThePictureOfDorianGray1945,tt0037988
ThePiedPiper,tt0069086
ThePilgrim,tt0014358
ThePinkPanther1963,tt0057413
ThePinkPanther2,tt0838232
ThePinkPanther2006,tt0383216
ThePinkPantherStrikesAgain,tt0075066
ThePirate,tt0040694
ThePirateMovie,tt0084504
ThePitAndThePendulum,tt0100369
ThePixarStory,tt1059955
ThePlaceBeyondThePines,tt1817273
ThePlagueOfTheZombies,tt0060841
ThePlayersClub,tt0119905
ThePlayhouse,tt0012570
ThePledge,tt0237572
ThePlowThatBrokeThePlains,tt0122662
ThePokerHouse,tt1014806
ThePolkaKing,tt5539052
ThePoorLittleRichGirl,tt0028118
ThePornographers,tt0262699
ThePoseidonAdventure,tt0069113
ThePossession,tt0431021
ThePossessionOfMichaelKing,tt2282016
ThePost,tt6294822
ThePostman,tt0119925
ThePostmanAlwaysRingsTwice1946,tt0038854
ThePostmanAlwaysRingsTwice1981,tt0082934
ThePoughkeepsieTapes,tt1010271
ThePowerAndTheGlory,tt0024465
ThePredator,tt3829266
ThePresidentsAnalyst,tt0062153
ThePresidentsLastBang,tt0445396
ThePresidio,tt0095897
ThePrestige,tt0482571
ThePrettyOne,tt2140577
ThePrey,tt0086137
ThePrideOfTheYankees,tt0035211
ThePrince,tt1085492
ThePrinceAndMe,tt0337697
ThePrinceAndTheShowgirl,tt0050861
ThePrinceOfTides,tt0102713
ThePrincessAndThePirate,tt0780521
ThePrincessBride,tt0093779
ThePrincessDiaries,tt0247638
ThePrincipal,tt0093780
ThePrisonerOfZenda,tt0029442
ThePrivateLifeOfDonJuan,tt0025681
ThePrivateLifeOfHenryVIII,tt0024473
ThePrivateLifeOfSherlockHolmes,tt0066249
TheProducers,tt0063462
TheProfessional,tt0110413
TheProfessionals,tt0060862
TheProgram,tt0107889
TheProjectedMan,tt0062159
TheProphecy,tt0114194
TheProphecy3TheAscent,tt0183678
TheProphecyII,tt0118643
TheProposal,tt1041829
TheProposition,tt0421238
TheProwler,tt0082951
ThePublicEnemy,tt0022286
ThePumpkinKarver,tt0810444
ThePuppetMasters,tt0111003
ThePurchasePrice,tt0023362
ThePurgeAnarchy,tt2975578
ThePurgeElectionYear,tt4094724
ThePurpleRoseOfCairo,tt0089853
ThePursuitOfHappyness,tt0454921
ThePyramid,tt2799166
TheQueen,tt0436697
TheQuest,tt0117420
TheQuickAndTheDead,tt0114214
TheQuiet,tt0414951
TheQuietEarth,tt0089869
TheQuietMan,tt0045061
TheQuietOnes,tt2235779
TheRM,tt1867101
TheRacket,tt0043955
TheRadiolandMurders,tt0110939
TheRageCarrie2,tt0144814
TheRageInPlacidLake,tt0305999
TheRaid,tt2265171
TheRailrodder,tt0059631
TheRainPeople,tt0064873
TheRapture,tt0102757
TheRazorsEdge,tt0038873
TheReaping,tt0444682
TheRebelSet,tt0053213
TheRebound,tt1205535
TheRecklessMoment,tt0041786
TheRecovered,tt0979435
TheRecruit,tt0292506
TheRedBalloon,tt0048980
TheRedBaron,tt0365675
TheRedKimono,tt0016276
TheRedPill,tt3686998
TheRedSpectacles,tt0228456
TheRedViolin,tt0120802
TheReef,tt1320291
TheReluctantDragon,tt0034091
TheReplacementKillers,tt0120008
TheReplacements2000,tt0191397
TheResurrectionOfBronchoBilly,tt0066294
TheReturnOfCaptainInvincible,tt0086189
TheReturnOfMartinGuerre,tt0084589
TheReturnOfSwampThing,tt0098193
TheReturnOfTheLivingDead,tt0089907
TheReturnOfTheMusketeers,tt0098194
TheReturnOfThePinkPanther,tt0072081
TheReturnOfTheTallBlondMan,tt0072080
TheRevenant,tt1663202
TheRevengeOfFrankenstein,tt0050894
TheRewrite,tt2509850
TheRezort,tt3923662
TheRichMansWife,tt0117473
TheRickshawMan,tt0051955
TheRider,tt6217608
TheRightStuff,tt0086197
TheRingTwo,tt0377109
TheRinger,tt0267891
TheRisingOfTheMoon,tt0050902
TheRite,tt1161864
TheRitual,tt5638642
TheRiverWild,tt0110997
TheRoadToWellville,tt0111001
TheRoaringTwenties1939,tt0031867
TheRobe,tt0046247
TheRocker,tt1031969
TheRocketeer,tt0102803
TheRockyHorrorPictureShow,tt0073629
TheRockyHorrorPictureShowLetsDoTheTimeWarpAgain,tt1267299
TheRoommate,tt1265990
TheRose,tt0079826
TheRover,tt2345737
TheRoyalTenenbaums,tt0265666
TheRuins,tt0963794
TheRulesOfTheGame,tt0031885
TheRulingClass,tt0069198
TheRumDiary,tt0376136
TheRunaways,tt1017451
TheRundown,tt0327850
TheRunningMan,tt0093894
TheRussiaHouse,tt0100530
TheRussiansAreComingTheRussiansAreComing,tt0060921
TheSacrament,tt2383068
TheSacrifice,tt0091670
TheSaddestMusicInTheWorld,tt0366996
TheSalesman,tt5186714
TheSaltonSea,tt0235737
TheSalvation,tt2720680
TheSand,tt3399484
TheSandPebbles,tt0060934
TheSandlot,tt0108037
TheSantaClause,tt0111070
TheSapphires,tt1673697
TheSaragossaManuscript,tt0059643
TheSaratovApproach,tt2887322
TheSatanicRitesOfDracula,tt0070634
TheScarecrow,tt0011656
TheScarletAndTheBlack,tt0086251
TheScarletCoat,tt0048588
TheScarletEmpress,tt0025746
TheScarletLetter,tt0114345
TheScarletPimpernel1934,tt0025748
TheScarletPimpernel1982,tt0084637
TheScienceOfSleep,tt0354899
TheScore,tt0227445
TheScorpionKing,tt0277296
TheScreamingSkull,tt0052169
TheScribbler,tt2396721
TheSeaHawk,tt0033028
TheSeaInside,tt0369702
TheSeaOfTrees,tt3450900
TheSearch,tt0040765
TheSearchers,tt0049730
TheSecretInTheirEyes,tt1305806
TheSecretLand,tt0040767
TheSecretLifeOfWalterMitty,tt0359950
TheSecretLifeOfWalterMitty1947,tt0039808
TheSecretOfMySuccess,tt0093936
TheSecretOfRoanInish,tt0111112
TheSecretOfTheMagicGourd,tt0496386
TheSentinel,tt0443632
TheSerpentAndTheRainbow,tt0096071
TheSessions,tt1866249
TheSevenUps,tt0070672
TheSevenYearItch,tt0048605
TheSeventhCompany,tt0076684
TheSeventhContinent,tt0098327
TheSeventhSeal,tt0050976
TheSeventhVictim,tt0036341
TheShack,tt2872518
TheShaggyDog,tt0393735
TheShallows,tt4052882
TheShaolinTemple,tt0079891
TheShapeOfThingsToCome,tt0079894
TheShapeOfWater,tt5580390
TheShawshankRedemption,tt0111161
TheSheCreature,tt0274659
TheShining,tt0081505
TheShooting,tt0062262
TheShootist,tt0075213
TheShopAroundTheCorner,tt0033045
TheShopOnMainStreet,tt0059527
TheShopwornAngel,tt0030744
TheShrine,tt1341710
TheSiege,tt0133952
TheSiegeOfFirebaseGloria,tt0098328
TheSiegeOfJadotville,tt3922798
TheSignOfFourSherlockHolmesGreatestCase,tt0023469
TheSilenceOfTheHams,tt0102926
TheSilentChild,tt6186970
TheSilentHouse,tt1646973
TheSilentSouls,tt1693830
TheSilentWorld,tt0049518
TheSinfulDwarf,tt0070696
TheSingingDetective,tt0314676
TheSingingNun,tt0060983
TheSingleStandard,tt0020410
TheSingles2ndWard,tt1109520
TheSinglesWard,tt0306069
TheSinisterUrge,tt0055452
TheSisterhoodOfNight,tt1015471
TheSistersBrothers,tt4971344
TheSitter,tt1366344
TheSixthSense,tt0167404
TheSkeletonKey,tt0397101
TheSkeletonTwins,tt1571249
TheSkeptic,tt0493451
TheSkulls,tt0192614
TheSkydivers,tt0057507
TheSlamminSalmon,tt1135525
TheSlaughter,tt0498386
TheSlipperAndTheRose,tt0075232
TheSlumberPartyMassacre,tt0084695
TheSmilingLieutenant,tt0022074
TheSmurfs,tt0472181
TheSmurfs2,tt2017020
TheSnakePit,tt0040806
TheSniper,tt0045161
TheSnowballExpress,tt0069291
TheSocialNetwork,tt1285016
TheSoldier,tt0084704
TheSoloist,tt0821642
TheSonOfTheSheik,tt0017416
TheSongOfBernadette,tt0036377
TheSongRemainsTheSame,tt0075244
TheSonsOfKatieElder,tt0059740
TheSorcererAndTheWhiteSnake,tt1857913
TheSorcerersApprentice,tt0963966
TheSorrowAndThePity,tt0066904
TheSoundOfMusic,tt0059742
TheSpaceBetweenUs,tt3922818
TheSpaceChildren,tt0052227
TheSpanishApartment,tt0283900
TheSpanishPrisoner,tt0120176
TheSpecialist,tt0111255
TheSpectacularNow,tt1714206
TheSpiralStaircase,tt0038975
TheSpirit,tt0831887
TheSpiritOf76,tt0100670
TheSpiritOfTheBeehive,tt0070040
TheSpyInBlack,tt0031968
TheSpyNextDoor,tt1273678
TheSpyWhoDumpedMe,tt6663582
TheSpyWhoLovedMe,tt0076752
TheSquare,tt4995790
TheSquawMan,tt0004635
TheSquidAndTheWhale,tt0367089
TheStarChamber,tt0086356
TheStarWarsHolidaySpecial,tt0193524
TheStarfighters,tt0058615
TheStarvingGames,tt2403029
TheStationAgent,tt0340377
TheStatueOfLiberty,tt0092011
TheSteelHelmet,tt0044072
TheStepfather,tt0814335
TheSting,tt0070735
TheStoneAngel,tt0847897
TheStoneTape,tt0069316
TheStoningOfSorayaM,tt1277737
TheStoryOfACheat,tt0028201
TheStoryOfLouisPasteur,tt0028313
TheStoryOfLuke,tt1038693
TheStoryOfO,tt0073115
TheStoryOfRobinHoodAndHisMerrieMen,tt0045197
TheStoryOfTempleDrake,tt0024617
TheStoryOfTheWeepingCamel,tt0373861
TheStraightStory,tt0166896
TheStrangeLoveOfMarthaIvers,tt0038988
TheStrangeThingAboutTheJohnsons,tt1772398
TheStrangersPreyAtNight,tt1285009
TheStrawberryBlonde,tt0034236
TheStreetFighter,tt0111301
TheStrongMan,tt0017437
TheStrongestManInTheWorld,tt0073760
TheStudentPrinceInOldHeidelberg,tt0018451
TheStuff,tt0090094
TheStuntMan,tt0081568
TheSubstitute,tt0117774
TheSucker,tt0057967
TheSuckling,tt0140581
TheSugarlandExpress,tt0072226
TheSuicideTheory,tt2517300
TheSumOfAllFears,tt0164184
TheSundowners,tt0054353
TheSunsetLimited,tt1510938
TheSunshineBoys,tt0073766
TheSureThing,tt0090103
TheSurvivalist,tt2580382
TheSwan,tt0049815
TheSwap,tt5653444
TheSwarm,tt0078350
TheSweatbox,tt0332422
TheSweetHereafter,tt0120255
TheSweetestThing,tt0253867
TheSwimmer,tt0063663
TheSwitch,tt0889573
TheSwordAndTheSorcerer,tt0084749
TheSwordOfDoom,tt0060277
TheSymbolOfTheUnconquered,tt0139632
TheTailorOfPanama,tt0236784
TheTakingOfDeborahLogan,tt3387648
TheTakingOfPelhamOneTwoThree,tt0072251
TheTalentedMrRipley,tt0134119
TheTallBlondManWithOneBlackShoe,tt0068655
TheTallGuy,tt0098436
TheTallMan,tt1658837
TheTallT,tt0051047
TheTattoo,tt0063674
TheTemptress,tt0017449
TheTenCommandments,tt0049833
TheTenCommandments1923,tt0014532
TheTenant,tt0074811
TheTerminal,tt0362227
TheTerminator,tt0088247
TheTerrorOfTinyTown,tt0030845
TheTestamentOfDrMabuse,tt0023563
TheTestamentsOfOneFoldAndOneShepherd,tt0258247
TheTexasChainSawMassacre1974,tt0072271
TheTexasChainsawMassacre2,tt0092076
TheTexasChainsawMassacre2003,tt0324216
TheTexasChainsawMassacreTheBeginning,tt0420294
TheTheoryOfEverything,tt2980516
TheThief,tt0045230
TheThiefOfBagdad1924,tt0015400
TheThiefOfBagdad1940,tt0033152
TheThieves,tt2330866
TheThinMan,tt0025878
TheThinRedLine,tt0120863
TheThingCalledLove,tt0108327
TheThingFromAnotherWorld,tt0044121
TheThingThatCouldntDie,tt0052289
TheThinning,tt5254868
TheThirdMan,tt0041959
TheThirdMurder,tt6410564
TheThirteenthFloor,tt0139809
TheThirteenthWarrior,tt0120657
TheThirtyNineSteps,tt0078389
TheThomasCrownAffair1968,tt0063688
TheThomasCrownAffair1999,tt0155267
TheThompsons,tt1831806
TheThreeBrothers,tt0114732
TheThreeBurialsOfMelquiadesEstrada,tt0419294
TheThreeFacesOfEve,tt0051077
TheThreeLivesOfThomasina,tt0057579
TheThreeMusketeers1921,tt0012752
TheThreeMusketeers1948,tt0040876
TheThreeMusketeers1953,tt0046461
TheThreeMusketeers1961,tt0055548
TheThreeMusketeers1973,tt0072281
TheThreeMusketeers1993,tt0108333
TheThreeMusketeers2011,tt1509767
TheThreeStooges2000,tt0214698
TheTimeMachine1960,tt0054387
TheTimeMachine1978,tt0078401
TheTimeMachine2002,tt0268695
TheTimeTravelers,tt0058659
TheTimesOfHarveyMilk,tt0088275
TheTingler,tt0053363
TheTitfieldThunderbolt,tt0046436
TheToDoList,tt1758795
TheTollOfTheSea,tt0013688
TheToolboxMurders,tt0078405
TheToothFairy,tt0808510
TheToothFairy2006,tt0473553
TheTortureChamberOfDrSadism,tt0062235
TheTourist,tt1243957
TheTournament,tt0471041
TheTower,tt2554270
TheToweringInferno,tt0072308
TheTown,tt0840361
TheTownThatDreadedSundown,tt0075342
TheToxicAvenger,tt0090190
TheToy,tt0084809
TheTraceyFragments,tt0801526
TheTrain,tt0059825
TheTransporter,tt0293662
TheTransporterRefueled,tt2938956
TheTreasureOfTheSierraMadre,tt0040897
TheTreeOfLife,tt0478304
TheTreeOfWoodenClogs,tt0077138
TheTripAcrossParis,tt0049877
TheTripToBountiful,tt0090203
TheTrollHunter,tt1740707
TheTrotsky,tt1295072
TheTroubleWithAngels,tt0061122
TheTroubleWithHarry,tt0048750
TheTrumanShow,tt0120382
TheTruthAboutCharlie,tt0270707
TheTurkishGambit,tt0374298
TheTurningPoint1945,tt0037426
TheTuxedo,tt0290095
TheTwilightSamurai,tt0351817
TheTwinsEffect,tt0351887
TheTwoFacesOfDrJekyll,tt0054416
TheUglyDachshund,tt0061135
TheUglyTruth,tt1142988
TheUltimateGift,tt0482629
TheUmbrellaCoup,tt0080565
TheUmbrellasOfCherbourg,tt0058450
TheUnborn,tt1139668
TheUncanny,tt0076853
TheUndead,tt0051128
TheUnearthly,tt0051134
TheUnforgiven,tt0054428
TheUnholyThree,tt0021505
TheUninvited1944,tt0037415
TheUninvited2009,tt0815245
TheUnknownGirl,tt4630550
TheUnsuspected,tt0039941
TheUntouchables,tt0094226
TheUsualSuspects,tt0114814
TheVagrant,tt0105719
TheValachiPapers,tt0068341
TheValleyOfGwangi,tt0065163
TheVampireLovers,tt0066518
TheVanishing,tt0096163
TheVerdict,tt0084855
TheVictors,tt0057652
TheVillage,tt0368447
TheVillain,tt0080097
TheVillainess,tt6777338
TheViolentYears,tt0049922
TheVirginSpring,tt0053976
TheVisit,tt3567288
TheVisitor,tt0857191
TheVisualBibleMatthew,tt0301359
TheVoices,tt1567437
TheVoid,tt4255304
TheVow,tt1606389
TheVoyageOfTheDawnTreader,tt0096681
TheWackiestShipInTheArmy,tt0054453
TheWackness,tt1082886
TheWagesOfFear,tt0046268
TheWailing,tt5215952
TheWallsOfMalapaga,tt0040137
TheWanderers,tt0080117
TheWarGame,tt0059894
TheWarLord,tt0059896
TheWarOfTheRoses,tt0098621
TheWarWagon,tt0062472
TheWarZone,tt0141974
TheWard,tt1369706
TheWarlords,tt0913968
TheWarpedOnes,tt0057238
TheWarriorAndTheSorceress,tt0088379
TheWarriors,tt0080120
TheWarriorsWay,tt1032751
TheWaspWoman,tt0054462
TheWatcher,tt0204626
TheWatcherInTheWoods,tt0081738
TheWaterDiviner,tt3007512
TheWaterboy,tt0120484
TheWayOfTheGun,tt0202677
TheWayWayBack,tt1727388
TheWeatherUnderground,tt0343168
TheWeddingBanquet,tt0107156
TheWeddingMarch,tt5775370
TheWeddingPlanner,tt0209475
TheWeddingRinger,tt0884732
TheWeddingSinger,tt0120888
TheWeek,tt6821012
TheWerewolfOfWashington,tt0070908
TheWhalesOfAugust,tt0094315
TheWhispererInDarkness,tt1498878
TheWhiteBalloon,tt0112445
TheWhiteKnights,tt3597510
TheWhiteRibbon,tt1149362
TheWhiteSister,tt0024770
TheWholeNineYards,tt0190138
TheWholeTownsTalking,tt0027214
TheWholeWideWorld,tt0118163
TheWickerMan1973,tt0070917
TheWickerMan2006,tt0450345
TheWife,tt3750872
TheWigglesMovie,tt0128842
TheWildAngels,tt0061189
TheWildBunch,tt0065214
TheWildGeese,tt0078492
TheWildOne,tt0047677
TheWildWorldOfBatwoman,tt0061191
TheWildcat,tt0011960
TheWindAndTheLion,tt0073906
TheWindThatShakesTheBarley,tt0460989
TheWindWillCarryUs,tt0209463
TheWindow,tt0042046
TheWingOrTheThigh,tt0074103
TheWingsOfTheDove,tt0120520
TheWinningOfBarbaraWorth,tt0017567
TheWinningTeam,tt0045332
TheWinslowBoy,tt0155388
TheWinslowBoy1948,tt0040970
TheWistfulWidowOfWagonGap,tt0039998
TheWitchesOfOz,tt1592287
TheWizard,tt0098663
TheWizardOfGore,tt0066578
TheWizardOfOz,tt0032138
TheWizardOfOz1925,tt0016544
TheWizardOfSpeedAndTime,tt0081766
TheWolfOfWallStreet,tt0993846
TheWolverine,tt1430132
TheWoman,tt1714208
TheWomanChaser,tt0217894
TheWomanInBlack,tt1596365
TheWomanInGreen,tt0038259
TheWomanInRed,tt0088414
TheWomanNextDoor,tt0082370
TheWonderfulIceCreamSuit,tt0129634
TheWood,tt0161100
TheWoods,tt0380066
TheWoodsman,tt0361127
TheWords,tt1840417
TheWorldIsNotEnough,tt0143145
TheWorldOfHenryOrient,tt0058756
TheWorldOfKanako,tt3108158
TheWorldOfSuzieWong,tt0054483
TheWorldsEnd,tt1213663
TheWorldsGreatestAthlete,tt0070928
TheWorldsGreatestSinner,tt0056703
TheWraith,tt0092240
TheWrathOfGod,tt0069515
TheWreckingCrew,tt0065225
TheWrestler,tt1125849
TheWrongArmOfTheLaw,tt0056704
TheWrongBox,tt0061204
TheWrongGuy,tt0120536
TheWrongGuys,tt0096466
TheWrongMan,tt0051207
TheXFilesIWantToBelieve,tt0443701
TheYakuza,tt0073918
TheYearOfLivingDangerously,tt0086617
TheYellowHandkerchief,tt0954990
TheYoungGirlsOfRochefort,tt0062873
TheYoungMessiah,tt1002563
TheYoungVictoria,tt0962736
TheZeroTheorem,tt2333804
TheZombieDiaries,tt0876294
TheatreOfDeath,tt0062358
TheirFinest,tt1661275
Thelma,tt6304046
TheloniousMonkStraightNoChaser,tt0098465
TheodoraGoesWild,tt0028355
TheodoreRex,tt0114658
ThereWasACrookedMan,tt0066448
ThereWillBeBlood,tt0469494
TheresAlwaysVanilla,tt0166843
TheresNothingOutThere,tt0103077
TheresSomethingAboutMary,tt0129387
TheseFinalHours,tt2268458
They,tt0283632
TheyCallMeMisterTibbs,tt0066450
TheyDiedWithTheirBootsOn,tt0034277
TheyDriveByNight,tt0033149
TheyLive,tt0096256
TheyLookLikePeople,tt4105970
TheyMadeMeACriminal,tt0032022
TheyMadeMeAFugitive,tt0039895
TheyMightBeGiants,tt0067848
TheyShootHorsesDontThey,tt0065088
TheyWereExpendable,tt0038160
Thief,tt0083190
ThievesLikeUs,tt0072274
ThingsChange,tt0096259
ThingsToCome,tt4120176
ThingsToDoInDenverWhenYoureDead,tt0114660
ThinkLikeAMan,tt1621045
Thir13enGhosts,tt0245674
ThirdFingerLeftHand,tt0033153
ThirdStar,tt1510906
Thirst,tt0762073
Thirteen,tt0328538
ThirteenAssassins,tt1436045
ThirteenDays,tt0146309
ThirteenThirteenThirteen,tt2991516
ThirteenWomen,tt0023582
ThirtyOne,tt3835080
ThirtySecondsOverTokyo,tt0037366
ThisBeautifulFantastic,tt4560008
ThisFilmIsNotYetRated,tt0493459
ThisGunForHire,tt0035432
ThisHappyBreed,tt0037367
ThisHouseHasPeopleInIt,tt5680368
ThisIs40,tt1758830
ThisIsEngland,tt0480025
ThisIsSpinalTap,tt0088258
ThisIsTheEnd,tt1245492
ThisIsTheNight,tt0023584
ThisIsWhereILeaveYou,tt1371150
ThisIslandEarth,tt0047577
ThisLandIsMine,tt0036431
ThisMeansWar,tt1596350
ThisMustBeThePlace,tt1440345
ThorRagnarok,tt3501632
ThorTheDarkWorld,tt1981115
Thoroughbreds,tt5649108
ThoroughlyModernMillie,tt0062362
Thoughtcrimes,tt0339785
Threads,tt0090163
ThreeAges,tt0014538
ThreeAmigos,tt0092086
ThreeBillboardsOutsideEbbingMissouri,tt5027774
ThreeBrothers,tt0083226
ThreeCoinsInTheFountain,tt0047580
ThreeDaysOfTheCondor,tt0073802
ThreeExtremes,tt0420251
ThreeFugitives,tt0098471
ThreeGodfathers,tt0028367
ThreeIdenticalStrangers,tt7664504
ThreeKingdomsResurrectionOfTheDragon,tt0882978
ThreeKings,tt0120188
ThreeMenAndABaby,tt0094137
ThreeOClockHigh,tt0094138
ThreeOnAMatch,tt0023590
ThreeSeasons,tt0138874
ThreeSmartGirls,tt0028373
ThreeTheHardWay,tt0072284
ThreeTimes,tt0459666
ThreeToTango,tt0144640
ThreeWiseGirls,tt0023589
ThreeWiseMen,tt1270769
ThrillerACruelPicture,tt0072285
ThroneOfBlood,tt0050613
ThroughAGlassDarkly,tt0055499
ThrowMommaFromTheTrain,tt0094142
Thumbsucker,tt0318761
ThunderRoad,tt7738450
Thunderball,tt0059800
Thunderbird6,tt0063694
Thunderbirds,tt0167456
ThunderboltAndLightfoot,tt0072288
Thunderheart,tt0105585
Thunderpants,tt0283054
Thunderstruck,tt2041488
Thursday,tt0124901
TiMER,tt1179794
Ticker,tt0196158
Ticks,tt0108339
Tideland,tt0410764
TigerBay,tt0053361
TigerHouse,tt2911674
Tigerland,tt0170691
TilliesPuncturedRomance,tt0004707
TimAndEricsBillionDollarMovie,tt1855401
TimberFalls,tt0857295
Timbuktu,tt3409392
TimeAfterTime,tt0080025
TimeBandits,tt0081633
TimeChanger,tt0295725
TimeChasers,tt0145529
TimeOfTheApes,tt0094153
TimeOfTheWolf,tt0324197
TimeRunner,tt0070585
TimeToLeave,tt0417189
TimeTrap,tt4815122
TimeWalker,tt0084796
Timecop,tt0111438
Timeline,tt0300556
TimeriderTheAdventureOfLyleSwann,tt0086443
TinCup,tt0117918
TinMen,tt0094155
TinkerTailorSoldierSpy,tt1340800
Titus,tt0120866
ToAllTheBoysIveLovedBefore,tt3846674
ToBeFatLikeMe,tt0889600
ToBeOrNotToBe,tt0035446
ToCatchAThief,tt0048728
ToDieFor,tt0114681
ToEachHisOwn,tt0039040
ToEndAllWars,tt0243609
ToHaveAndHaveNot,tt0037382
ToKillAMockingbird,tt0056592
ToLiveAndDieInLA,tt0090180
ToRomeWithLove,tt1859650
ToSirWithLove,tt0062376
ToSleepWithAnger,tt0100791
ToTheBone,tt5541240
ToTheWonder,tt1595656
ToWalkInvisible,tt5594080
ToWongFooThanksForEverythingJulieNewmar,tt0114682
Tobruk,tt0062377
Together,tt0203166
TokyoChorus,tt0022485
TokyoDrifter,tt0061101
TokyoGorePolice,tt1183732
TokyoOlympiad,tt0059817
TokyoStory,tt0046438
TokyoTwilight,tt0051093
TokyoZombie,tt0451954
TolableDavid,tt0012763
TomAndHuck,tt0112302
TomJones,tt0057590
Tomboy,tt1847731
TombsOfTheBlindDead,tt0067500
Tombstone,tt0108358
TommyBoy,tt0114694
TomorrowNeverDies,tt0120347
TomorrowWhenTheWarBegan,tt1456941
Tomorrowland,tt1964418
TonganNinja,tt0352925
TonightYoureMine,tt1672845
TonyManero,tt1223975
TonyRome,tt0062380
TonyTakitani,tt0420260
TooBigToFail,tt1742683
TooFatTooFurious,tt0382365
TooLateForTears,tt0041968
TooManyCooks,tt3534838
TooManyHusbands,tt0033174
TooMuchTooSoon,tt0052302
TooYoungToKiss,tt0044138
Tootsie,tt0084805
TopFive,tt2784678
TopGun,tt0092099
TopHat,tt0027125
TopSecret,tt0059108
Topaz,tt0065112
Topaze,tt0024684
Topkapi,tt0058672
Topper,tt0029682
TopperReturns,tt0034303
TopsyTurvy,tt0151568
ToraToraTora,tt0066473
Torment,tt0109731
TornCurtain,tt0061107
Torque,tt0329691
Torrent,tt0017480
TotalRecall1990,tt0100802
TotalRecall2012,tt1386703
TouchOfEvil,tt0052311
TouchOfSatan,tt0066476
TouchezPasAuGrisbi,tt0046451
ToughGuysDontDance,tt0094169
TourDePharmacy,tt5886510
TouristTrap,tt0080040
Tovarich,tt0029685
TowerBlock,tt1992258
TowerHeist,tt0471042
ToySoldiers,tt0103112
Toyland,tt1280548
Toys,tt0105629
TrackOfTheMoonBeast,tt0075343
TraderHorn,tt0022495
TradingMom,tt0111470
TradingPlaces,tt0086465
Traffic,tt0181865
TrafficInSouls,tt0003471
Trafic,tt0069400
TragedyGirls,tt3859272
TrailerParkOfTerror,tt0892109
TrainToBusan,tt5700672
TrainingDay,tt0139654
Trainwreck,tt3152624
Traitor,tt0988047
Trancers,tt0090192
Transamerica,tt0407265
Transcendence,tt2209764
Transformers,tt0418279
TransformersAgeOfExtinction,tt2109248
TransformersDarkOfTheMoon,tt1399103
TransformersRevengeOfTheFallen,tt1055369
TransformersTheLastKnight,tt3371366
Transmorphers,tt0960835
TrapForCinderella,tt1766175
TrashHumpers,tt1488163
TravelingSalesman,tt1801123
TravelsWithMyAunt,tt0069404
TreasureIsland1934,tt0025907
TreasureIsland1990,tt0100813
TreasureIsland1999,tt0248568
Tremors1,tt0100814
Tremors3BackToPerfection,tt0259685
Tremors4TheLegendBegins,tt0334541
Tremors5Bloodlines,tt4180514
Trench11,tt5033290
Trespass,tt1674784
Tri,tt1517177
Triangle,tt1187064
TrickRTreat,tt0862856
TrickyBrains,tt0103328
Trigger,tt2194826
TrilogyOfTerror,tt0073820
TrilogyOfTerrorII,tt0117966
Trinity,tt0114726
Triple9,tt1712261
TripleAgent,tt0374294
Tristana,tt0066491
TriumphOfTheWill,tt0025913
Trog,tt0066492
Troll,tt0092115
TromasWar,tt0096310
TromeoAndJuliet,tt0114733
Tron,tt0084827
TronLegacy,tt1104001
TroopBeverlyHills,tt0098519
TroubleInMind,tt0090209
TroubleInParadise,tt0023622
TroubleTheWater,tt1149405
TroubleWithTheCurve,tt2083383
Troy,tt0332452
TrueBeliever,tt0098524
TrueConfession,tt0083232
TrueCrime,tt0139668
TrueGrit,tt1403865
TrueLies,tt0111503
TrueMemoirsOfAnInternationalAssassin,tt1542768
TrueRomance,tt0108399
TrueStories,tt2273657
TrulyMadlyDeeply,tt0103129
Trumbo,tt3203606
TruthIn24,tt1320302
TruthOrConsequencesNM,tt0120383
TruthOrDareACriticalMadness,tt0092118
Tsotsi,tt0468565
TuckerAndDaleVsEvil,tt1465522
TuckerTheManAndHisDream,tt0096316
Tully,tt5610554
Tumbleweed,tt0046469
Tunnelvision,tt0075357
TurboKid,tt3672742
Turbulence,tt0120390
Turbulence2FearOfFlying,tt0192701
Turbulence3HeavyMetal,tt0251448
TurkeyHollow,tt5145828
TurkeyShoot,tt0082338
TurkishDelight,tt0070842
TurnLeftAtTheEndOfTheWorld,tt0374279
TurnMeOnDammit,tt1650407
TurtlesCanFly,tt0424227
Tusk,tt3099498
TwelveAngryMen,tt0050083
TwelveAngryMen1997,tt0118528
TwelveOClockHigh,tt0041996
TwelveToTheMoon,tt0054415
TwelveYearsASlave,tt2024544
TwentyFeetFromStardom,tt2396566
TwentyFourEyes,tt0047281
TwentyFourHourPartyPeople,tt0274309
TwentyMillionMilesToEarth,tt0050084
TwilightZoneTheMovie,tt0086491
TwilightsLastGleaming,tt0076845
TwinDragons,tt0105399
TwinPeaksFireWalkWithMe,tt0105665
TwinSitters,tt0122768
Twins,tt0096320
TwistOfFaith,tt2585068
Twister,tt0117998
Twixt,tt1756851
TwoArabianKnights,tt0018515
TwoBrothers,tt0338512
TwoFacedWoman,tt0034328
TwoForTheRoad,tt0062407
TwoHands,tt0145547
TwoHundredMotels,tt0066732
TwoLaneBlacktop,tt0067893
TwoMinuteWarning,tt0075359
TwoMulesForSisterSara,tt0065134
TwoRodeTogether,tt0055558
TwoThousandManiacs,tt0058694
TwoWomen,tt0054749
Tyrannosaur,tt1204340
Tyson,tt0114759
Tystnaden,tt0057611
U571,tt0141926
UHF,tt0098546
USMarshals,tt0120873
USSIndianapolisMenOfCourage,tt2032572
UTurn,tt0120399
Ugetsu,tt0046478
Ugly,tt2882328
Ultraviolet,tt0370032
Ulvesommer,tt0356154
UmbertoD,tt0045274
UnChienAndalou,tt0020530
UnbelievableAdventuresOfItaliansInRussia,tt0070439
Unbreakable,tt0217869
Unbroken,tt1809398
Uncaged,tt4291700
UncertainGlory,tt5304874
UncleBoonmeeWhoCanRecallHisPastLives,tt1588895
UncleBuck,tt0098554
UncleSam,tt0118025
UncommonValor,tt0086508
Unconscious,tt2837336
Undead,tt0339840
UndeadOrAlive,tt0221111
Undefeatable,tt0111552
Undefeated,tt1860355
UnderCapricorn,tt0042004
UnderSiege2DarkTerritory,tt0114781
UnderTheSand,tt0240913
UnderTheSilverLake,tt5691670
UnderTheSkin,tt1441395
UnderTheSunOfSatan,tt0094011
UnderTheTree,tt6223806
UnderTheTuscanSun,tt0328589
UndercoverBlues,tt0108442
UndercoverBrother,tt0279493
Underdog,tt0467110
Underground,tt0114787
UnderseaKingdom,tt0028444
Underworld,tt0320691
Undisputed,tt0281322
UndisputedIIIRedemption,tt1156466
UndisputedIILastManStanding,tt0443676
Undocumented,tt1468381
UneditedFootageOfABear,tt4289434
Unfaithful,tt0250797
UnfaithfullyYours,tt0088326
UnfinishedBusiness,tt2358925
Unforgiven,tt0105695
Unfriended,tt3713166
UnfriendedDarkWeb,tt4761916
UnicornCity,tt1734589
UnicornStore,tt2338454
Uninhabited,tt1459013
UnionDepot,tt0023642
UnionPacific,tt0032080
United93,tt0475276
UnitedPassions,tt2814362
UniversalSoldier,tt0105698
UniversalSoldierDayOfReckoning,tt1659343
UniversalSoldierRegeneration,tt1288403
UniversalSoldierTheReturn,tt0176269
UnlawfulEntry,tt0105699
Unsane,tt7153766
Unstoppable,tt0477080
UntamedYouth,tt0051139
Unthinkable,tt0914863
UntilTheEndOfTheWorld,tt0101458
Untraceable,tt0880578
UpInSmoke,tt0078446
UpTheAcademy,tt0081695
UpTheCreek,tt0088333
Upgrade,tt6499752
UpstreamColor,tt2084989
UptownGirls,tt0263757
UrbanCowboy,tt0081696
UrbanLegend,tt0146336
UrbanLegendsBloodyMary,tt0451957
UrbanLegendsFinalCut,tt0192731
UsedCars,tt0081698
Ushpizin,tt0426155
Utu,tt0086497
VForVendetta,tt0434409
VHS2,tt2450186
VHSViral,tt3704538
Vabank,tt0083271
Vacancy,tt0452702
VacanzeDiNatale2000,tt0105717
VacationFromMarriage,tt0037980
ValdezIsComing,tt0067921
Valentine,tt0242998
ValentinesDay,tt0817230
ValerianAndTheCityOfAThousandPlanets,tt2239822
ValerieAndHerWeekOfWonders,tt0066516
ValhallaRising,tt0862467
Validation,tt0986272
Valkyrie,tt0985699
Vamp,tt0092147
VampireAcademy,tt1686821
VampireCircus,tt0067924
VampireGirlVsFrankensteinGirl,tt1425928
VampireInBrooklyn,tt0114825
Vampirella,tt0118063
VampiresKiss,tt0098577
VampiresSuck,tt1666186
Vamps,tt1545106
Vampyr,tt0023649
VanDiemensLand,tt1361843
VanWilder,tt0283111
VanillaSky,tt0259711
VanishingPoint,tt0067927
VantagePoint,tt0443274
VaranTheUnbelievable,tt0056648
VarsityBlues,tt0139699
VaultOfHorror,tt0070868
VegasVacation,tt0120434
VelvetGoldmine,tt0120879
VendettaForASamurai,tt0199580
VengeanceIsMine,tt0079182
VeraCruz,tt0047647
VeraDrake,tt0383694
VeronicaGuerin,tt0312549
VeronikaVoss,tt0084654
Versus,tt0275773
VerticalLimit,tt0190865
Vertigo,tt0052357
VeryBadThings,tt0124198
Vibes,tt0096378
ViceVersa,tt2096673
VickyCristinaBarcelona,tt0497465
Victim,tt0055597
VictorFrankenstein,tt1976009
VictoriaAndAbdul,tt5816682
Videodrome,tt0086541
Vidocq,tt0164961
Vile,tt1711018
VillageOfTheDamned1960,tt0054443
VillageOfTheDamned1995,tt0114852
VillageOfTheGiants,tt0059878
VincentWantsToSea,tt1611211
ViolentCop,tt0098360
ViolentSaturday,tt0048790
VirginTerritory,tt0437954
VirginiaCity,tt0033226
Viridiana,tt0055601
VirtualCombat,tt0113220
VirtualSexuality,tt0164221
Virtue,tt0023659
Virtuosity,tt0114857
Virunga,tt3455224
Virus,tt0120458
Visioneers,tt0833557
VisitingHours,tt0083296
VisitorQ,tt0290329
VivaKnievel,tt0076890
VivaLasVegas,tt0058725
VivaMaria,tt0059956
VivaMax,tt0065184
VivaVilla,tt0025948
VivaZapata,tt0045296
ViveLAmour,tt0109066
VivreSaVie,tt0056663
VladTepes,tt0141966
Vlog,tt1311672
VoiceFromTheStone,tt1544608
Volcano,tt0120461
Volunteers,tt0090274
Volver,tt0441909
VonRyansExpress,tt0059885
VoyageOfTheUnicorn,tt0249326
Vulgar,tt0120467
WNUFHalloweenSpecial,tt3104078
WRMysteriesOfTheOrganism,tt0067958
Waar,tt1821700
WagTheDog,tt0120885
WagonsEast,tt0111653
Waiting,tt0348333
WaitingForGuffman,tt0118111
Waitress,tt0473308
WakeInFright,tt0067541
WakeIsland,tt0035530
WakeMeWhenItsOver,tt0054455
WakeWood,tt1296899
WakingNedDevine,tt0166396
WakingSleepingBeauty,tt1159961
WalkDontRun,tt0061170
WalkHard,tt0841046
WalkOnWater,tt0352994
WalkTheLine,tt0358273
Walkabout,tt0067959
WalkingOnSunshine,tt2107861
WalkingTall1973,tt0070895
WalkingTall2004,tt0351977
WalkingVengeance,tt1078600
WallStreetMoneyNeverSleeps,tt1027718
Wanda,tt0067961
Wanted,tt0493464
WarForThePlanetOfTheApes,tt3450958
WarGames,tt0086567
WarInc,tt0884224
WarOfTheColossalBeast,tt0052378
WarOfTheGargantuas,tt0060440
WarRoom,tt3832914
WarWitch,tt1820488
Warlock,tt0098622
WarlockIIITheEndOfInnocence,tt0157171
WarlockTheArmageddon,tt0108517
WarmBodies,tt1588173
WarmSprings,tt0423510
WarningShadows,tt0013579
Warrior,tt1291584
WarriorOfTheLostWorld,tt0088380
WarriorsOfTheWasteland,tt0084424
WarriorsOfVirtue,tt0120479
Wasabi,tt0281364
WatchOnTheRhine,tt0036515
WatchOutWereMad,tt0069697
WatchingTheDetectives,tt0472205
Waterloo,tt0066549
WaterlooBridge,tt0033238
WatermelonMan,tt0066550
Waterworld,tt0114898
Waxwork,tt0096426
WayDownEast,tt0011841
WayOfTheDragon,tt0068935
WaynesWorld,tt0105793
WeAreMarshall,tt0758794
WeAreStillHere,tt3520418
WeAreTheNight,tt1692504
WeAreWhatWeAre,tt2309021
WeBoughtAZoo,tt1389137
WeNeedToTalkAboutKevin,tt1242460
WeWereSoldiers,tt0277434
WeddingCrashers,tt0396269
Wedlock,tt0103239
WeeSing,tt0383050
WeeWillieWinkie,tt0029751
Weekend,tt1714210
WeekendAtBernies,tt0098627
WeirdScience,tt0090305
WelcomeMrMarshall,tt0045554
WelcomeToDongmakgol,tt0475783
WelcomeToTheDollhouse,tt0114906
WelcomeToTheJungle,tt2193265
WelcomeToThePunch,tt1684233
WelcomeToTheRileys,tt1183923
WelcomeToWoopWoop,tt0120491
Welp,tt3061836
WendyWuHomecomingWarrior,tt0790781
WereNoAngels,tt0098625
WereTheMillers,tt1723121
WereTheWorldMine,tt0476991
Werewolf,tt0118137
WerewolfOfLondon,tt0027194
WerewolfTheBeastAmongUs,tt1987028
WerewolvesOnWheels,tt0067972
WesCravensNewNightmare,tt0111686
WestBankStory,tt0438575
WestOfZanzibar,tt0019563
Westfront1918,tt0021542
WetHotAmericanSummer,tt0243655
WhaleRider,tt0298228
WhatACarveUp,tt0056285
WhatAGirlWants,tt0286788
WhatAWayToGo,tt0058743
WhatAboutBob,tt0103241
WhatDreamsMayCome,tt0120889
WhatEverHappenedToBabyJane,tt0056687
WhatHappenedToMonday,tt1536537
WhatHappensInVegas,tt1033643
WhatHaveYouDoneToSolange,tt0068416
WhatJustHappened,tt0486674
WhatKeepsYouAlive,tt7073710
WhatLiesBeneath,tt0161081
WhatPriceHollywood,tt0023686
WhatRichardDid,tt2092011
WhatTheBleepDoWeKnow,tt0499596
WhatTheDeafManHeard,tt0120498
WhatWeBecome,tt3547682
WhatWeDidOnOurHoliday,tt2725962
WhatWomenWant,tt0207201
WhateverWorks,tt1178663
WhatsCooking,tt0197096
WhatsEatingGilbertGrape,tt0108550
WhatsInAName,tt2179121
WhatsLoveGotToDoWithIt,tt0108551
WhatsNewPussycat,tt0059903
WhatsTheMatterWithHelen,tt0067975
WhatsTheWorstThatCouldHappen,tt0161083
WhatsUpDoc,tt0069495
WhatsUpTigerLily,tt0061177
WhatsYourNumber,tt0770703
Wheelman,tt5723286
WheelsOnMeals,tt0087578
WhenAStrangerCalls,tt0080130
WhenDinosaursRuledTheEarth,tt0066561
WhenGoodGhoulsGoBad,tt0279513
WhenHarryMetSally,tt0098635
WhenInRome,tt1185416
WhenLadiesMeet,tt0024763
WhenNightIsFalling,tt0114916
WhenTheBoughBreaks,tt1389139
WhenTheLastSwordIsDrawn,tt0359692
WhenTimeRanOut,tt0081747
WhenTrumpetsFade,tt0135706
WhenWeFirstMet,tt5783956
WhenWeWereKings,tt0118147
WhenWillIBeLoved,tt0396271
WhenWorldsCollide,tt0044207
WhereChildrenPlay,tt3735810
WhereEaglesDare,tt0065207
WhereEastIsEast,tt0020581
WhereHandsTouch,tt1235187
WhereTheBuffaloRoam,tt0081748
WhereTheHeartIs,tt0198021
WhereTheSidewalkEnds,tt0043132
WhereTheTruthLies,tt0373450
WhileTheCitySleeps,tt0049949
WhileYouWereSleeping,tt0114924
WhipIt,tt1172233
Whiplash,tt2582802
Whirlpool,tt0042039
WhiskeyTangoFoxtrot,tt3553442
WhiskyGalore,tt0042040
WhisperingCorridors,tt0241073
WhistleDownTheWind,tt0055618
WhiteBimBlackEar,tt0077222
WhiteBoyRick,tt4537896
WhiteChicks,tt0381707
WhiteChristmas,tt0047673
WhiteDog,tt0084899
WhiteFrog,tt1967697
WhiteGod,tt2844798
WhiteHeat,tt0042041
WhiteHouseDown,tt2334879
WhiteHunterBlackHeart,tt0100928
WhiteMane,tt0044518
WhiteMansBurden,tt0114928
WhiteMenCantJump,tt0105812
WhiteNights,tt0090319
WhiteOleander,tt0283139
WhiteShadowsInTheSouthSeas,tt0019574
WhiteSunOfTheDesert,tt0066565
WhiteTheMelodyOfTheCurse,tt1984177
WhiteZombie,tt0023694
Whiteout,tt0365929
WhoAmI,tt3042408
WhoCanKillAChild,tt0075462
WhoFramedRogerRabbit,tt0096438
WhoKilledCaptainAlex,tt1813757
WhoKilledTheElectricCar,tt0489037
WhollyMoses,tt0081751
WhosAfraidOfVirginiaWoolf,tt0061184
WhosHarryCrumb,tt0098645
WhosSingingOverThere,tt0076276
WhosThatGirl,tt0094321
WhosThatKnockingAtMyDoor,tt0063803
WhyBeGood,tt0020585
WhyDidIGetMarried,tt0906108
WhyDidIGetMarriedToo,tt1391137
WhyDontYouPlayInHell,tt2409302
WhyHim,tt4501244
WhyManCreates,tt0063804
WhyWorry,tt0014611
WickedLittleThings,tt0470000
WickerPark,tt0324554
WienerDog,tt4144190
Wife,tt0046468
WifeVsSecretary,tt0028505
Wild,tt2305051
WildAndWoolly,tt0008775
WildAtHeart,tt0100935
WildBeasts,tt0090322
WildBoysOfTheRoad,tt0024772
WildCats,tt0092214
WildHogs,tt0486946
WildInTheStreets,tt0063808
WildOranges,tt0015498
WildOrchids,tt0100934
WildRebels,tt0062493
WildRiver,tt0054476
WildStrawberries,tt0050986
WildTales,tt3011894
WildTarget,tt1235189
WildThing,tt0094325
WildThings,tt0120890
WildThings2,tt0365270
WildWildWest,tt0120891
WildZero,tt0267116
WillSuccessSpoilRockHunter,tt0051196
Willard,tt0310357
Willow,tt0096446
WillowCreek,tt2885364
WillyWonkaAndTheChocolateFactory,tt0067992
Wilson,tt1781058
Wimbledon,tt0360201
WinADateWithTadHamilton,tt0335559
WinWin,tt5376720
Winchester,tt1072748
Winchester73,tt0043137
WindRiver,tt5362988
Windigo,tt0128232
Windtalkers,tt0245562
WindyCity,tt0088405
WingCommander,tt0131646
WingsOfDesire,tt0093191
WinterKills,tt0080139
WinterLight,tt0057358
WinterOnFire,tt4908644
WintersBone,tt1399683
WishUpon,tt5322012
WishUponAStar,tt0118178
WishYouWereHere,tt1684925
Wishmaster,tt0120524
Wishmaster2EvilNeverDies,tt0156182
Wishmaster3BeyondTheGatesOfHell,tt0254871
Wishmaster4TheProphecyFulfilled,tt0254872
Witchboard,tt0090327
WitchfinderGeneral,tt0063285
WitchingAndBitching,tt2404738
WithHonors,tt0111732
WithSixYouGetEggroll,tt0063821
Wither,tt2140671
WithinOurGates,tt0011870
WithinTheWoods,tt0078503
WithnailAndI,tt0094336
WithoutAClue,tt0096454
WithoutAPaddle,tt0364751
WithoutWarning1994,tt0081764
Witness,tt0090329
WitnessForTheProsecution,tt0051201
Wittgenstein,tt0108583
WizardsOfTheDemonSword,tt0103278
WizardsOfTheLostKingdom,tt0090333
WizardsOfTheLostKingdom2,tt0090334
Wolf,tt0111742
WolfCreek,tt0416315
WolfGirl,tt0265752
Wolfcop,tt2781516
Wolfen,tt0083336
Wolfman,tt0780653
WomanInBlackAngelOfDeath,tt2339741
WomanInGold,tt2404425
WomanInTheDunes,tt0058625
WomanInTheMoon,tt0019901
WomanOfTheYear,tt0035567
WomanOnTheRun,tt0043142
Womb,tt1216520
WomenOfThePrehistoricPlanet,tt0061203
WomenOnTheVergeOfANervousBreakdown,tt0095675
WonderWoman2017,tt0451279
WonderWomen,tt0070926
Woodshock,tt4677924
Woodstock,tt0066580
WoodyWoodpecker,tt2114504
WordWars,tt0390632
WorkingGirl,tt0096463
WorldWarZ,tt0816711
WorldWithoutSun,tt1878805
WorldsGreatestDad,tt1262981
WouldYouRather,tt1999995
WristcuttersALoveStory,tt0477139
WrittenOnTheWind,tt0049966
WrongTurn,tt0295700
WrongTurn2DeadEnd,tt0804555
WrongTurn3LeftForDead,tt1261978
WrongTurn4BloodyBeginnings,tt1865567
WrongTurn5Bloodlines,tt2375779
WrongTurn6LastResort,tt3612032
WrongfullyAccused,tt0120901
WutheringHeights1939,tt1238834
WyattEarp,tt0111756
Wyrmwood,tt2535470
X2XMenUnited,tt0290334
XMen1,tt0120903
XMenApocalypse,tt3385516
XMenDaysOfFuturePast,tt1877832
XMenFirstClass,tt1270798
XMenOriginsWolverine,tt0458525
XMenTheLastStand,tt0376994
XTheManWithTheXRayEyes,tt0057693
XX,tt3322892
XXY,tt0995829
XXx,tt0295701
XXxReturnOfXanderCage,tt1293847
XXxStateOfTheUnion,tt0329774
Xanadu,tt0081777
Xtro,tt0086610
Yakuza,tt0991243
YankeeDoodleDandy,tt0035575
YankeeZulu,tt0111787
YearOne,tt1045778
Yeelen,tt0094349
YehJawaaniHaiDeewani,tt2178470
YellowBrickRoad,tt1398428
Yellowbeard,tt0086618
Yentl,tt0086619
YesMadam,tt0093229
YesMan,tt1068680
YesterdayTodayAndTomorrow,tt0057171
YesterdayWasALie,tt0448182
YiYi,tt0244316
YogaHosers,tt3838992
YogiBear,tt1302067
Yojimbo,tt0055630
Yolki,tt1782568
YongaryMonsterFromTheDeep,tt0061549
YorTheHunterFromTheFuture,tt0084935
YouAgain,tt1414382
YouDontMessWithTheZohan,tt0960144
YouMeAndDupree,tt0463034
YouOnlyLiveTwice,tt0062512
YouWereNeverReallyHere,tt5742374
YouWillMeetATallDarkStranger,tt1182350
YoungAdult,tt1625346
YoungAtHeart1955,tt0047688
YoungAtHeart2007,tt1047007
YoungBess,tt0046564
YoungCassidy,tt0059930
YoungDoctorsInLove,tt0084938
YoungEinstein,tt0096486
YoungFrankenstein,tt0072431
YoungGuns,tt0096487
YoungGunsII,tt0100994
YoungMrLincoln,tt0032155
YoungSherlockHolmes,tt0090357
YourHighness,tt1240982
YourSistersSister,tt1742336
YoureNext,tt1853739
YoursMineAndOurs,tt0063829
YouthInRevolt,tt0403702
YouthOfTheBeast,tt0057697
YouveGotMail,tt0128853
Yuma,tt0050915
Z,tt0065234
ZForZachariah,tt1598642
ZPG,tt0069530
ZabriskiePoint,tt0066601
ZackAndMiriMakeAPorno,tt1007028
Zapped,tt3544734
Zardoz,tt0070948
Zathura,tt0406375
Zaza,tt0014636
ZazieDansLeMetro,tt0054494
Zebraman,tt0388556
Zelig,tt0086637
ZeroDarkThirty,tt1790885
ZeroDay,tt0365960
ZeroEffect,tt0120906
ZeroFocus,tt0227858
ZeroForConduct,tt0024803
ZeroMotivation,tt3576084
ZeusAndRoxanne,tt0120550
ZiegfeldGirl,tt0034415
Zodiac,tt0443706
ZombieApocalypse,tt1876547
ZombieAssToiletOfTheDead,tt2061869
ZombieHolocaust,tt0079788
ZombieNightmare,tt0092297
ZombieStrippers,tt0960890
ZombieWars,tt0897444
Zombieland,tt1156398
ZombiesZombiesZombies,tt0906788
Zookeeper,tt1222817
Zoolander,tt0196229
Zoolander2,tt1608290
ZoomAcademyForSuperheroes,tt0383060
Zoombies,tt5340882
ZorbaTheGreek,tt0057831
ZorroTheGayBlade,tt0083366
Zulu,tt0058777
Zurich,tt3257638
Zwartboek,tt0389557
Zygote,tt7078780
ZyzzyxRoad,tt0429277
